<?xml version="1.0" encoding="UTF-8"?>
<jcr:root xmlns:sling="http://sling.apache.org/jcr/sling/1.0" xmlns:cq="http://www.day.com/jcr/cq/1.0" xmlns:jcr="http://www.jcp.org/jcr/1.0" xmlns:nt="http://www.jcp.org/jcr/nt/1.0" xmlns:granite="http://www.adobe.com/jcr/granite/1.0"
    jcr:primaryType="nt:unstructured"
    jcr:title="Button"
    sling:hideChildren="*"
    helpPath="https://app.knapsack.cloud/site/troweprice/latest/pattern/standard-button?subPageId=kZE3JUxEYx"
    sling:resourceType="cq/gui/components/authoring/dialog"
    extraClientlibs="[acs-commons.widgets.showhidedialogfields]">
    <content
            jcr:primaryType="nt:unstructured"
            sling:resourceType="granite/ui/components/coral/foundation/container">
        <items jcr:primaryType="nt:unstructured">
            <tabs
                    jcr:primaryType="nt:unstructured"
                    sling:resourceType="granite/ui/components/coral/foundation/tabs"
                    maximized="{Boolean}false">
                <items jcr:primaryType="nt:unstructured">
                    <properties
                        jcr:primaryType="nt:unstructured"
                        jcr:title="Properties"
                        sling:resourceType="granite/ui/components/coral/foundation/container">
                        <items jcr:primaryType="nt:unstructured">
                            <columns
                                jcr:primaryType="nt:unstructured"
                                sling:resourceType="granite/ui/components/coral/foundation/container">
                                <items jcr:primaryType="nt:unstructured">
                                    <column
                                        jcr:primaryType="nt:unstructured"
                                        sling:resourceType="granite/ui/components/coral/foundation/container">
                                        <items jcr:primaryType="nt:unstructured">
                                            <buttonVariant
                                                jcr:primaryType="nt:unstructured"
                                                sling:resourceType="granite/ui/components/coral/foundation/form/select"
                                                fieldDescription="Select a button variant"
                                                fieldLabel="Button Variant"
                                                name="./buttonVariant">
                                                <items jcr:primaryType="nt:unstructured">
                                                    <primary
                                                        jcr:primaryType="nt:unstructured"
                                                        text="Primary"
                                                        value="primary"/>
                                                    <secondary
                                                        jcr:primaryType="nt:unstructured"
                                                        text="Secondary"
                                                        value="secondary"/>
                                                    <tertiary
                                                        jcr:primaryType="nt:unstructured"
                                                        text="Tertiary"
                                                        value="tertiary"/>
                                                    <positive
                                                        jcr:primaryType="nt:unstructured"
                                                        text="Positive"
                                                        value="positive"/>
                                                    <negative
                                                        jcr:primaryType="nt:unstructured"
                                                        text="Negative"
                                                        value="negative"/>
                                                </items>
                                            </buttonVariant>
                                            <buttonScale
                                                jcr:primaryType="nt:unstructured"
                                                sling:resourceType="granite/ui/components/coral/foundation/form/select"
                                                sling:orderBefore="buttonLink"
                                                fieldDescription="Select a button scale"
                                                fieldLabel="Button Scale"
                                                name="./buttonScale">
                                                <items jcr:primaryType="nt:unstructured">
                                                    <mini
                                                        jcr:primaryType="nt:unstructured"
                                                        text="Mini"
                                                        value="mini"/>
                                                    <normal
                                                        jcr:primaryType="nt:unstructured"
                                                        text="Normal"
                                                        value="normal"/>
                                                    <jumbo
                                                        jcr:primaryType="nt:unstructured"
                                                        text="Jumbo"
                                                        value="jumbo"/>
                                                </items>
                                            </buttonScale>
                                            <buttonDisable
                                                    jcr:primaryType="nt:unstructured"
                                                    sling:resourceType="granite/ui/components/coral/foundation/form/checkbox"
                                                    fieldLabel="Disable Button"
                                                    fieldDescription="Check for disabled button"
                                                    name="./buttonDisable"
                                                    text="Disable Button"
                                                    value="{Boolean}true"
                                                    uncheckedValue="{Boolean}false" />
                                        </items>
                                    </column>
                                </items>
                            </columns>
                        </items>
                    </properties>
                    <asset
                            jcr:primaryType="nt:unstructured"
                            jcr:title="Asset"
                            sling:resourceType="granite/ui/components/coral/foundation/container">
                        <items jcr:primaryType="nt:unstructured">
                            <columns
                                    jcr:primaryType="nt:unstructured"
                                    sling:resourceType="granite/ui/components/coral/foundation/container">
                                <items jcr:primaryType="nt:unstructured">
                                    <column
                                            jcr:primaryType="nt:unstructured"
                                            sling:resourceType="granite/ui/components/coral/foundation/container">
                                        <items jcr:primaryType="nt:unstructured">
                                            <useIconography
                                                jcr:primaryType="nt:unstructured"
                                                sling:resourceType="granite/ui/components/coral/foundation/form/checkbox"
                                                fieldLabel="Use Beacon Iconography Component"
                                                name="./useIconography"
                                                value="{Boolean}true"
                                                uncheckedValue="{Boolean}false"
                                                text="Use Iconography (Available with foundation version 4.2.0+)"
                                                granite:class="cq-dialog-showhide">
                                                <granite:data
                                                        jcr:primaryType="nt:unstructured"
                                                        acs-cq-dialog-dropdown-checkbox-showhide=""
                                                        acs-cq-dialog-dropdown-checkbox-showhide-target=".showhide-iconography"/>
                                            </useIconography>
                                            <iconographyButton
                                                    jcr:primaryType="nt:unstructured"
                                                    sling:resourceType="granite/ui/components/coral/foundation/form/select"
                                                    fieldDescription="Select an icon"
                                                    fieldLabel="Icon"
                                                    name="./iconographyName"
                                                    emptyOption="true"
                                                    granite:class="showhide-iconography">
                                                <granite:data
                                                        jcr:primaryType="nt:unstructured"
                                                        acs-checkboxshowhidetargetvalue="true"/>
                                                <datasource
                                                        jcr:primaryType="nt:unstructured"
                                                        sling:resourceType="/apps/trp-compose/components/icon/datasource/icon-datasource.html"/>
                                            </iconographyButton>
                                            <iconographyLabel
                                                    jcr:primaryType="nt:unstructured"
                                                    sling:resourceType="granite/ui/components/coral/foundation/form/textfield"
                                                    emptyText=""
                                                    fieldDescription="Icons are assumed to be decorative by default. Providing a label will expose it to screen readers with this label."
                                                    fieldLabel="Icon Label"
                                                    name="./iconographyLabel"
                                                    required="{Boolean}false"
                                                    granite:class="showhide-iconography">
                                                <granite:data
                                                        jcr:primaryType="nt:unstructured"
                                                        acs-checkboxshowhidetargetvalue="true"/>
                                            </iconographyLabel>
                                            <iconographySize
                                                    jcr:primaryType="nt:unstructured"
                                                    sling:resourceType="granite/ui/components/coral/foundation/form/select"
                                                    sling:orderBefore="buttonId"
                                                    fieldDescription="Select an icon size"
                                                    fieldLabel="Icon Size"
                                                    name="./iconographySize"
                                                    value="s"
                                                    granite:class="showhide-iconography">
                                                <granite:data
                                                        jcr:primaryType="nt:unstructured"
                                                        acs-checkboxshowhidetargetvalue="true"/>
                                                <items jcr:primaryType="nt:unstructured">
                                                    <small
                                                            jcr:primaryType="nt:unstructured"
                                                            text="Small"
                                                            value="s"/>
                                                    <medium
                                                            jcr:primaryType="nt:unstructured"
                                                            text="Medium"
                                                            value="m"/>
                                                    <large
                                                            jcr:primaryType="nt:unstructured"
                                                            text="Large"
                                                            value="l"/>
                                                </items>
                                            </iconographySize>
                                            <buttonIcon
                                                    jcr:primaryType="nt:unstructured"
                                                    sling:resourceType="cq/gui/components/authoring/dialog/fileupload"
                                                    sling:orderBefore="buttonId"
                                                    class="cq-droptarget"
                                                    fieldLabel="Icon (18x18 SVG recommended)"
                                                    fieldDescription="Icon for button"
                                                    fileNameParameter="./iconName"
                                                    fileReferenceParameter="./iconReference"
                                                    mimeTypes="[image/gif,image/png,image/svg+xml]"
                                                    name="./iconFile"
                                                    granite:class="showhide-iconography">
                                                <granite:data
                                                        jcr:primaryType="nt:unstructured"
                                                        acs-checkboxshowhidetargetvalue=""/>
                                            </buttonIcon>
                                            <iconAlign
                                                    jcr:primaryType="nt:unstructured"
                                                    sling:resourceType="granite/ui/components/coral/foundation/form/select"
                                                    sling:orderBefore="buttonId"
                                                    fieldDescription="Select an icon alignment"
                                                    fieldLabel="Icon Alignment"
                                                    name="./iconAlign"
                                                    value="left">
                                                <items jcr:primaryType="nt:unstructured">
                                                    <left
                                                            jcr:primaryType="nt:unstructured"
                                                            text="Left"
                                                            value="left"/>
                                                    <right
                                                            jcr:primaryType="nt:unstructured"
                                                            text="Right"
                                                            value="right"/>
                                                </items>
                                            </iconAlign>
                                        </items>
                                    </column>
                                </items>
                            </columns>
                        </items>
                    </asset>
                    <content
                            jcr:primaryType="nt:unstructured"
                            jcr:title="Content"
                            sling:resourceType="granite/ui/components/coral/foundation/container">
                        <items jcr:primaryType="nt:unstructured">
                            <columns
                                    jcr:primaryType="nt:unstructured"
                                    sling:resourceType="granite/ui/components/coral/foundation/container">
                                <items jcr:primaryType="nt:unstructured">
                                    <column
                                            jcr:primaryType="nt:unstructured"
                                            sling:resourceType="granite/ui/components/coral/foundation/container">
                                        <items jcr:primaryType="nt:unstructured">
                                            <buttonText
                                                    jcr:primaryType="nt:unstructured"
                                                    sling:resourceType="granite/ui/components/coral/foundation/form/textfield"
                                                    emptyText=""
                                                    fieldDescription="Define button text."
                                                    fieldLabel="Button Text"
                                                    name="./text"
                                                    required="{Boolean}true"/>
                                            <buttonLink
                                                    jcr:primaryType="nt:unstructured"
                                                    sling:resourceType="cq/gui/components/coral/common/form/pagefield"
                                                    fieldDescription="Link to a content page, external URL or page anchor."
                                                    fieldLabel="Button Link"
                                                    name="./link"/>
                                            <buttonId
                                                    jcr:primaryType="nt:unstructured"
                                                    sling:resourceType="granite/ui/components/coral/foundation/form/textfield"
                                                    fieldDescription="ID for Nav Item"
                                                    fieldLabel="ID"
                                                    name="./id"/>
                                            <buttonTarget
                                                    jcr:primaryType="nt:unstructured"
                                                    sling:resourceType="granite/ui/components/coral/foundation/form/select"
                                                    fieldDescription="Select a button link target"
                                                    fieldLabel="Button Link Target"
                                                    name="./buttonTarget">
                                                <items jcr:primaryType="nt:unstructured">
                                                    <self
                                                            jcr:primaryType="nt:unstructured"
                                                            text="Self (default, opens link in same tab)"
                                                            value="_self"/>
                                                    <blank
                                                            jcr:primaryType="nt:unstructured"
                                                            text="Blank (opens link in new tab)"
                                                            value="_blank"/>
                                                    <parent
                                                            jcr:primaryType="nt:unstructured"
                                                            text="Parent (opens link in parent window)"
                                                            value="_parent"/>
                                                    <top
                                                            jcr:primaryType="nt:unstructured"
                                                            text="Top (opens link in full body of the window)"
                                                            value="_top"/>
                                                </items>
                                            </buttonTarget>
                                        </items>
                                    </column>
                                </items>
                            </columns>
                        </items>
                    </content>
                    <performance
                            jcr:primaryType="nt:unstructured"
                            jcr:title="Performance"
                            sling:resourceType="granite/ui/components/coral/foundation/fixedcolumns"
                            margin="{Boolean}true">
                        <items jcr:primaryType="nt:unstructured">
                            <columns
                                    jcr:primaryType="nt:unstructured"
                                    sling:resourceType="granite/ui/components/coral/foundation/fixedcolumns"
                                    margin="{Boolean}true">
                                <items jcr:primaryType="nt:unstructured">
                                    <column
                                            jcr:primaryType="nt:unstructured"
                                            sling:resourceType="granite/ui/components/coral/foundation/container">
                                        <items jcr:primaryType="nt:unstructured">
                                            <deferDefinedDisabled
                                                    jcr:primaryType="nt:unstructured"
                                                    sling:resourceType="granite/ui/components/coral/foundation/form/checkbox"
                                                    fieldLabel="Disable Until Defined"
                                                    fieldDescription="By Default rendering is deferred until component is defined,Check to disable it"
                                                    name="./deferDefinedDisabled"
                                                    text="Disable Defer Defined Option"
                                                    value="{Boolean}true"
                                                    uncheckedValue="{Boolean}false" />
                                        </items>
                                    </column>
                                </items>
                            </columns>
                        </items>
                    </performance>
                    <style jcr:primaryType="nt:unstructured"
                           jcr:title="Style"
                           sling:resourceType="granite/ui/components/coral/foundation/fixedcolumns"
                           margin="{Boolean}true">
                        <items jcr:primaryType="nt:unstructured">
                            <columns jcr:primaryType="nt:unstructured" sling:resourceType="granite/ui/components/coral/foundation/container">
                                <items jcr:primaryType="nt:unstructured">
                                    <mode
                                            jcr:primaryType="nt:unstructured"
                                            sling:resourceType="granite/ui/components/coral/foundation/form/select"
                                            fieldLabel="Mode"
                                            name="./mode"
                                            value="beacon-on-light"
                                            required="{Boolean}false">
                                        <items jcr:primaryType="nt:unstructured">
                                            <none jcr:primaryType="nt:unstructured" text="None" value=""/>
                                            <light jcr:primaryType="nt:unstructured" text="Light" value="beacon-on-light"/>
                                            <lighter jcr:primaryType="nt:unstructured" text="Lighter" value="beacon-on-lighter"/>
                                            <dark jcr:primaryType="nt:unstructured" text="Dark" value="beacon-on-dark"/>
                                            <darker jcr:primaryType="nt:unstructured" text="Darker" value="beacon-on-darker"/>
                                        </items>
                                    </mode>
                                    <motion
                                            jcr:primaryType="nt:unstructured"
                                            sling:resourceType="granite/ui/components/coral/foundation/form/select"
                                            fieldLabel="Motion"
                                            name="./motion"
                                            value=""
                                            required="{Boolean}false">
                                        <items jcr:primaryType="nt:unstructured">
                                            <inherit jcr:primaryType="nt:unstructured" text="Inherit" value=""/>
                                            <disabled jcr:primaryType="nt:unstructured" text="Disabled" value="disabled"/>
                                            <enabled jcr:primaryType="nt:unstructured" text="Enabled" value="enabled"/>
                                        </items>
                                    </motion>
                                </items>
                            </columns>
                        </items>
                    </style>
                </items>
            </tabs>
        </items>
    </content>
</jcr:root>
