<?xml version="1.0" encoding="UTF-8"?>
<jcr:root xmlns:sling="http://sling.apache.org/jcr/sling/1.0" xmlns:cq="http://www.day.com/jcr/cq/1.0" xmlns:jcr="http://www.jcp.org/jcr/1.0" xmlns:nt="http://www.jcp.org/jcr/nt/1.0"
          jcr:primaryType="nt:unstructured"
          jcr:title="ID-Card V1"
          helpPath="https://app.knapsack.cloud/site/troweprice/latest/pattern/id-card?subPageId=ffkzilTRdL"
          sling:resourceType="cq/gui/components/authoring/dialog">
    <content
            jcr:primaryType="nt:unstructured"
            sling:resourceType="granite/ui/components/coral/foundation/container">
        <items jcr:primaryType="nt:unstructured">
            <tabs
                    jcr:primaryType="nt:unstructured"
                    sling:resourceType="granite/ui/components/coral/foundation/tabs"
                    maximized="{Boolean}false">
                <items jcr:primaryType="nt:unstructured"
                       sling:hideChildren="[asset,accessibility,link]">
                    <properties
                            jcr:primaryType="nt:unstructured"
                            jcr:title="Properties"
                            sling:resourceType="granite/ui/components/coral/foundation/container"
                            margin="{Boolean}true">
                        <items jcr:primaryType="nt:unstructured">
                            <columns
                                    jcr:primaryType="nt:unstructured"
                                    sling:resourceType="granite/ui/components/coral/foundation/fixedcolumns"
                                    margin="{Boolean}true">
                                <items jcr:primaryType="nt:unstructured">
                                    <column
                                            jcr:primaryType="nt:unstructured"
                                            sling:resourceType="granite/ui/components/coral/foundation/container">
                                        <items jcr:primaryType="nt:unstructured">
                                            <scale
                                                    jcr:primaryType="nt:unstructured"
                                                    sling:resourceType="granite/ui/components/coral/foundation/form/select"
                                                    fieldDescription="Choose a size variant."
                                                    fieldLabel="Scale"
                                                    name="./scale">
                                                <items jcr:primaryType="nt:unstructured">
                                                    <normal
                                                            jcr:primaryType="nt:unstructured"
                                                            text="Normal"
                                                            value="normal" />
                                                    <mini
                                                            jcr:primaryType="nt:unstructured"
                                                            text="Mini"
                                                            value="mini" />
                                                    <jumbo
                                                            jcr:primaryType="nt:unstructured"
                                                            text="Jumbo"
                                                            value="jumbo" />
                                                </items>
                                            </scale>
                                            <freeFloating
                                                    jcr:primaryType="nt:unstructured"
                                                    sling:resourceType="granite/ui/components/coral/foundation/form/checkbox"
                                                    text="Free Floating"
                                                    name="./freeFloating"
                                                    uncheckedValue="false"
                                                    value="true"/>
                                            <freeFloating-TypeHint
                                                    jcr:primaryType="nt:unstructured"
                                                    sling:resourceType="granite/ui/components/foundation/form/hidden"
                                                    name="./freeFloating@TypeHint"
                                                    value="Boolean"/>
                                        </items>
                                    </column>
                                </items>
                            </columns>
                        </items>
                    </properties>
                    <content
                            jcr:primaryType="nt:unstructured"
                            jcr:title="Content"
                            sling:resourceType="granite/ui/components/coral/foundation/fixedcolumns"
                            margin="{Boolean}true">
                        <items jcr:primaryType="nt:unstructured">
                            <columns
                                    jcr:primaryType="nt:unstructured"
                                    sling:resourceType="granite/ui/components/coral/foundation/container">
                                <items jcr:primaryType="nt:unstructured">
                                    <firstName
                                            jcr:primaryType="nt:unstructured"
                                            sling:resourceType="granite/ui/components/coral/foundation/form/textfield"
                                            fieldLabel="First Name"
                                            name="./firstName"
                                            required="{Boolean}false"/>
                                    <lastName
                                            jcr:primaryType="nt:unstructured"
                                            sling:resourceType="granite/ui/components/coral/foundation/form/textfield"
                                            fieldLabel="Last Name"
                                            name="./lastName"
                                            required="{Boolean}false"/>
                                    <jobTitle
                                            jcr:primaryType="nt:unstructured"
                                            sling:resourceType="granite/ui/components/coral/foundation/form/textfield"
                                            fieldLabel="Job Title"
                                            name="./jobTitle"
                                            required="{Boolean}false"/>
                                    <avatarUrl
                                            jcr:primaryType="nt:unstructured"
                                            sling:resourceType="granite/ui/components/coral/foundation/form/pathfield"
                                            fieldLabel="Avatar URL (95x95 px recommended)"
                                            name="./avatarUrl"
                                            required="{Boolean}false"
                                            rootPath="/content/dam"
                                            droppable="{Boolean}true"/>
                                    <noAvatar
                                            jcr:primaryType="nt:unstructured"
                                            sling:resourceType="granite/ui/components/coral/foundation/form/checkbox"
                                            text="Hide Avatar"
                                            name="./noAvatar"
                                            uncheckedValue="false"
                                            value="true">
                                    </noAvatar>
                                    <noAvatar-TypeHint
                                            jcr:primaryType="nt:unstructured"
                                            sling:resourceType="granite/ui/components/foundation/form/hidden"
                                            name="./noAvatar@TypeHint"
                                            value="Boolean"/>
                                    <bioUrl
                                            jcr:primaryType="nt:unstructured"
                                            sling:resourceType="granite/ui/components/coral/foundation/form/textfield"
                                            fieldLabel="Bio URL"
                                            name="./bioUrl"
                                            required="{Boolean}false"/>
                                    <bio
                                            jcr:primaryType="nt:unstructured"
                                            sling:resourceType="cq/gui/components/authoring/dialog/richtext"
                                            fieldDescription="Profile information.for the ID card, only available with Foundation V3.0.0 or later."
                                            fieldLabel="Bio Description"
                                            name="./bio"
                                            removeSingleParagraphContainer="{Boolean}true"
                                            externalStyleSheets="[/apps/trp-core/components/content/text/clientlibs/clientlib-rte-styles.css]"
                                            useFixedInlineToolbar="{Boolean}true">
                                        <rtePlugins
                                                jcr:primaryType="nt:unstructured"
                                                sling:resourceSuperType="/apps/trp-compose/components/common/shared-rte-dialog/richtext-config-nano/rtePlugins"/>
                                        <uiSettings
                                                jcr:primaryType="nt:unstructured"
                                                sling:resourceSuperType="/apps/trp-compose/components/common/shared-rte-dialog/richtext-config-nano/uiSettings"/>
                                    </bio>
                                </items>
                            </columns>
                        </items>
                    </content>
                </items>
            </tabs>
        </items>
    </content>
</jcr:root>
