<?xml version="1.0" encoding="UTF-8"?>
<jcr:root xmlns:sling="http://sling.apache.org/jcr/sling/1.0" xmlns:granite="http://www.adobe.com/jcr/granite/1.0" xmlns:cq="http://www.day.com/jcr/cq/1.0" xmlns:jcr="http://www.jcp.org/jcr/1.0" xmlns:nt="http://www.jcp.org/jcr/nt/1.0"
    jcr:primaryType="nt:unstructured"
    jcr:title="Bar Chart"
    helpPath="https://app.knapsack.cloud/site/troweprice/latest/pattern/bar-chart?subPageId=PG40kpiXAn"
    sling:resourceType="cq/gui/components/authoring/dialog">
    <content
        granite:class="cmp-image__editor"
        jcr:primaryType="nt:unstructured"
        sling:resourceType="granite/ui/components/coral/foundation/container">
        <items jcr:primaryType="nt:unstructured">
            <tabs
                jcr:primaryType="nt:unstructured"
                sling:resourceType="granite/ui/components/coral/foundation/tabs"
                maximized="{Boolean}true">
                <items
                    jcr:primaryType="nt:unstructured"
                    sling:hideChildren="[accessibility,link]">
                    <properties
                        jcr:primaryType="nt:unstructured"
                        jcr:title="Properties"
                        sling:resourceType="granite/ui/components/coral/foundation/container"
                        margin="{Boolean}true">
                        <items jcr:primaryType="nt:unstructured">
                            <columns
                                jcr:primaryType="nt:unstructured"
                                sling:resourceType="granite/ui/components/coral/foundation/fixedcolumns"
                                margin="{Boolean}true">
                                <items jcr:primaryType="nt:unstructured">
                                    <column
                                        jcr:primaryType="nt:unstructured"
                                        sling:resourceType="granite/ui/components/coral/foundation/container">
                                        <items jcr:primaryType="nt:unstructured">
                                            <variant
                                                jcr:primaryType="nt:unstructured"
                                                sling:resourceType="granite/ui/components/coral/foundation/form/select"
                                                fieldDescription="The direction that the bars should flow."
                                                fieldLabel="Variant"
                                                name="./variant"
                                                required="{Boolean}false"
                                                value="default">
                                                <items jcr:primaryType="nt:unstructured">
                                                    <horizontal
                                                        jcr:primaryType="nt:unstructured"
                                                        text="Horizontal"
                                                        value="horizontal"/>
                                                    <vertical
                                                        jcr:primaryType="nt:unstructured"
                                                        text="Vertical"
                                                        value="vertical"/>
                                                </items>
                                            </variant>
                                            <stacking
                                                    jcr:primaryType="nt:unstructured"
                                                    sling:resourceType="granite/ui/components/coral/foundation/form/select"
                                                    fieldDescription="Determines how bar or column charts will stack series"
                                                    fieldLabel="Chart Stacking"
                                                    name="./stacking"
                                                    required="{Boolean}false"
                                                    value="">
                                                <items jcr:primaryType="nt:unstructured">
                                                    <default
                                                            jcr:primaryType="nt:unstructured"
                                                            text="No Stacking"
                                                            value=""/>
                                                    <normal
                                                            jcr:primaryType="nt:unstructured"
                                                            text="Stacking Normal"
                                                            value="normal"/>
                                                    <percent
                                                            jcr:primaryType="nt:unstructured"
                                                            text="Stacking Percent"
                                                            value="percent"/>
                                                </items>
                                            </stacking>
                                            <stockChart
                                                    jcr:primaryType="nt:unstructured"
                                                    sling:resourceType="granite/ui/components/coral/foundation/form/checkbox"
                                                    fieldDescription="Creates the chart as a Stock chart instead of a standard chart."
                                                    text="Transform as a Stock chart (Display Chart Navigation Controls)"
                                                    name="./stockChart"
                                                    uncheckedValue="false"
                                                    value="true"
                                                    required="{Boolean}false"/>
                                            <stockChart-TypeHint
                                                    jcr:primaryType="nt:unstructured"
                                                    sling:resourceType="granite/ui/components/foundation/form/hidden"
                                                    name="./stockChart@TypeHint"
                                                    value="Boolean"/>
                                        </items>
                                    </column>
                                </items>
                            </columns>
                        </items>
                    </properties>
                </items>
            </tabs>
        </items>
    </content>
</jcr:root>
