<?xml version="1.0" encoding="UTF-8"?>
<jcr:root xmlns:sling="http://sling.apache.org/jcr/sling/1.0" xmlns:granite="http://www.adobe.com/jcr/granite/1.0" xmlns:cq="http://www.day.com/jcr/cq/1.0" xmlns:jcr="http://www.jcp.org/jcr/1.0" xmlns:nt="http://www.jcp.org/jcr/nt/1.0"
    jcr:primaryType="nt:unstructured"
    jcr:title="Meter Chart"
    helpPath="https://app.knapsack.cloud/site/troweprice/latest/pattern/bar-chart?subPageId=PG40kpiXAn"
    sling:resourceType="cq/gui/components/authoring/dialog">
    <content
        granite:class="cmp-image__editor"
        jcr:primaryType="nt:unstructured"
        sling:resourceType="granite/ui/components/coral/foundation/container">
        <items jcr:primaryType="nt:unstructured">
            <tabs
                jcr:primaryType="nt:unstructured"
                sling:resourceType="granite/ui/components/coral/foundation/tabs"
                maximized="{Boolean}true">
                <items
                    jcr:primaryType="nt:unstructured"
                    sling:hideChildren="[accessibility,link]">
                    <properties
                        jcr:primaryType="nt:unstructured"
                        jcr:title="Properties"
                        sling:resourceType="granite/ui/components/coral/foundation/container"
                        margin="{Boolean}true">
                        <items jcr:primaryType="nt:unstructured">
                            <columns
                                jcr:primaryType="nt:unstructured"
                                sling:resourceType="granite/ui/components/coral/foundation/fixedcolumns"
                                margin="{Boolean}true">
                                <items jcr:primaryType="nt:unstructured">
                                    <column
                                        jcr:primaryType="nt:unstructured"
                                        sling:resourceType="granite/ui/components/coral/foundation/container">
                                        <items jcr:primaryType="nt:unstructured">
                                            <scale
                                                jcr:primaryType="nt:unstructured"
                                                sling:resourceType="granite/ui/components/coral/foundation/form/select"
                                                fieldDescription="Determines the height of the meter chart series."
                                                fieldLabel="Scale"
                                                name="./scale"
                                                required="{Boolean}false"
                                                value="normal">
                                                <items jcr:primaryType="nt:unstructured">
                                                    <normal
                                                        jcr:primaryType="nt:unstructured"
                                                        text="Normal"
                                                        value="normal"/>
                                                    <mini
                                                        jcr:primaryType="nt:unstructured"
                                                        text="Mini"
                                                        value="mini"/>
                                                    <jumbo
                                                        jcr:primaryType="nt:unstructured"
                                                        text="Jumbo"
                                                        value="jumbo"/>
                                                </items>
                                            </scale>
                                            <stacking
                                                    jcr:primaryType="nt:unstructured"
                                                    sling:resourceType="granite/ui/components/coral/foundation/form/select"
                                                    fieldDescription="Determines how bar or column charts will stack series"
                                                    fieldLabel="Chart Stacking"
                                                    name="./stacking"
                                                    required="{Boolean}false"
                                                    value="">
                                                <items jcr:primaryType="nt:unstructured">
                                                    <default
                                                            jcr:primaryType="nt:unstructured"
                                                            text="No Stacking"
                                                            value=""/>
                                                    <normal
                                                            jcr:primaryType="nt:unstructured"
                                                            text="Stacking Normal"
                                                            value="normal"/>
                                                    <percent
                                                            jcr:primaryType="nt:unstructured"
                                                            text="Stacking Percent"
                                                            value="percent"/>
                                                </items>
                                            </stacking>
                                            <percentage
                                                    jcr:primaryType="nt:unstructured"
                                                    sling:resourceType="granite/ui/components/coral/foundation/form/checkbox"
                                                    fieldDescription="Displays the % sign if true."
                                                    text="Display as Percentage sign"
                                                    name="./percentage"
                                                    uncheckedValue="false"
                                                    value="true"
                                                    required="{Boolean}false"/>
                                            <percentage-TypeHint
                                                    jcr:primaryType="nt:unstructured"
                                                    sling:resourceType="granite/ui/components/foundation/form/hidden"
                                                    name="./percentage@TypeHint"
                                                    value="Boolean"/>
                                            <decimal
                                                    jcr:primaryType="nt:unstructured"
                                                    sling:resourceType="granite/ui/components/coral/foundation/form/checkbox"
                                                    fieldDescription="If true, it displays the values of labels, tooltips, and legends to one decimal place"
                                                    text="Decimal"
                                                    name="./decimal"
                                                    uncheckedValue="false"
                                                    value="true"
                                                    required="{Boolean}false"/>
                                            <decimal-TypeHint
                                                    jcr:primaryType="nt:unstructured"
                                                    sling:resourceType="granite/ui/components/foundation/form/hidden"
                                                    name="./decimal@TypeHint"
                                                    value="Boolean"/>
                                        </items>
                                    </column>
                                </items>
                            </columns>
                        </items>
                    </properties>
                <content
                        jcr:primaryType="nt:unstructured"
                        jcr:title="Content"
                        sling:resourceType="granite/ui/components/coral/foundation/container"
                        margin="{Boolean}true">
                    <items jcr:primaryType="nt:unstructured">
                        <columns
                                jcr:primaryType="nt:unstructured"
                                sling:resourceType="granite/ui/components/coral/foundation/fixedcolumns"
                                margin="{Boolean}true">
                            <items jcr:primaryType="nt:unstructured">
                                <column
                                        jcr:primaryType="nt:unstructured"
                                        sling:resourceType="granite/ui/components/coral/foundation/container">
                                    <items jcr:primaryType="nt:unstructured">
                                        <x-axis-label
                                                jcr:primaryType="nt:unstructured"
                                                sling:resourceType="granite/ui/components/coral/foundation/form/textfield"
                                                defaultValue="Label 1"
                                                fieldLabel="Starting Label"
                                                name="./label1"/>
                                        <y-axis-label
                                                jcr:primaryType="nt:unstructured"
                                                sling:resourceType="granite/ui/components/coral/foundation/form/textfield"
                                                defaultValue="Label 2"
                                                fieldLabel="Ending Label"
                                                name="./label2"/>
                                     </items>
                                </column>
                            </items>
                        </columns>
                    </items>
                </content>
                </items>
            </tabs>
        </items>
    </content>
</jcr:root>
