<?xml version="1.0" encoding="UTF-8"?>
<jcr:root xmlns:sling="http://sling.apache.org/jcr/sling/1.0" xmlns:granite="http://www.adobe.com/jcr/granite/1.0" xmlns:cq="http://www.day.com/jcr/cq/1.0" xmlns:jcr="http://www.jcp.org/jcr/1.0" xmlns:nt="http://www.jcp.org/jcr/nt/1.0"
          jcr:primaryType="nt:unstructured"
          jcr:title="Video"
          sling:resourceType="cq/gui/components/authoring/dialog">
    <content
            granite:class="video-tile-tabs"
            jcr:primaryType="nt:unstructured"
            sling:resourceType="granite/ui/components/coral/foundation/container">
        <items jcr:primaryType="nt:unstructured">
            <tabs
                    jcr:primaryType="nt:unstructured"
                    sling:resourceType="granite/ui/components/coral/foundation/tabs"
                    maximized="{Boolean}true">
                <items jcr:primaryType="nt:unstructured"
                       sling:hideChildren="[customProperties]">
                    <content
                            jcr:primaryType="nt:unstructured"
                            jcr:title="Content"
                            sling:resourceType="granite/ui/components/coral/foundation/fixedcolumns"
                            margin="{Boolean}true">
                        <items jcr:primaryType="nt:unstructured">
                            <column
                                    jcr:primaryType="nt:unstructured"
                                    sling:resourceType="granite/ui/components/coral/foundation/container">
                                <items jcr:primaryType="nt:unstructured"
                                       sling:hideChildren="[videoType,mediaType,playListContainer,videoContainer,playlistID]">
                                    <video-select
                                            jcr:primaryType="nt:unstructured"
                                            sling:resourceType="granite/ui/components/coral/foundation/form/select"
                                            sling:orderBefore="autoStart"
                                            emptyOption="true"
                                            fieldLabel="Video"
                                            maxlength="255"
                                            name="./videoId">
                                        <datasource
                                                jcr:primaryType="nt:unstructured"
                                                sling:resourceType="/apps/trp-compose/components/insights/datasource/video/video-datasource.html"/>
                                    </video-select>
                                    <autoStart
                                            jcr:primaryType="nt:unstructured"
                                            sling:resourceType="granite/ui/components/coral/foundation/form/checkbox"
                                            fieldLabel="Auto play"
                                            name="./autoStart"
                                            text="Auto play"
                                            uncheckedValue="{Boolean}false"
                                            value="{Boolean}true"/>
                                </items>
                            </column>
                        </items>
                    </content>
                </items>
            </tabs>
        </items>
    </content>
</jcr:root>
