<?xml version="1.0" encoding="UTF-8"?>
<jcr:root xmlns:sling="http://sling.apache.org/jcr/sling/1.0" xmlns:jcr="http://www.jcp.org/jcr/1.0"
          xmlns:nt="http://www.jcp.org/jcr/nt/1.0" xmlns:cq="http://www.day.com/jcr/cq/1.0"
          xmlns:granite="http://www.adobe.com/jcr/granite/1.0"
          jcr:primaryType="nt:unstructured"
          jcr:title="Tabs V1"
          sling:resourceType="cq/gui/components/authoring/dialog"
          extraClientlibs="[trp-compose.editor.common,acs-commons.widgets.showhidedialogfields,core.wcm.components.commons.editor.dialog.childreneditor.v1,core.wcm.components.tabs.v1.editor]"
          trackingFeature="core-components:tabs:v1">
    <content
            jcr:primaryType="nt:unstructured"
            granite:class="cmp-tabs__editor">
        <items jcr:primaryType="nt:unstructured">
            <tabs jcr:primaryType="nt:unstructured">
                <items jcr:primaryType="nt:unstructured">
                    <properties
                            jcr:primaryType="nt:unstructured"
                            jcr:title="Properties"
                            sling:orderBefore="cq:accessibility"
                            sling:resourceType="granite/ui/components/coral/foundation/container"
                            maximized="{Boolean}true">
                        <items jcr:primaryType="nt:unstructured">
                            <columns
                                    jcr:primaryType="nt:unstructured"
                                    sling:resourceType="granite/ui/components/coral/foundation/fixedcolumns"
                                    margin="{Boolean}true">
                                <items jcr:primaryType="nt:unstructured">
                                    <column
                                            jcr:primaryType="nt:unstructured"
                                            sling:resourceType="granite/ui/components/coral/foundation/container">
                                        <items jcr:primaryType="nt:unstructured">
                                            <variant
                                                    jcr:primaryType="nt:unstructured"
                                                    sling:resourceType="granite/ui/components/coral/foundation/form/select"
                                                    fieldLabel="Variant"
                                                    name="./variant"
                                                    required="{Boolean}true">
                                                <items jcr:primaryType="nt:unstructured">
                                                    <primary jcr:primaryType="nt:unstructured" text="Primary" value="primary"/>
                                                    <secondary jcr:primaryType="nt:unstructured" text="Secondary" value="secondary"/>
                                                    <tertiary jcr:primaryType="nt:unstructured" text="Tertiary" value="tertiary"/>
                                                </items>
                                            </variant>
                                            <fullBleed
                                                    granite:class="cq-dialog-showhide"
                                                    jcr:primaryType="nt:unstructured"
                                                    sling:resourceType="granite/ui/components/coral/foundation/form/checkbox"
                                                    name="./fullBleed"
                                                    text="Full Bleed"
                                                    fieldDescription="Select if the tab is full width, selecting this will also enable the Style Tab."
                                                    uncheckedValue="false"
                                                    value="true">
                                                <granite:data
                                                        jcr:primaryType="nt:unstructured"
                                                        acs-cq-dialog-dropdown-checkbox-showhide=""
                                                        acs-cq-dialog-dropdown-checkbox-showhide-target=".showhide-full-bleed"/>
                                            </fullBleed>
                                            <tab-type
                                                    jcr:primaryType="nt:unstructured"
                                                    sling:resourceType="granite/ui/components/coral/foundation/form/select"
                                                    fieldLabel="Tab type"
                                                    name="./tabType"
                                                    required="{Boolean}true">
                                                <items jcr:primaryType="nt:unstructured">
                                                    <standard jcr:primaryType="nt:unstructured" text="Standard" value="standard"/>
                                                </items>
                                            </tab-type>
                                            <selectedTabNumber
                                                    jcr:primaryType="nt:unstructured"
                                                    sling:resourceType="granite/ui/components/coral/foundation/form/numberfield"
                                                    fieldLabel="Default Selected Tab"
                                                    fieldDescription="A string that matches the value attribute of a Tab/Tab-Panel to allow configuration of which Tab Panel is in view upon loading. The tab values start at 1 and increment."
                                                    name="./selectedTabNumber"
                                                    min="0"
                                                    step="1"
                                                    default="0"/>
                                            <scrollable
                                                    jcr:primaryType="nt:unstructured"
                                                    sling:resourceType="granite/ui/components/coral/foundation/form/checkbox"
                                                    fieldDescription="Sets tabbed navigation component to be either scrollable or fixed width. This prop only applies to the primary variant. secondary and tertiary are always scrollable."
                                                    text="Scrollable"
                                                    name="./scrollable"
                                                    uncheckedValue="false"
                                                    value="true"/>
                                            <scrollable-TypeHint
                                                    jcr:primaryType="nt:unstructured"
                                                    sling:resourceType="granite/ui/components/foundation/form/hidden"
                                                    name="./scrollable@TypeHint"
                                                    value="Boolean"/>
                                        </items>
                                    </column>
                                </items>
                            </columns>
                        </items>
                    </properties>
                    <performance
                            jcr:primaryType="nt:unstructured"
                            jcr:title="Performance"
                            sling:resourceType="granite/ui/components/coral/foundation/fixedcolumns"
                            margin="{Boolean}true">
                        <items jcr:primaryType="nt:unstructured">
                            <columns
                                    jcr:primaryType="nt:unstructured"
                                    sling:resourceType="granite/ui/components/coral/foundation/fixedcolumns"
                                    margin="{Boolean}true">
                                <items jcr:primaryType="nt:unstructured">
                                    <column
                                            jcr:primaryType="nt:unstructured"
                                            sling:resourceType="granite/ui/components/coral/foundation/container">
                                        <items jcr:primaryType="nt:unstructured">
                                            <deferDefinedDisabled
                                                    jcr:primaryType="nt:unstructured"
                                                    sling:resourceType="granite/ui/components/coral/foundation/form/checkbox"
                                                    fieldLabel="Disable Until Defined"
                                                    fieldDescription="By Default rendering is deferred until component is defined,Check to disable it"
                                                    name="./deferDefinedDisabled"
                                                    text="Disable Defer Defined Option"
                                                    value="{Boolean}true"
                                                    uncheckedValue="{Boolean}false" />
                                        </items>
                                    </column>
                                </items>
                            </columns>
                        </items>
                    </performance>
                    <style jcr:primaryType="nt:unstructured"
                           jcr:title="Style"
                           granite:class="showhide-full-bleed"
                           sling:resourceType="granite/ui/components/coral/foundation/fixedcolumns"
                           margin="{Boolean}true">
                        <items jcr:primaryType="nt:unstructured">
                            <columns jcr:primaryType="nt:unstructured" sling:resourceType="granite/ui/components/coral/foundation/container">
                                <items jcr:primaryType="nt:unstructured">
                                    <mode
                                            jcr:primaryType="nt:unstructured"
                                            sling:resourceType="granite/ui/components/coral/foundation/form/select"
                                            fieldLabel="Mode"
                                            name="./mode"
                                            value="beacon-on-light"
                                            required="{Boolean}false">
                                        <items jcr:primaryType="nt:unstructured">
                                            <none jcr:primaryType="nt:unstructured" text="None" value=""/>
                                            <light jcr:primaryType="nt:unstructured" text="Light" value="beacon-on-light"/>
                                            <lighter jcr:primaryType="nt:unstructured" text="Lighter" value="beacon-on-lighter"/>
                                            <dark jcr:primaryType="nt:unstructured" text="Dark" value="beacon-on-dark"/>
                                            <darker jcr:primaryType="nt:unstructured" text="Darker" value="beacon-on-darker"/>
                                        </items>
                                    </mode>
                                    <motion
                                            jcr:primaryType="nt:unstructured"
                                            sling:resourceType="granite/ui/components/coral/foundation/form/select"
                                            fieldLabel="Motion"
                                            name="./motion"
                                            value=""
                                            required="{Boolean}false">
                                        <items jcr:primaryType="nt:unstructured">
                                            <inherit jcr:primaryType="nt:unstructured" text="Inherit" value=""/>
                                            <disabled jcr:primaryType="nt:unstructured" text="Disabled" value="disabled"/>
                                            <enabled jcr:primaryType="nt:unstructured" text="Enabled" value="enabled"/>
                                        </items>
                                    </motion>
                                </items>
                            </columns>
                        </items>
                        <granite:data
                            jcr:primaryType="nt:unstructured"
                            showhidetargetvalue="standard"
                            acs-checkboxshowhidetargetvalue="true"/>
                    </style>
                    <cq:styles
                            jcr:primaryType="nt:unstructured"
                            sling:resourceType="granite/ui/components/coral/foundation/include"
                            sling:hideResource="{Boolean}true"
                            path="/mnt/overlay/cq/gui/components/authoring/dialog/style/tab_edit/styletab"/>
                </items>
            </tabs>
        </items>
    </content>
</jcr:root>
