<?xml version="1.0" encoding="UTF-8"?>
<jcr:root xmlns:sling="http://sling.apache.org/jcr/sling/1.0" xmlns:cq="http://www.day.com/jcr/cq/1.0" xmlns:jcr="http://www.jcp.org/jcr/1.0" xmlns:nt="http://www.jcp.org/jcr/nt/1.0"
    jcr:primaryType="cq:Page">
    <jcr:content
        cq:lastModified="{Date}2025-07-22T19:32:40.018+01:00"
        cq:lastModifiedBy="admin"
        cq:template="/conf/trp-ref/settings/wcm/templates/beacon-content-page"
        jcr:primaryType="cq:PageContent"
        jcr:title="TestPageTemplate"
        sling:resourceType="trp-ref/components/page/v2/page">
        <root
            jcr:primaryType="nt:unstructured"
            sling:resourceType="wcm/foundation/components/responsivegrid"
            layout="responsiveGrid">
            <container
                jcr:primaryType="nt:unstructured"
                sling:resourceType="trp-ref/components/container/v1/container"
                layout="responsiveGrid">
                <breadcrumb
                    jcr:primaryType="nt:unstructured"
                    sling:resourceType="trp-ref/components/foundation/breadcrumb/v1/breadcrumb"/>
                <grid_layout_containe
                    jcr:created="{Date}2025-07-21T11:07:16.266+01:00"
                    jcr:createdBy="admin"
                    jcr:lastModified="{Date}2025-07-21T11:08:27.517+01:00"
                    jcr:lastModifiedBy="admin"
                    jcr:primaryType="nt:unstructured"
                    sling:resourceType="trp-ref/components/foundation/grid-layout-container/v1/grid-layout-container"
                    enableDesktopWidth="false"
                    enableForceFill="false"
                    enableTileOrderMedium="false"
                    enableTileOrderSmall="false"
                    nestedGrid="false"
                    removeContainerPadding="false"
                    removeContainerVerticalPadding="false"
                    subtitle="Default Variant - ( ----- )"
                    title="Component Name"
                    titleTag="h2">
                    <columnLayout jcr:primaryType="nt:unstructured">
                        <item0
                            jcr:primaryType="nt:unstructured"
                            colorMode="neutral"
                            divider="{Boolean}false"
                            layout="4-8"
                            verticalDivider="{Boolean}false"
                            weight="thin"/>
                        <item1
                            jcr:primaryType="nt:unstructured"
                            colorMode="neutral"
                            divider="{Boolean}false"
                            layout="12"
                            verticalDivider="{Boolean}false"
                            weight="thin"/>
                    </columnLayout>
                    <row-1-column-1
                        jcr:primaryType="nt:unstructured"
                        sling:resourceType="trp-ref/components/foundation/grid-layout-container/v1/grid-layout-container">
                        <button_container
                            jcr:created="{Date}2025-07-21T11:08:48.871+01:00"
                            jcr:createdBy="admin"
                            jcr:lastModified="{Date}2025-07-21T11:08:59.918+01:00"
                            jcr:lastModifiedBy="admin"
                            jcr:primaryType="nt:unstructured"
                            sling:resourceType="trp-ref/components/foundation/button-container"
                            buttonAlign="horizontal"
                            buttonCount="2"/>
                    </row-1-column-1>
                    <row-1-column-2
                        jcr:primaryType="nt:unstructured"
                        sling:resourceType="trp-ref/components/foundation/grid-layout-container/v1/grid-layout-container">
                        <button_container_cop
                            jcr:created="{Date}2025-07-21T11:08:48.871+01:00"
                            jcr:createdBy="admin"
                            jcr:lastModified="{Date}2025-07-21T11:08:59.918+01:00"
                            jcr:lastModifiedBy="admin"
                            jcr:primaryType="nt:unstructured"
                            sling:resourceType="trp-ref/components/foundation/button-container"
                            buttonAlign="horizontal"
                            buttonCount="2"/>
                    </row-1-column-2>
                    <row-2-column-1
                        jcr:primaryType="nt:unstructured"
                        sling:resourceType="trp-ref/components/foundation/grid-layout-container/v1/grid-layout-container">
                        <button_container_cop
                            jcr:created="{Date}2025-07-21T11:08:48.871+01:00"
                            jcr:createdBy="admin"
                            jcr:lastModified="{Date}2025-07-21T11:08:59.918+01:00"
                            jcr:lastModifiedBy="admin"
                            jcr:primaryType="nt:unstructured"
                            sling:resourceType="trp-ref/components/foundation/button-container"
                            buttonAlign="horizontal"
                            buttonCount="2"/>
                    </row-2-column-1>
                </grid_layout_containe>
            </container>
        </root>
    </jcr:content>
</jcr:root>
