<?xml version="1.0" encoding="UTF-8"?>
<jcr:root xmlns:sling="http://sling.apache.org/jcr/sling/1.0" xmlns:granite="http://www.adobe.com/jcr/granite/1.0"
          xmlns:cq="http://www.day.com/jcr/cq/1.0" xmlns:jcr="http://www.jcp.org/jcr/1.0"
          xmlns:nt="http://www.jcp.org/jcr/nt/1.0"
          jcr:primaryType="nt:unstructured"
          jcr:title="Notification Component Dialog"
          sling:resourceType="cq/gui/components/authoring/dialog"
          extraClientlibs="[acs-commons.widgets.showhidedialogfields]">
    <content
            jcr:primaryType="nt:unstructured"
            sling:resourceType="granite/ui/components/coral/foundation/container">
        <items jcr:primaryType="nt:unstructured">
            <tabs
                jcr:primaryType="nt:unstructured"
                sling:resourceType="granite/ui/components/coral/foundation/tabs"
                maximized="{Boolean}false">
                <items jcr:primaryType="nt:unstructured"
                       sling:hideChildren="[accessibility]">
                    <properties
                            jcr:primaryType="nt:unstructured"
                            jcr:title="Properties"
                            sling:resourceType="granite/ui/components/coral/foundation/container"
                            margin="{Boolean}true">
                        <items jcr:primaryType="nt:unstructured">
                            <columns
                                    jcr:primaryType="nt:unstructured"
                                    sling:resourceType="granite/ui/components/coral/foundation/fixedcolumns"
                                    margin="{Boolean}true">
                                <items jcr:primaryType="nt:unstructured">
                                    <column
                                            jcr:primaryType="nt:unstructured"
                                            sling:resourceType="granite/ui/components/coral/foundation/container">
                                        <items jcr:primaryType="nt:unstructured">
                                            <type
                                                    jcr:primaryType="nt:unstructured"
                                                    sling:resourceType="granite/ui/components/coral/foundation/form/select"
                                                    fieldLabel="Type"
                                                    granite:class="cq-dialog-dropdown-showhide"
                                                    name="./type"
                                                    value="inline"
                                                    required="{Boolean}false">
                                                <items jcr:primaryType="nt:unstructured">
                                                    <toast jcr:primaryType="nt:unstructured" text="Toast" value="toast"/>
                                                    <inline jcr:primaryType="nt:unstructured" text="Inline" value="inline"/>
                                                    <alert jcr:primaryType="nt:unstructured" text="Alert" value="alert"/>
                                                    <banner jcr:primaryType="nt:unstructured" text="Banner" value="banner"/>
                                                </items>
                                                <granite:data
                                                        jcr:primaryType="nt:unstructured"
                                                        cq-dialog-dropdown-showhide-target=".showhidetargets"/>
                                            </type>
                                            <variant
                                                    jcr:primaryType="nt:unstructured"
                                                    sling:resourceType="granite/ui/components/coral/foundation/form/select"
                                                    fieldLabel="Variant"
                                                    name="./variant"
                                                    value="inline"
                                                    required="{Boolean}false">
                                                <items jcr:primaryType="nt:unstructured">
                                                    <standard jcr:primaryType="nt:unstructured" text="Standard"
                                                              value="standard"/>
                                                    <informational jcr:primaryType="nt:unstructured" text="Informational"
                                                                   value="informational"/>
                                                    <warning jcr:primaryType="nt:unstructured" text="Warning" value="warning"/>
                                                    <success jcr:primaryType="nt:unstructured" text="Success" value="success"/>
                                                    <error jcr:primaryType="nt:unstructured" text="Error" value="error"/>
                                                </items>
                                            </variant>
                                            <dismissable
                                                    jcr:primaryType="nt:unstructured"
                                                    sling:resourceType="granite/ui/components/coral/foundation/form/radiogroup"
                                                    deleteHint="{Boolean}false"
                                                    fieldDescription="If a notification is dismissable, it comes with a close button. Toasts are always dismissable."
                                                    fieldLabel="Dismissable"
                                                    name="./dismissable"
                                                    vertical="{Boolean}false">
                                                <granite:data
                                                        jcr:primaryType="nt:unstructured"
                                                        display-mode-radio-group="{Boolean}true"/>
                                                <items jcr:primaryType="nt:unstructured">
                                                    <true
                                                            jcr:primaryType="nt:unstructured"
                                                            text="True"
                                                            value="true"/>
                                                    <false
                                                            jcr:primaryType="nt:unstructured"
                                                            checked="{Boolean}true"
                                                            text="False"
                                                            value="false"/>
                                                </items>
                                            </dismissable>

                                            <targetstandard
                                                    granite:class="showhidetargets"
                                                    jcr:primaryType="nt:unstructured"
                                                    sling:resourceType="granite/ui/components/coral/foundation/container">
                                                <granite:data
                                                        jcr:primaryType="nt:unstructured"
                                                        showhidetargetvalue="toast"/>
                                                <items jcr:primaryType="nt:unstructured">
                                                    <alignToastNotificationGroup
                                                            jcr:primaryType="nt:unstructured"
                                                            sling:resourceType="granite/ui/components/coral/foundation/form/radiogroup"
                                                            fieldLabel="Align/Disable Group Notifications"
                                                            name="./alignToastNotificationGroup"
                                                            >
                                                        <granite:data
                                                                jcr:primaryType="nt:unstructured"
                                                                display-mode-radio-group="{Boolean}true"/>
                                                        <items jcr:primaryType="nt:unstructured">
                                                            <nofloating
                                                                    jcr:primaryType="nt:unstructured"
                                                                    text="Disable group notification "
                                                                    value="groupNotificationDisabled"
                                                                    checked="{Boolean}true"/>
                                                            <center
                                                                    jcr:primaryType="nt:unstructured"
                                                                    text="Align group notification to the center"
                                                                    value="center"/>
                                                            <right
                                                                    jcr:primaryType="nt:unstructured"
                                                                    text="Align group notification to the right"
                                                                    value="right"/>

                                                        </items>
                                                    </alignToastNotificationGroup>
                                                </items>
                                            </targetstandard>
                                        </items>
                                    </column>
                                </items>
                            </columns>
                        </items>
                    </properties>
                    <asset
                        jcr:primaryType="nt:unstructured"
                        jcr:title="Asset"
                        sling:resourceType="granite/ui/components/coral/foundation/container"
                        margin="{Boolean}true">
                        <items jcr:primaryType="nt:unstructured">
                            <columns
                                    jcr:primaryType="nt:unstructured"
                                    sling:resourceType="granite/ui/components/coral/foundation/container">
                            <items jcr:primaryType="nt:unstructured">
                                <useNotificationIconography
                                        jcr:primaryType="nt:unstructured"
                                        sling:resourceType="granite/ui/components/coral/foundation/form/checkbox"
                                        fieldLabel="Use Beacon Iconography Component"
                                        name="./componentUseIconography"
                                        value="{Boolean}true"
                                        uncheckedValue="{Boolean}false"
                                        text="Use Iconography (Available with foundation version 4.2.0+)"
                                        granite:class="cq-dialog-showhide">
                                    <granite:data
                                            jcr:primaryType="nt:unstructured"
                                            acs-cq-dialog-dropdown-checkbox-showhide=""
                                            acs-cq-dialog-dropdown-checkbox-showhide-target=".showhide-component-iconography"/>
                                </useNotificationIconography>
                                <iconographyNotification
                                        jcr:primaryType="nt:unstructured"
                                        sling:resourceType="granite/ui/components/coral/foundation/form/select"
                                        fieldDescription="Select an icon"
                                        fieldLabel="Icon"
                                        name="./componentIconographyName"
                                        emptyOption="true"
                                        granite:class="showhide-component-iconography">
                                    <granite:data
                                            jcr:primaryType="nt:unstructured"
                                            acs-checkboxshowhidetargetvalue="true"/>
                                    <datasource
                                            jcr:primaryType="nt:unstructured"
                                            sling:resourceType="/apps/trp-compose/components/icon/datasource/icon-datasource.html"/>
                                </iconographyNotification>
                                <iconographyLabel
                                        jcr:primaryType="nt:unstructured"
                                        sling:resourceType="granite/ui/components/coral/foundation/form/textfield"
                                        emptyText=""
                                        fieldDescription="Icons are assumed to be decorative by default. Providing a label will expose it to screen readers with this label."
                                        fieldLabel="Icon Label"
                                        name="./componentIconographyLabel"
                                        required="{Boolean}false"
                                        granite:class="showhide-component-iconography">
                                    <granite:data
                                            jcr:primaryType="nt:unstructured"
                                            acs-checkboxshowhidetargetvalue="true"/>
                                </iconographyLabel>
                                <iconographySize
                                        jcr:primaryType="nt:unstructured"
                                        sling:resourceType="granite/ui/components/coral/foundation/form/select"
                                        sling:orderBefore="buttonId"
                                        fieldDescription="Select an icon size"
                                        fieldLabel="Icon Size"
                                        name="./componentIconographySize"
                                        value="s"
                                        granite:class="showhide-component-iconography">
                                    <granite:data
                                            jcr:primaryType="nt:unstructured"
                                            acs-checkboxshowhidetargetvalue="true"/>
                                    <items jcr:primaryType="nt:unstructured">
                                        <small
                                                jcr:primaryType="nt:unstructured"
                                                text="Small"
                                                value="s"/>
                                        <medium
                                                jcr:primaryType="nt:unstructured"
                                                text="Medium"
                                                value="m"/>
                                        <large
                                                jcr:primaryType="nt:unstructured"
                                                text="Large"
                                                value="l"/>
                                    </items>
                                </iconographySize>
                                <file
                                        jcr:primaryType="nt:unstructured"
                                        sling:resourceType="cq/gui/components/authoring/dialog/fileupload"
                                        allowUpload="{Boolean}false"
                                        autoStart="{Boolean}false"
                                        class="cq-droptarget"
                                        fieldLabel="Custom Icon for Standard Variant"
                                        fileNameParameter="./icon"
                                        fileReferenceParameter="./customiconurl"
                                        mimeTypes="[image/gif,image/jpeg,image/png,image/tiff,image/svg+xml]"
                                        multiple="{Boolean}false"
                                        name="./file"
                                        title="Upload Image Asset"
                                        uploadUrl="${suffix.path}"
                                        useHTML5="{Boolean}true"
                                        granite:class="showhide-component-iconography">
                                    <granite:data
                                            jcr:primaryType="nt:unstructured"
                                            acs-checkboxshowhidetargetvalue=""/>
                                </file>
                                </items>
                            </columns>
                        </items>
                    </asset>
                    <content
                            jcr:primaryType="nt:unstructured"
                            jcr:title="Content"
                            sling:resourceType="granite/ui/components/coral/foundation/fixedcolumns"
                            margin="{Boolean}true">
                        <items jcr:primaryType="nt:unstructured">
                            <columns
                                    jcr:primaryType="nt:unstructured"
                                    sling:resourceType="granite/ui/components/coral/foundation/container">
                                <items jcr:primaryType="nt:unstructured">
                                    <title
                                            jcr:primaryType="nt:unstructured"
                                            sling:resourceType="granite/ui/components/coral/foundation/form/textfield"
                                            fieldLabel="Notification title"
                                            fieldDescription="Adding text in this field creates notification title."
                                            maxLength="{Long}50"
                                            name="./title"
                                            required="{Boolean}true"/>
                                    <description
                                            jcr:primaryType="nt:unstructured"
                                            sling:resourceType="cq/gui/components/authoring/dialog/richtext"
                                            fieldLabel="Notification description"
                                            fieldDescription="Adding text in this field create notification description."
                                            name="./description"
                                            removeSingleParagraphContainer="{Boolean}true"
                                            useFixedInlineToolbar="{Boolean}true">
                                            <rtePlugins
                                                    jcr:primaryType="nt:unstructured"
                                                    sling:resourceSuperType="/apps/trp-compose/components/common/shared-rte-dialog/richtext-config-mini/rtePlugins"/>
                                            <uiSettings
                                                    jcr:primaryType="nt:unstructured"
                                                    sling:resourceSuperType="/apps/trp-compose/components/common/shared-rte-dialog/richtext-config-mini/uiSettings"/>
                                    </description>
                                    <bodytext
                                            jcr:primaryType="nt:unstructured"
                                            sling:resourceType="cq/gui/components/authoring/dialog/richtext"
                                            fieldLabel="Body text (Does not apply to Toast)"
                                            fieldDescription="The body text appears below the title, description and CTA buttons if added. This text will not show for the Toast notification type."
                                            name="./bodytext"
                                            removeSingleParagraphContainer="{Boolean}true"
                                            useFixedInlineToolbar="{Boolean}true">
                                        <rtePlugins
                                                jcr:primaryType="nt:unstructured"
                                                sling:resourceSuperType="/apps/trp-compose/components/common/shared-rte-dialog/richtext-config-mini/rtePlugins"/>
                                        <uiSettings
                                                jcr:primaryType="nt:unstructured"
                                                sling:resourceSuperType="/apps/trp-compose/components/common/shared-rte-dialog/richtext-config-mini/uiSettings"/>
                                    </bodytext>
                                </items>
                            </columns>
                        </items>
                    </content>
                    <link
                        jcr:primaryType="nt:unstructured"
                        jcr:title="Links"
                        sling:resourceType="granite/ui/components/coral/foundation/container"
                        margin="{Boolean}true">
                        <items jcr:primaryType="nt:unstructured">
                            <columns
                                    jcr:primaryType="nt:unstructured"
                                    sling:resourceType="granite/ui/components/coral/foundation/container">
                                <items jcr:primaryType="nt:unstructured">
                                    <buttonAlignment
                                            jcr:primaryType="nt:unstructured"
                                            sling:resourceType="granite/ui/components/coral/foundation/form/select"
                                            fieldLabel="CTA Buttons Alignment (only available with Foundation version 3.3.0+)"
                                            name="./buttonAlign"
                                            required="{Boolean}false">
                                        <items jcr:primaryType="nt:unstructured">
                                            <horizontal
                                                    jcr:primaryType="nt:unstructured"
                                                    text="Horizontal"
                                                    value="horizontal"/>
                                            <vertical
                                                    jcr:primaryType="nt:unstructured"
                                                    text="Vertical"
                                                    value="vertical"/>
                                        </items>
                                    </buttonAlignment>
                                    <buttons
                                            jcr:primaryType="nt:unstructured"
                                            sling:resourceType="granite/ui/components/coral/foundation/form/multifield"
                                            fieldLabel="Action Zone Buttons"
                                            composite="{Boolean}true"
                                            required="{Boolean}false">
                                        <field
                                                jcr:primaryType="nt:unstructured"
                                                sling:resourceType="granite/ui/components/coral/foundation/container"
                                                name="./cta">
                                            <items jcr:primaryType="nt:unstructured">
                                                <column
                                                        jcr:primaryType="nt:unstructured"
                                                        sling:resourceType="granite/ui/components/coral/foundation/container">
                                                    <items jcr:primaryType="nt:unstructured">
                                                        <label
                                                                jcr:primaryType="nt:unstructured"
                                                                sling:resourceType="granite/ui/components/coral/foundation/form/textfield"
                                                                fieldLabel="Button Text"
                                                                fieldDescription="Field description"
                                                                maxLength="{Long}35"
                                                                name="./label"
                                                                required="{Boolean}true"/>
                                                        <elementId
                                                                jcr:primaryType="nt:unstructured"
                                                                sling:resourceType="granite/ui/components/coral/foundation/form/textfield"
                                                                fieldLabel="Item ID"
                                                                fieldDescription="This ID is required to form the relationship between the article tile and article tile container."
                                                                maxLength="{Long}35"
                                                                name="./elementId"
                                                                required="{Boolean}false"/>
                                                        <useIconography
                                                                jcr:primaryType="nt:unstructured"
                                                                sling:resourceType="granite/ui/components/coral/foundation/form/checkbox"
                                                                fieldLabel="Use Beacon Iconography Component"
                                                                name="./useIconography"
                                                                value="{Boolean}true"
                                                                uncheckedValue="{Boolean}false"
                                                                text="Use Iconography (Available with foundation version 4.2.0+)"
                                                                granite:class="cq-dialog-showhide">
                                                            <granite:data
                                                                    jcr:primaryType="nt:unstructured"
                                                                    acs-cq-dialog-dropdown-checkbox-showhide=""
                                                                    acs-cq-dialog-dropdown-checkbox-showhide-target=".showhide-iconography"/>
                                                        </useIconography>
                                                        <iconographyButton
                                                                jcr:primaryType="nt:unstructured"
                                                                sling:resourceType="granite/ui/components/coral/foundation/form/select"
                                                                fieldDescription="Select an icon"
                                                                fieldLabel="Icon"
                                                                name="./iconographyName"
                                                                emptyOption="true"
                                                                granite:class="showhide-iconography">
                                                            <granite:data
                                                                    jcr:primaryType="nt:unstructured"
                                                                    acs-checkboxshowhidetargetvalue="true"/>
                                                            <datasource
                                                                    jcr:primaryType="nt:unstructured"
                                                                    sling:resourceType="/apps/trp-compose/components/icon/datasource/icon-datasource.html"/>
                                                        </iconographyButton>
                                                        <iconographyLabel
                                                                jcr:primaryType="nt:unstructured"
                                                                sling:resourceType="granite/ui/components/coral/foundation/form/textfield"
                                                                emptyText=""
                                                                fieldDescription="Icons are assumed to be decorative by default. Providing a label will expose it to screen readers with this label."
                                                                fieldLabel="Icon Label"
                                                                name="./iconographyLabel"
                                                                required="{Boolean}false"
                                                                granite:class="showhide-iconography">
                                                            <granite:data
                                                                    jcr:primaryType="nt:unstructured"
                                                                    acs-checkboxshowhidetargetvalue="true"/>
                                                        </iconographyLabel>
                                                        <iconographySize
                                                                jcr:primaryType="nt:unstructured"
                                                                sling:resourceType="granite/ui/components/coral/foundation/form/select"
                                                                sling:orderBefore="buttonId"
                                                                fieldDescription="Select an icon size"
                                                                fieldLabel="Icon Size"
                                                                name="./iconographySize"
                                                                value="s"
                                                                granite:class="showhide-iconography">
                                                            <granite:data
                                                                    jcr:primaryType="nt:unstructured"
                                                                    acs-checkboxshowhidetargetvalue="true"/>
                                                            <items jcr:primaryType="nt:unstructured">
                                                                <small
                                                                        jcr:primaryType="nt:unstructured"
                                                                        text="Small"
                                                                        value="s"/>
                                                                <medium
                                                                        jcr:primaryType="nt:unstructured"
                                                                        text="Medium"
                                                                        value="m"/>
                                                                <large
                                                                        jcr:primaryType="nt:unstructured"
                                                                        text="Large"
                                                                        value="l"/>
                                                            </items>
                                                        </iconographySize>
                                                        <buttonIcon
                                                                jcr:primaryType="nt:unstructured"
                                                                sling:resourceType="granite/ui/components/coral/foundation/form/pathfield"
                                                                fieldLabel="Button Icon (18x18 size preferred)"
                                                                name="./icon"
                                                                rootPath="/content/dam"
                                                                droppable="{Boolean}true"
                                                                granite:class="showhide-iconography">
                                                            <granite:data
                                                                    jcr:primaryType="nt:unstructured"
                                                                    acs-checkboxshowhidetargetvalue=""/>
                                                        </buttonIcon>
                                                        <buttonIconAlignment
                                                                jcr:primaryType="nt:unstructured"
                                                                sling:resourceType="granite/ui/components/coral/foundation/form/select"
                                                                fieldLabel="Button Icon Alignment"
                                                                name="./iconAlign"
                                                                required="{Boolean}false"
                                                                value="left">
                                                            <items jcr:primaryType="nt:unstructured">
                                                                <left
                                                                        jcr:primaryType="nt:unstructured"
                                                                        text="Left"
                                                                        value="left"/>
                                                                <right
                                                                        jcr:primaryType="nt:unstructured"
                                                                        text="Right"
                                                                        value="right"/>
                                                            </items>
                                                        </buttonIconAlignment>
                                                        <link
                                                                jcr:primaryType="nt:unstructured"
                                                                sling:resourceType="granite/ui/components/coral/foundation/form/pathfield"
                                                                fieldLabel="Link"
                                                                fieldDescription="Field description"
                                                                rootPath="/content"
                                                                name="./link"
                                                                required="{Boolean}true"/>
                                                        <ariaLabel
                                                                jcr:primaryType="nt:unstructured"
                                                                sling:resourceType="granite/ui/components/coral/foundation/form/textfield"
                                                                fieldLabel="Aria Label"
                                                                fieldDescription="This field can be used to add extra information for assistive technologies"
                                                                maxLength="{Long}35"
                                                                name="./ariaLabel"/>
                                                        <variant
                                                                jcr:primaryType="nt:unstructured"
                                                                sling:resourceType="granite/ui/components/coral/foundation/form/select"
                                                                fieldLabel="Variation"
                                                                name="./variant"
                                                                value="primary"
                                                                required="{Boolean}true">
                                                            <items jcr:primaryType="nt:unstructured">
                                                                <primary jcr:primaryType="nt:unstructured"
                                                                         text="Primary" value="primary"/>
                                                                <secondary jcr:primaryType="nt:unstructured"
                                                                           text="Secondary" value="secondary"/>
                                                                <tertiary jcr:primaryType="nt:unstructured"
                                                                          text="Tertiary" value="tertiary"/>
                                                            </items>
                                                        </variant>
                                                        <scale
                                                                jcr:primaryType="nt:unstructured"
                                                                sling:resourceType="granite/ui/components/coral/foundation/form/select"
                                                                fieldDescription="Select a button scale"
                                                                fieldLabel="Button Scale"
                                                                value="normal"
                                                                name="./scale">
                                                            <items jcr:primaryType="nt:unstructured">
                                                                <normal
                                                                        jcr:primaryType="nt:unstructured"
                                                                        text="Normal"
                                                                        value="normal"/>
                                                                <mini
                                                                        jcr:primaryType="nt:unstructured"
                                                                        text="Mini"
                                                                        value="mini"/>
                                                                <jumbo
                                                                        jcr:primaryType="nt:unstructured"
                                                                        text="Jumbo"
                                                                        value="jumbo"/>
                                                            </items>
                                                        </scale>
                                                        <buttonTarget
                                                                jcr:primaryType="nt:unstructured"
                                                                sling:resourceType="granite/ui/components/coral/foundation/form/select"
                                                                fieldDescription="Select a button link target"
                                                                fieldLabel="Button Link Target"
                                                                name="./buttonTarget">
                                                            <items jcr:primaryType="nt:unstructured">
                                                                <self
                                                                        jcr:primaryType="nt:unstructured"
                                                                        text="Self (default, opens link in same tab)"
                                                                        value="_self"/>
                                                                <blank
                                                                        jcr:primaryType="nt:unstructured"
                                                                        text="Blank (opens link in new tab)"
                                                                        value="_blank"/>
                                                                <parent
                                                                        jcr:primaryType="nt:unstructured"
                                                                        text="Parent (opens link in parent window)"
                                                                        value="_parent"/>
                                                                <top
                                                                        jcr:primaryType="nt:unstructured"
                                                                        text="Top (opens link in full body of the window)"
                                                                        value="_top"/>
                                                            </items>
                                                        </buttonTarget>
                                                        <gatedButton
                                                                jcr:primaryType="nt:unstructured"
                                                                sling:resourceType="granite/ui/components/coral/foundation/form/checkbox"
                                                                fieldLabel="Gated Button"
                                                                fieldDescription="Check for enabling gated button functionality"
                                                                name="./gatedButton"
                                                                text="Gated Button"
                                                                value="{Boolean}true"
                                                                uncheckedValue="{Boolean}false" />
                                                        <customAttributes
                                                                jcr:primaryType="nt:unstructured"
                                                                sling:resourceType="granite/ui/components/coral/foundation/form/multifield"
                                                                fieldLabel="Custom Attributes"
                                                                fieldDescription="Custom attributes as key Value pairs"
                                                                composite="{Boolean}true"
                                                                required="{Boolean}false">
                                                            <field
                                                                    jcr:primaryType="nt:unstructured"
                                                                    sling:resourceType="granite/ui/components/coral/foundation/container"
                                                                    name="./customAttributes">
                                                                <items jcr:primaryType="nt:unstructured">
                                                                    <column
                                                                            jcr:primaryType="nt:unstructured"
                                                                            sling:resourceType="granite/ui/components/coral/foundation/container">
                                                                        <items jcr:primaryType="nt:unstructured">
                                                                            <key
                                                                                    jcr:primaryType="nt:unstructured"
                                                                                    sling:resourceType="granite/ui/components/coral/foundation/form/textfield"
                                                                                    fieldLabel="Key"
                                                                                    maxLength="{Long}50"
                                                                                    name="./key"
                                                                                    required="{Boolean}false"/>
                                                                            <value
                                                                                    jcr:primaryType="nt:unstructured"
                                                                                    sling:resourceType="granite/ui/components/coral/foundation/form/textfield"
                                                                                    fieldLabel="Value"
                                                                                    maxLength="{Long}50"
                                                                                    name="./value"
                                                                                    required="{Boolean}false"/>
                                                                        </items>
                                                                    </column>
                                                                </items>
                                                            </field>
                                                        </customAttributes>
                                                    </items>
                                                </column>
                                            </items>
                                        </field>
                                    </buttons>
                                </items>
                            </columns>
                        </items>
                    </link>
                </items>
            </tabs>
        </items>
    </content>
</jcr:root>
