<?xml version="1.0" encoding="UTF-8"?>
<jcr:root xmlns:sling="http://sling.apache.org/jcr/sling/1.0" xmlns:cq="http://www.day.com/jcr/cq/1.0"
          xmlns:jcr="http://www.jcp.org/jcr/1.0" xmlns:nt="http://www.jcp.org/jcr/nt/1.0"
          xmlns:granite="http://www.adobe.com/jcr/granite/1.0"
          jcr:primaryType="nt:unstructured"
          jcr:title="Bio-Card"
          helpPath="https://app.knapsack.cloud/site/troweprice/latest/pattern/bio-card?subPageId=overview"
          sling:resourceType="cq/gui/components/authoring/dialog"
          extraClientlibs="[acs-commons.widgets.showhidedialogfields]">
    <content
            jcr:primaryType="nt:unstructured"
            sling:resourceType="granite/ui/components/coral/foundation/container">
        <items jcr:primaryType="nt:unstructured">
            <tabs
                    jcr:primaryType="nt:unstructured"
                    sling:resourceType="granite/ui/components/coral/foundation/tabs"
                    maximized="{Boolean}false">
                <items jcr:primaryType="nt:unstructured"
                       sling:hideChildren="[asset,accessibility,link]">
                    <properties
                            jcr:primaryType="nt:unstructured"
                            jcr:title="Properties"
                            sling:resourceType="granite/ui/components/coral/foundation/container"
                            margin="{Boolean}true">
                        <items jcr:primaryType="nt:unstructured">
                            <columns
                                    jcr:primaryType="nt:unstructured"
                                    sling:resourceType="granite/ui/components/coral/foundation/fixedcolumns"
                                    margin="{Boolean}true">
                                <items jcr:primaryType="nt:unstructured">
                                    <column
                                            jcr:primaryType="nt:unstructured"
                                            sling:resourceType="granite/ui/components/coral/foundation/container">
                                        <items jcr:primaryType="nt:unstructured">
                                            <layout
                                                    jcr:primaryType="nt:unstructured"
                                                    sling:resourceType="granite/ui/components/coral/foundation/form/select"
                                                    fieldDescription="Choose a layout type."
                                                    fieldLabel="Layout"
                                                    value="vertical"
                                                    name="./layout">
                                                <items jcr:primaryType="nt:unstructured">
                                                    <vertical
                                                            jcr:primaryType="nt:unstructured"
                                                            text="Vertical"
                                                            value="vertical"/>
                                                    <horizontal
                                                            jcr:primaryType="nt:unstructured"
                                                            text="Horizontal"
                                                            value="horizontal"/>
                                                    <horizontal-wide
                                                            jcr:primaryType="nt:unstructured"
                                                            text="Horizontal Wide"
                                                            value="horizontal-wide"/>
                                                </items>
                                            </layout>
                                            <component-template
                                                    jcr:primaryType="nt:unstructured"
                                                    sling:resourceType="granite/ui/components/coral/foundation/form/select"
                                                    fieldDescription="Choose a template type."
                                                    fieldLabel="Template/Variant"
                                                    value="standard"
                                                    granite:class="cq-dialog-showhide"
                                                    name="./template">
                                                <items jcr:primaryType="nt:unstructured">
                                                    <standard
                                                            jcr:primaryType="nt:unstructured"
                                                            text="Standard/Utility"
                                                            value="standard utility"/>
                                                    <hero
                                                            jcr:primaryType="nt:unstructured"
                                                            text="Hero"
                                                            value="hero"/>
                                                </items>
                                                <granite:data
                                                        jcr:primaryType="nt:unstructured"
                                                        acs-cq-dialog-dropdown-checkbox-showhide=""
                                                        acs-cq-dialog-dropdown-checkbox-showhide-target=".template-showhide-target"/>
                                            </component-template>
                                            <hero-position
                                                jcr:primaryType="nt:unstructured"
                                                sling:resourceType="granite/ui/components/coral/foundation/form/select"
                                                fieldDescription="Choose a position if authoring a Hero Bio-Card"
                                                fieldLabel="Hero Position"
                                                name="./heroPosition"
                                                granite:class="template-showhide-target">
                                                <items jcr:primaryType="nt:unstructured">
                                                    <left
                                                            jcr:primaryType="nt:unstructured"
                                                            text="Left"
                                                            value="left"/>
                                                    <right
                                                            jcr:primaryType="nt:unstructured"
                                                            text="Right"
                                                            value="right"/>
                                                </items>
                                                <granite:data
                                                        jcr:primaryType="nt:unstructured"
                                                        acs-dropdownshowhidetargetvalue="hero"/>
                                            </hero-position>
                                            <mediaPosition
                                                    jcr:primaryType="nt:unstructured"
                                                    sling:resourceType="granite/ui/components/coral/foundation/form/select"
                                                    fieldDescription="Choose a media position."
                                                    fieldLabel="Media Position (Available with Foundation 4.6+)"
                                                    value="left"
                                                    name="./mediaPosition">
                                                <items jcr:primaryType="nt:unstructured">
                                                    <left
                                                            jcr:primaryType="nt:unstructured"
                                                            text="Left"
                                                            value="left"/>
                                                    <center
                                                            jcr:primaryType="nt:unstructured"
                                                            text="Center"
                                                            value="center"/>
                                                    <right
                                                            jcr:primaryType="nt:unstructured"
                                                            text="Right"
                                                            value="right"/>
                                                </items>
                                            </mediaPosition>
                                            <mediaAspectRatio
                                                    jcr:primaryType="nt:unstructured"
                                                    sling:resourceType="granite/ui/components/coral/foundation/form/select"
                                                    fieldDescription="Aspect ratio of the media.
                                                    None -  makes the image resize to the height of the content
                                                    Custom - the image will maintain its intrinsic aspect ratio
                                                    Default - the tile will choose the appropriate aspect ratio when necessary"
                                                    fieldLabel="Media Aspect Ratio (Foundation version 4.6.0+)"
                                                    name="./mediaAspectRatio"
                                                    value="custom"
                                                    granite:class="template-showhide-target"
                                                    required="{Boolean}false">
                                                <items jcr:primaryType="nt:unstructured">
                                                    <default jcr:primaryType="nt:unstructured" text="Default" value="default"/>
                                                    <custom jcr:primaryType="nt:unstructured" text="Custom" value="custom"/>
                                                    <none jcr:primaryType="nt:unstructured" text="None" value="none"/>
                                                </items>
                                                <granite:data
                                                        jcr:primaryType="nt:unstructured"
                                                        acs-dropdownshowhidetargetvalue="hero"/>
                                            </mediaAspectRatio>
                                            <scale
                                                    jcr:primaryType="nt:unstructured"
                                                    sling:resourceType="granite/ui/components/coral/foundation/form/select"
                                                    fieldDescription="Choose a scale type."
                                                    fieldLabel="Scale"
                                                    value="normal"
                                                    granite:class="cq-dialog-showhide-contained"
                                                    name="./scale">
                                                <items jcr:primaryType="nt:unstructured">
                                                    <normal
                                                            jcr:primaryType="nt:unstructured"
                                                            text="Normal"
                                                            value="normal"/>
                                                    <mini
                                                            jcr:primaryType="nt:unstructured"
                                                            text="Mini"
                                                            value="mini"/>
                                                </items>
                                                <granite:data
                                                    jcr:primaryType="nt:unstructured"
                                                    acs-cq-dialog-dropdown-checkbox-showhide=""
                                                    acs-cq-dialog-dropdown-checkbox-showhide-target=".contained-showhide-target"/>
                                            </scale>
                                            <isContained
                                                    jcr:primaryType="nt:unstructured"
                                                    sling:resourceType="granite/ui/components/coral/foundation/form/checkbox"
                                                    text="Is Contained"
                                                    name="./contained"
                                                    uncheckedValue="false"
                                                    value="true"
                                                    granite:class="contained-showhide-target">
                                                <granite:data
                                                        jcr:primaryType="nt:unstructured"
                                                        acs-dropdownshowhidetargetvalue="mini"/>
                                            </isContained>

                                        </items>
                                    </column>
                                </items>
                            </columns>
                        </items>
                    </properties>
                    <content
                            jcr:primaryType="nt:unstructured"
                            jcr:title="Content"
                            sling:resourceType="granite/ui/components/coral/foundation/fixedcolumns"
                            margin="{Boolean}true">
                        <items jcr:primaryType="nt:unstructured">
                            <columns
                                    jcr:primaryType="nt:unstructured"
                                    sling:resourceType="granite/ui/components/coral/foundation/container">
                                <items jcr:primaryType="nt:unstructured">
                                    <id
                                            jcr:primaryType="nt:unstructured"
                                            sling:resourceType="granite/ui/components/coral/foundation/form/textfield"
                                            fieldLabel="ID"
                                            fieldDescription="ID in case to anchor the component"
                                            maxLength="{Long}15"
                                            name="./id"
                                            required="{Boolean}false"/>
                                    <idCard
                                            jcr:primaryType="nt:unstructured"
                                            sling:resourceType="granite/ui/components/coral/foundation/form/checkbox"
                                            text="Embed ID Card"
                                            name="./idCard"
                                            uncheckedValue="false"
                                            value="true"
                                            granite:class="cq-dialog-showhide">
                                        <granite:data
                                                jcr:primaryType="nt:unstructured"
                                                acs-cq-dialog-dropdown-checkbox-showhide=""
                                                acs-cq-dialog-dropdown-checkbox-showhide-target=".showhide-id-card"/>
                                    </idCard>
                                    <idCard-container
                                            jcr:primaryType="nt:unstructured"
                                            sling:resourceType="granite/ui/components/coral/foundation/container"
                                            granite:class="showhide-id-card">
                                        <items jcr:primaryType="nt:unstructured">
                                            <v2idCard
                                                    jcr:primaryType="nt:unstructured"
                                                    sling:resourceType="granite/ui/components/coral/foundation/form/checkbox"
                                                    text="Enable to use V2 ID Card"
                                                    fieldDescription="Unselecting this off will involve incorporating the V1 ID Card here (Author need to manual entry for all fields). V2 essentially allows authors to pick bios info from Bios 2.0 service V1 - Manual text entered by the authors"
                                                    checked="{Boolean}true"
                                                    name="./v2idCard"
                                                    uncheckedValue="false"
                                                    value="true"
                                                    granite:class="cq-dialog-showhide">
                                                <granite:data
                                                        jcr:primaryType="nt:unstructured"
                                                        acs-cq-dialog-dropdown-checkbox-showhide=""
                                                        acs-cq-dialog-dropdown-checkbox-showhide-target=".showhide-v2-id-card"/>
                                            </v2idCard>
                                            <v2-id-container
                                                    jcr:primaryType="nt:unstructured"
                                                    sling:resourceType="granite/ui/components/coral/foundation/container"
                                                    granite:class="showhide-v2-id-card">
                                                <items jcr:primaryType="nt:unstructured">
                                            <id-card-accordion
                                                    jcr:primaryType="nt:unstructured"
                                                    sling:resourceType="granite/ui/components/coral/foundation/accordion">
                                            <items jcr:primaryType="nt:unstructured">
                                                <container
                                                        jcr:primaryType="nt:unstructured"
                                                        jcr:title="V2 Id Card Details"
                                                        sling:resourceType="granite/ui/components/coral/foundation/container">
                                                    <items jcr:primaryType="nt:unstructured">
                                                        <container-content
                                                            jcr:primaryType="nt:unstructured"
                                                            sling:resourceType="granite/ui/components/foundation/include"
                                                            path="trp-compose/components/id-card/v2/id-card/cq:dialog/content/items/tabs/items/content/items/columns"/>
                                                    </items>
                                                </container>
                                            </items>
                                            </id-card-accordion>
                                                </items>

                                                <granite:data
                                                        jcr:primaryType="nt:unstructured"
                                                        acs-checkboxshowhidetargetvalue="true"/>
                                            </v2-id-container>

                                        </items>
                                        <granite:data
                                                jcr:primaryType="nt:unstructured"
                                                acs-checkboxshowhidetargetvalue="true"/>
                                    </idCard-container>
                                    <idCard-TypeHint
                                            jcr:primaryType="nt:unstructured"
                                            sling:resourceType="granite/ui/components/foundation/form/hidden"
                                            name="./idCard@TypeHint"
                                            value="Boolean"/>
                                    <dataList
                                            jcr:primaryType="nt:unstructured"
                                            sling:resourceType="granite/ui/components/coral/foundation/form/checkbox"
                                            text="Embed Datalist"
                                            name="./dataList"
                                            uncheckedValue="false"
                                            value="true">
                                        <granite:data
                                                jcr:primaryType="nt:unstructured"
                                                acs-cq-dialog-dropdown-checkbox-showhide=""
                                                acs-cq-dialog-dropdown-checkbox-showhide-target=".showhide-data-list-option"/>
                                    </dataList>
                                <dataList-container
                                        jcr:primaryType="nt:unstructured"
                                        sling:resourceType="granite/ui/components/coral/foundation/container"
                                        granite:class="showhide-data-list-option">
                                <items jcr:primaryType="nt:unstructured">
                                    <v2dataList
                                            jcr:primaryType="nt:unstructured"
                                            sling:resourceType="granite/ui/components/coral/foundation/form/checkbox"
                                            text="Use V2 Data List (Use it with ID Card V2 Option)"
                                            fieldDescription="By default DataList V1 and to utilize the V2 Data List, ensure that the V2 ID Card is enabled above."
                                            name="./v2dataList"
                                            uncheckedValue="false"
                                            value="true">
                                        <granite:data
                                                jcr:primaryType="nt:unstructured"
                                                acs-cq-dialog-dropdown-checkbox-showhide=""
                                                acs-cq-dialog-dropdown-checkbox-showhide-target=".showhide-v2-data-list"/>
                                    </v2dataList>
                                    <v2-dataList-container
                                            jcr:primaryType="nt:unstructured"
                                            sling:resourceType="granite/ui/components/coral/foundation/container"
                                            granite:class="showhide-v2-data-list">
                                        <items jcr:primaryType="nt:unstructured">
                                            <dataList-accordion
                                                    jcr:primaryType="nt:unstructured"
                                                    sling:resourceType="granite/ui/components/coral/foundation/accordion">
                                                <items jcr:primaryType="nt:unstructured">
                                                    <container
                                                            jcr:primaryType="nt:unstructured"
                                                            jcr:title="V2 Data List Details"
                                                            sling:resourceType="granite/ui/components/coral/foundation/container">
                                                        <items jcr:primaryType="nt:unstructured">
                                                            <container-properties
                                                                jcr:primaryType="nt:unstructured"
                                                                sling:resourceType="granite/ui/components/foundation/include"
                                                                path="trp-compose/components/data-list/v1/data-list/cq:dialog/content/items/tabs/items/properties/items/column"/>
                                                            <overrideList
                                                                    jcr:primaryType="nt:unstructured"
                                                                    sling:resourceType="granite/ui/components/coral/foundation/form/checkbox"
                                                                    text="Override Datalist"
                                                                    name="./overrideList"
                                                                    uncheckedValue="false"
                                                                    value="true">
                                                                <granite:data
                                                                        jcr:primaryType="nt:unstructured"
                                                                        acs-cq-dialog-dropdown-checkbox-showhide=""
                                                                        acs-cq-dialog-dropdown-checkbox-showhide-target=".showhide-data-list-override-option"/>
                                                            </overrideList>
                                                            <overrideList-TypeHint
                                                                    jcr:primaryType="nt:unstructured"
                                                                    sling:resourceType="granite/ui/components/foundation/form/hidden"
                                                                    name="./overrideList@TypeHint"
                                                                    value="Boolean"/>
                                                            <dataList-container
                                                                    jcr:primaryType="nt:unstructured"
                                                                    sling:resourceType="granite/ui/components/coral/foundation/container"
                                                                    granite:class="showhide-data-list-override-option">
                                                                <items jcr:primaryType="nt:unstructured">
                                                                    <dataOption
                                                                            jcr:primaryType="nt:unstructured"
                                                                            sling:resourceType="granite/ui/components/coral/foundation/form/multifield"
                                                                            fieldLabel="Data Label Options"
                                                                            composite="{Boolean}true">
                                                                        <field
                                                                                jcr:primaryType="nt:unstructured"
                                                                                sling:resourceType="granite/ui/components/coral/foundation/container"
                                                                                name="./dataOptions">
                                                                            <items jcr:primaryType="nt:unstructured">
                                                                                <column
                                                                                        jcr:primaryType="nt:unstructured"
                                                                                        sling:resourceType="granite/ui/components/coral/foundation/container">
                                                                                    <items jcr:primaryType="nt:unstructured">
                                                                                        <option
                                                                                                jcr:primaryType="nt:unstructured"
                                                                                                sling:resourceType="granite/ui/components/coral/foundation/form/select"
                                                                                                fieldLabel="Data Option"
                                                                                                name="./dataOption"
                                                                                                value=""
                                                                                                required="{Boolean}true">
                                                                                            <items jcr:primaryType="nt:unstructured">
                                                                                                <default jcr:primaryType="nt:unstructured" text="Select" value=""/>
                                                                                                <experience jcr:primaryType="nt:unstructured" text="Experiences" value="experience"/>
                                                                                                <award jcr:primaryType="nt:unstructured" text="Award and Rating" value="awardsAndRatings"/>
                                                                                                <accreditations jcr:primaryType="nt:unstructured" text="Accreditations" value="accreditations"/>
                                                                                            </items>
                                                                                        </option>
                                                                                    </items>
                                                                                </column>
                                                                            </items>
                                                                        </field>
                                                                    </dataOption>
                                                                </items>
                                                                <granite:data
                                                                        jcr:primaryType="nt:unstructured"
                                                                        acs-checkboxshowhidetargetvalue="true"/>
                                                            </dataList-container>
                                                        </items>
                                                    </container>
                                                </items>
                                            </dataList-accordion>
                                        </items>
                                        <granite:data
                                                jcr:primaryType="nt:unstructured"
                                                acs-checkboxshowhidetargetvalue="true"/>
                                    </v2-dataList-container>
                                </items>
                                    <granite:data
                                        jcr:primaryType="nt:unstructured"
                                        acs-checkboxshowhidetargetvalue="true"/>
                                </dataList-container>
                                    <dataList-TypeHint
                                            jcr:primaryType="nt:unstructured"
                                            sling:resourceType="granite/ui/components/foundation/form/hidden"
                                            name="./dataList@TypeHint"
                                            value="Boolean"/>
                                    <footnote
                                            jcr:primaryType="nt:unstructured"
                                            sling:resourceType="cq/gui/components/authoring/dialog/richtext"
                                            emptyText="Enter the footnote copy."
                                            fieldDescription="Footnotes are small notes or citations placed at Generally  bottom section of the component. They are used to provide additional information, explanations, or sources of information related to the main text"
                                            fieldLabel="Footnote"
                                            name="./footnote"
                                            removeSingleParagraphContainer="{Boolean}true"
                                            externalStyleSheets="[/apps/trp-core/components/content/text/clientlibs/clientlib-rte-styles.css]"
                                            useFixedInlineToolbar="{Boolean}true">
                                        <rtePlugins
                                                jcr:primaryType="nt:unstructured"
                                                sling:resourceSuperType="/apps/trp-compose/components/common/shared-rte-dialog/richtext-config-nano/rtePlugins"/>
                                        <uiSettings
                                                jcr:primaryType="nt:unstructured"
                                                sling:resourceSuperType="/apps/trp-compose/components/common/shared-rte-dialog/richtext-config-nano/uiSettings"/>
                                    </footnote>
                                </items>
                            </columns>
                        </items>
                    </content>
                </items>
            </tabs>
        </items>
    </content>
</jcr:root>
