<?xml version="1.0" encoding="UTF-8"?>
<jcr:root xmlns:sling="http://sling.apache.org/jcr/sling/1.0" xmlns:cq="http://www.day.com/jcr/cq/1.0"
          xmlns:jcr="http://www.jcp.org/jcr/1.0" xmlns:nt="http://www.jcp.org/jcr/nt/1.0"
          jcr:primaryType="nt:unstructured"
          jcr:title="Collection Tile"
            helpPath="https://app.knapsack.cloud/site/troweprice/latest/pattern/collection-tile?subPageId=ZIYOo4P6fE"
          sling:resourceType="cq/gui/components/authoring/dialog">
    <content jcr:primaryType="nt:unstructured">
        <items jcr:primaryType="nt:unstructured">
            <tabs jcr:primaryType="nt:unstructured">
                <items jcr:primaryType="nt:unstructured">
                    <properties
                            jcr:primaryType="nt:unstructured"
                            jcr:title="Properties"
                            sling:resourceType="granite/ui/components/coral/foundation/container"
                            margin="{Boolean}true">
                        <items jcr:primaryType="nt:unstructured">
                            <columns
                                    jcr:primaryType="nt:unstructured"
                                    sling:resourceType="granite/ui/components/coral/foundation/fixedcolumns"
                                    margin="{Boolean}true">
                                <items jcr:primaryType="nt:unstructured">
                                    <column
                                            jcr:primaryType="nt:unstructured"
                                            sling:resourceType="granite/ui/components/coral/foundation/container">
                                        <items jcr:primaryType="nt:unstructured">
                                            <position
                                                    jcr:primaryType="nt:unstructured"
                                                    sling:resourceType="granite/ui/components/coral/foundation/form/select"
                                                    fieldDescription="Basic styles that orient the Content Zone in relation to the Media Zone that are configured based on position property setting"
                                                    fieldLabel="Position"
                                                    name="./position"
                                                    required="{Boolean}false"
                                                    value="vertical">
                                                <items jcr:primaryType="nt:unstructured">
                                                    <vertical
                                                            jcr:primaryType="nt:unstructured"
                                                            text="Vertical"
                                                            value="vertical"/>
                                                    <horizontal-left
                                                            jcr:primaryType="nt:unstructured"
                                                            text="Horizontal Left"
                                                            value="horizontal-left"/>
                                                    <horizontal-right
                                                            jcr:primaryType="nt:unstructured"
                                                            text="Horizontal Right"
                                                            value="horizontal-right"/>
                                                </items>
                                            </position>
                                        </items>
                                    </column>
                                </items>
                            </columns>
                        </items>
                    </properties>
                    <content jcr:primaryType="nt:unstructured">
                        <items jcr:primaryType="nt:unstructured">
                            <columns jcr:primaryType="nt:unstructured">
                                <items jcr:primaryType="nt:unstructured"
                                       sling:hideChildren="[eyebrowContainer,footnote]">
                                    <titleContainer jcr:primaryType="nt:unstructured">
                                        <items jcr:primaryType="nt:unstructured">
                                            <titleTag jcr:primaryType="nt:unstructured">
                                                <items jcr:primaryType="nt:unstructured"
                                                       sling:hideChildren="[headerOne]"/>
                                            </titleTag>
                                        </items>
                                    </titleContainer>
                                    <description
                                            jcr:primaryType="nt:unstructured"
                                            sling:resourceType="cq/gui/components/authoring/dialog/richtext"
                                            fieldLabel="Description"
                                            name="./description/text"
                                            externalStyleSheets="[/apps/trp-core/components/content/text/clientlibs/clientlib-rte-styles.css]"
                                            useFixedInlineToolbar="{Boolean}true">
                                        <rtePlugins jcr:primaryType="nt:unstructured">
                                            <format jcr:primaryType="nt:unstructured"/>
                                            <justify jcr:primaryType="nt:unstructured"/>
                                            <links jcr:primaryType="nt:unstructured"
                                                    features="-"/>
                                            <lists jcr:primaryType="nt:unstructured"/>
                                            <misctools jcr:primaryType="nt:unstructured">
                                                <specialCharsConfig jcr:primaryType="nt:unstructured">
                                                    <chars jcr:primaryType="nt:unstructured">
                                                        <copyright jcr:primaryType="nt:unstructured"/>
                                                        <trademark jcr:primaryType="nt:unstructured"/>
                                                        <registered jcr:primaryType="nt:unstructured"/>
                                                        <euro jcr:primaryType="nt:unstructured"/>
                                                        <pound jcr:primaryType="nt:unstructured"/>
                                                        <emDash jcr:primaryType="nt:unstructured"/>
                                                        <nbsp jcr:primaryType="nt:unstructured"/>
                                                    </chars>
                                                </specialCharsConfig>
                                            </misctools>
                                            <subsuperscript jcr:primaryType="nt:unstructured"/>
                                            <edit jcr:primaryType="nt:unstructured"/>
                                            <paraformat jcr:primaryType="nt:unstructured">
                                                <formats jcr:primaryType="nt:unstructured">
                                                    <p jcr:primaryType="nt:unstructured"/>
                                                    <h1 jcr:primaryType="nt:unstructured"/>
                                                    <h2 jcr:primaryType="nt:unstructured"/>
                                                    <h3 jcr:primaryType="nt:unstructured"/>
                                                    <h4 jcr:primaryType="nt:unstructured"/>
                                                    <h5 jcr:primaryType="nt:unstructured"/>
                                                    <h6 jcr:primaryType="nt:unstructured"/>
                                                </formats>
                                            </paraformat>
                                            <table jcr:primaryType="nt:unstructured">
                                                <hiddenHeaderConfig jcr:primaryType="nt:unstructured"/>
                                            </table>
                                            <tracklinks jcr:primaryType="nt:unstructured"/>
                                            <styles jcr:primaryType="nt:unstructured">
                                                <styles jcr:primaryType="cq:WidgetCollection">
                                                    <b-word-wrap jcr:primaryType="nt:unstructured"/>
                                                    <b-word-wrap-secondary jcr:primaryType="nt:unstructured"/>
                                                    <b-word-break-hyphen jcr:primaryType="nt:unstructured"/>
                                                </styles>
                                            </styles>
                                        </rtePlugins>
                                        <uiSettings jcr:primaryType="nt:unstructured">
                                            <cui jcr:primaryType="nt:unstructured">
                                                <inline
                                                        jcr:primaryType="nt:unstructured"
                                                        toolbar="[format#bold,format#italic,format#underline,subsuperscript#subscript,subsuperscript#superscript,#justify,#lists,#paraformat,spellcheck#checktext,misctools#specialchars,#styles]">
                                                    <popovers jcr:primaryType="nt:unstructured">
                                                        <justify jcr:primaryType="nt:unstructured"/>
                                                        <lists jcr:primaryType="nt:unstructured"/>
                                                        <edit jcr:primaryType="nt:unstructured"/>
                                                        <paraformat jcr:primaryType="nt:unstructured"/>
                                                        <styles jcr:primaryType="nt:unstructured"/>
                                                    </popovers>
                                                </inline>
                                            </cui>
                                        </uiSettings>
                                    </description>
                                    <label
                                            jcr:primaryType="nt:unstructured"
                                            sling:resourceType="granite/ui/components/coral/foundation/form/textfield"
                                            fieldLabel="Label"
                                            name="./label">
                                    </label>
                                    <tags
                                            jcr:primaryType="nt:unstructured"
                                            sling:resourceType="granite/ui/components/coral/foundation/form/multifield"
                                            composite="{Boolean}true"
                                            fieldLabel="Tags">
                                        <field
                                                jcr:primaryType="nt:unstructured"
                                                sling:resourceType="granite/ui/components/coral/foundation/container"
                                                name="./tags">
                                            <items jcr:primaryType="nt:unstructured">
                                                <text
                                                        jcr:primaryType="nt:unstructured"
                                                        sling:resourceType="granite/ui/components/coral/foundation/form/textfield"
                                                        emptyText="Tag e.g. Products 5"
                                                        name="tag">
                                                </text>
                                            </items>
                                        </field>
                                    </tags>
                                </items>
                            </columns>
                        </items>
                    </content>
                    <link jcr:primaryType="nt:unstructured">
                        <items jcr:primaryType="nt:unstructured">
                            <columns jcr:primaryType="nt:unstructured">
                                <items jcr:primaryType="nt:unstructured"
                                       sling:hideChildren="[buttons]">
                                </items>
                            </columns>
                        </items>
                    </link>
                    <style jcr:primaryType="nt:unstructured">
                        <items jcr:primaryType="nt:unstructured">
                            <columns jcr:primaryType="nt:unstructured">
                                <items jcr:primaryType="nt:unstructured" sling:hideChildren="[mode]">
                                    <colorMode
                                            jcr:primaryType="nt:unstructured"
                                            sling:resourceType="granite/ui/components/coral/foundation/form/select"
                                            fieldLabel="Color mode"
                                            name="./colorMode"
                                            required="{Boolean}false">
                                        <items jcr:primaryType="nt:unstructured">
                                            <none jcr:primaryType="nt:unstructured" text="None" value=""/>
                                            <blue jcr:primaryType="nt:unstructured" text="Blue"
                                                  value="blue"/>
                                            <berry jcr:primaryType="nt:unstructured" text="Berry"
                                                   value="berry"/>
                                            <green jcr:primaryType="nt:unstructured" text="Green"
                                                   value="green"/>
                                            <gold jcr:primaryType="nt:unstructured" text="Gold"
                                                  value="gold"/>
                                        </items>
                                    </colorMode>
                                </items>
                            </columns>
                        </items>
                    </style>
                </items>
            </tabs>
        </items>
    </content>
</jcr:root>
