<?xml version="1.0" encoding="UTF-8"?>
<jcr:root xmlns:sling="http://sling.apache.org/jcr/sling/1.0" xmlns:granite="http://www.adobe.com/jcr/granite/1.0" xmlns:cq="http://www.day.com/jcr/cq/1.0" xmlns:jcr="http://www.jcp.org/jcr/1.0" xmlns:nt="http://www.jcp.org/jcr/nt/1.0"
          jcr:primaryType="nt:unstructured"
          jcr:title="Video Tile"
          sling:resourceType="cq/gui/components/authoring/dialog"
          extraClientlibs="[compose.video-tile.v1.editor]">
    <content
            granite:class="video-tile-tabs"
            jcr:primaryType="nt:unstructured"
            sling:resourceType="granite/ui/components/coral/foundation/container">
        <items jcr:primaryType="nt:unstructured">
            <tabs
                    jcr:primaryType="nt:unstructured"
                    sling:resourceType="granite/ui/components/coral/foundation/tabs"
                    maximized="{Boolean}true">
                <items jcr:primaryType="nt:unstructured">
                    <properties
                            jcr:primaryType="nt:unstructured"
                            sling:orderBefore="content"
                            jcr:title="Properties"
                            sling:resourceType="granite/ui/components/coral/foundation/container"
                            margin="{Boolean}true">
                        <items jcr:primaryType="nt:unstructured">
                            <columns
                                    jcr:primaryType="nt:unstructured"
                                    sling:resourceType="granite/ui/components/coral/foundation/fixedcolumns"
                                    margin="{Boolean}true">
                                <items jcr:primaryType="nt:unstructured">
                                    <column
                                            jcr:primaryType="nt:unstructured"
                                            sling:resourceType="granite/ui/components/coral/foundation/container">
                                        <items
                                                jcr:primaryType="nt:unstructured">
                                            <position
                                                    jcr:primaryType="nt:unstructured"
                                                    sling:resourceType="granite/ui/components/coral/foundation/form/select"
                                                    fieldDescription="Position of video-tile."
                                                    fieldLabel="Position"
                                                    name="./position"
                                                    required="{Boolean}false"
                                                    value="vertical">
                                                <items jcr:primaryType="nt:unstructured">
                                                    <vertical
                                                            jcr:primaryType="nt:unstructured"
                                                            text="Vertical"
                                                            value="vertical"/>
                                                    <horizontal-left
                                                            jcr:primaryType="nt:unstructured"
                                                            text="Horizontal Left"
                                                            value="horizontal-left"/>
                                                    <horizontal-right
                                                            jcr:primaryType="nt:unstructured"
                                                            text="Horizontal Right"
                                                            value="horizontal-right"/>
                                                </items>
                                            </position>
                                            <container
                                                    jcr:primaryType="nt:unstructured"
                                                    sling:resourceType="granite/ui/components/coral/foundation/form/select"
                                                    fieldLabel="Container"
                                                    name="./tileContainer"
                                                    required="{Boolean}false"
                                                    value="contained">
                                                <items jcr:primaryType="nt:unstructured">
                                                    <contained
                                                            jcr:primaryType="nt:unstructured"
                                                            text="Contained"
                                                            value="contained"/>
                                                    <free-floating
                                                            jcr:primaryType="nt:unstructured"
                                                            text="Free Floating"
                                                            value="free-floating"/>
                                                </items>
                                            </container>
                                        </items>
                                    </column>
                                </items>
                            </columns>
                        </items>
                    </properties>
                    <content
                            jcr:primaryType="nt:unstructured"
                            jcr:title="Content"
                            sling:orderBefore="advanced"
                            sling:resourceType="granite/ui/components/coral/foundation/fixedcolumns"
                            margin="{Boolean}true">
                        <items jcr:primaryType="nt:unstructured">
                            <column
                                jcr:primaryType="nt:unstructured"
                                sling:resourceType="granite/ui/components/coral/foundation/container">
                                    <items jcr:primaryType="nt:unstructured">
                                        <eyebrow
                                                jcr:primaryType="nt:unstructured"
                                                sling:resourceType="granite/ui/components/coral/foundation/form/textfield"
                                                fieldLabel="Eyebrow"
                                                name="./eyebrow"/>
                                        <title
                                                jcr:primaryType="nt:unstructured"
                                                sling:resourceType="cq/gui/components/authoring/dialog/richtext"
                                                fieldDescription="Title length must be no longer than 30 characters"
                                                fieldLabel="Title"
                                                name="./title"
                                                removeSingleParagraphContainer="{Boolean}true"
                                                externalStyleSheets="[/apps/trp-core/components/content/text/clientlibs/clientlib-rte-styles.css]"
                                                useFixedInlineToolbar="{Boolean}true">
                                                <rtePlugins
                                                        jcr:primaryType="nt:unstructured"
                                                        sling:resourceSuperType="/apps/trp-compose/components/common/shared-rte-dialog/richtext-config-nano/rtePlugins"/>
                                                <uiSettings
                                                        jcr:primaryType="nt:unstructured"
                                                        sling:resourceSuperType="/apps/trp-compose/components/common/shared-rte-dialog/richtext-config-nano/uiSettings"/>
                                        </title>
                                        <description
                                                jcr:primaryType="nt:unstructured"
                                                sling:resourceType="cq/gui/components/authoring/dialog/richtext"
                                                fieldDescription="Title length must be no longer than 30 characters"
                                                fieldLabel="Description"
                                                name="./description"
                                                useFixedInlineToolbar="{Boolean}true">
                                            <rtePlugins
                                                    jcr:primaryType="nt:unstructured"
                                                    sling:resourceSuperType="/apps/trp-compose/components/common/shared-rte-dialog/richtext-config-mini/rtePlugins"/>
                                            <uiSettings
                                                    jcr:primaryType="nt:unstructured"
                                                    sling:resourceSuperType="/apps/trp-compose/components/common/shared-rte-dialog/richtext-config-mini/uiSettings"/>
                                        </description>
                                    </items>
                            </column>
                        </items>
                    </content>
                </items>
            </tabs>
        </items>
    </content>
</jcr:root>
