<?xml version="1.0" encoding="UTF-8"?>
<jcr:root xmlns:sling="http://sling.apache.org/jcr/sling/1.0" xmlns:granite="http://www.adobe.com/jcr/granite/1.0" xmlns:cq="http://www.day.com/jcr/cq/1.0" xmlns:jcr="http://www.jcp.org/jcr/1.0" xmlns:nt="http://www.jcp.org/jcr/nt/1.0"
    jcr:primaryType="nt:unstructured"
    jcr:title="Scatter Chart"
    helpPath="https://app.knapsack.cloud/site/troweprice/latest/pattern/scatter-chart?subPageId=PG40kpiXAn"
    sling:resourceType="cq/gui/components/authoring/dialog">
    <content
        granite:class="cmp-image__editor"
        jcr:primaryType="nt:unstructured"
        sling:resourceType="granite/ui/components/coral/foundation/container">
        <items jcr:primaryType="nt:unstructured">
            <tabs
                jcr:primaryType="nt:unstructured"
                sling:resourceType="granite/ui/components/coral/foundation/tabs"
                maximized="{Boolean}true">
                <items
                    jcr:primaryType="nt:unstructured"
                    sling:hideChildren="[accessibility,link]">
                    <properties
                        jcr:primaryType="nt:unstructured"
                        jcr:title="Properties"
                        sling:resourceType="granite/ui/components/coral/foundation/container"
                        margin="{Boolean}true">
                        <items jcr:primaryType="nt:unstructured">
                            <columns
                                jcr:primaryType="nt:unstructured"
                                sling:resourceType="granite/ui/components/coral/foundation/fixedcolumns"
                                margin="{Boolean}true">
                                <items jcr:primaryType="nt:unstructured">
                                    <column
                                        jcr:primaryType="nt:unstructured"
                                        sling:resourceType="granite/ui/components/coral/foundation/container">
                                        <items jcr:primaryType="nt:unstructured">

                                            <scale
                                                    jcr:primaryType="nt:unstructured"
                                                    sling:resourceType="granite/ui/components/coral/foundation/form/select"
                                                    fieldDescription="Determines how scatter chart or column charts will scale series"
                                                    fieldLabel="Scale"
                                                    name="./scale"
                                                    required="{Boolean}false"
                                                    value="">
                                                <items jcr:primaryType="nt:unstructured">
                                                    <mini
                                                            jcr:primaryType="nt:unstructured"
                                                            text="Mini"
                                                            value="mini"/>
                                                    <normal
                                                            jcr:primaryType="nt:unstructured"
                                                            text="Normal"
                                                            value="normal"/>
                                                    <jumbo
                                                            jcr:primaryType="nt:unstructured"
                                                            text="Jumbo"
                                                            value="jumbo"/>
                                                </items>
                                            </scale>
                                            <legendlayout
                                                    jcr:primaryType="nt:unstructured"
                                                    sling:resourceType="granite/ui/components/coral/foundation/form/select"
                                                    fieldDescription="A space-separated string of values matching the align, verticalAlign, and layout properties of the Highcharts legend. Not all options are necessary or in any particular order."
                                                    fieldLabel="LegendLayout"
                                                    name="./legendlayout"
                                                    required="{Boolean}false"
                                                    value="">
                                                <items jcr:primaryType="nt:unstructured">
                                                    <horizontal
                                                            jcr:primaryType="nt:unstructured"
                                                            text="Horizontal"
                                                            value="horizontal"/>
                                                    <bottom
                                                            jcr:primaryType="nt:unstructured"
                                                            text="Normal"
                                                            value="bottom"/>
                                                    <percent
                                                            jcr:primaryType="nt:unstructured"
                                                            text="Center"
                                                            value="center"/>
                                                </items>
                                            </legendlayout>

                                            <disablelegend
                                                    jcr:primaryType="nt:unstructured"
                                                    sling:resourceType="granite/ui/components/coral/foundation/form/checkbox"
                                                    fieldDescription="Toggle off the legend."
                                                    text="Disable Legend."
                                                    name="./disablelegend"
                                                    uncheckedValue="false"
                                                    value="true"
                                                    required="{Boolean}false"/>

                                        </items>
                                    </column>
                                </items>
                            </columns>
                        </items>
                    </properties>
                </items>
            </tabs>
        </items>
    </content>
</jcr:root>
