<?xml version="1.0" encoding="UTF-8"?>
<jcr:root xmlns:sling="http://sling.apache.org/jcr/sling/1.0" xmlns:granite="http://www.adobe.com/jcr/granite/1.0" xmlns:cq="http://www.day.com/jcr/cq/1.0" xmlns:jcr="http://www.jcp.org/jcr/1.0" xmlns:nt="http://www.jcp.org/jcr/nt/1.0"
    jcr:primaryType="nt:unstructured"
    jcr:title="Map Chart"
    sling:resourceType="cq/gui/components/authoring/dialog"
    extraClientlibs="[acs-commons.widgets.showhidedialogfields]"
    helpPath="https://app.knapsack.cloud/site/troweprice/latest/pattern/donut-chart?subPageId=wgoCH2l7QZ">
    <content
        jcr:primaryType="nt:unstructured"
        sling:resourceType="granite/ui/components/coral/foundation/container">
        <items jcr:primaryType="nt:unstructured">
            <tabs
                jcr:primaryType="nt:unstructured"
                sling:resourceType="granite/ui/components/coral/foundation/tabs"
                maximized="{Boolean}true">
                <items
                    jcr:primaryType="nt:unstructured"
                    sling:hideChildren="[accessibility,link]">



                    <properties
                        jcr:primaryType="nt:unstructured"
                        jcr:title="Properties"
                        sling:resourceType="granite/ui/components/coral/foundation/container"
                        margin="{Boolean}true">
                        <items jcr:primaryType="nt:unstructured">
                            <columns
                                jcr:primaryType="nt:unstructured"
                                sling:resourceType="granite/ui/components/coral/foundation/fixedcolumns"
                                margin="{Boolean}true">
                                <items jcr:primaryType="nt:unstructured">
                                    <column
                                        jcr:primaryType="nt:unstructured"
                                        sling:resourceType="granite/ui/components/coral/foundation/container">
                                        <items jcr:primaryType="nt:unstructured" sling:hideChildren="[legendLayout]">

                                        <showDataLabels
                                                jcr:primaryType="nt:unstructured"
                                                sling:resourceType="granite/ui/components/coral/foundation/form/checkbox"
                                                name="./showDataLabels"
                                                text="Show Data Labels"
                                                uncheckedValue="false"
                                                value="true"/>

                                            <zoomOnClick
                                                    jcr:primaryType="nt:unstructured"
                                                    sling:resourceType="granite/ui/components/coral/foundation/form/checkbox"
                                                    name="./zoomOnClick"
                                                    text="Zoom OnClick"
                                                    uncheckedValue="false"
                                                    value="true"/>


                                        </items>
                                    </column>
                                </items>
                            </columns>
                        </items>
                    </properties>
                    <content
                            jcr:primaryType="nt:unstructured"
                            jcr:title="Content"
                            sling:resourceType="granite/ui/components/coral/foundation/container"
                            margin="{Boolean}true">
                        <items jcr:primaryType="nt:unstructured">
                            <columns
                                    jcr:primaryType="nt:unstructured"
                                    sling:resourceType="granite/ui/components/coral/foundation/fixedcolumns"
                                    margin="{Boolean}true">
                                <items jcr:primaryType="nt:unstructured">
                                    <column
                                            jcr:primaryType="nt:unstructured"
                                            sling:resourceType="granite/ui/components/coral/foundation/container">
                                        <items jcr:primaryType="nt:unstructured" sling:hideChildren="[x-axis-label,y-axis-label,tooltip-settings]">


                                            <title
                                                    jcr:primaryType="nt:unstructured"
                                                    sling:resourceType="granite/ui/components/coral/foundation/form/textfield"
                                                    defaultValue="title"
                                                    fieldLabel="Chart Title"
                                                    name="./title"/>

                                            <dek
                                                    jcr:primaryType="nt:unstructured"
                                                    sling:resourceType="cq/gui/components/authoring/dialog/richtext"
                                                    defaultValue="----- Dek Text------"
                                                    fieldDescription="Subheading explaining the chart"
                                                    fieldLabel="SubTitle"
                                                    name="./subtitle"
                                                    removeSingleParagraphContainer="{Boolean}true"
                                                    useFixedInlineToolbar="{Boolean}true">
                                                <rtePlugins
                                                        jcr:primaryType="nt:unstructured"
                                                        sling:resourceSuperType="/apps/trp-compose/components/common/shared-rte-dialog/richtext-config-nano/rtePlugins"/>
                                                <uiSettings
                                                        jcr:primaryType="nt:unstructured"
                                                        sling:resourceSuperType="/apps/trp-compose/components/common/shared-rte-dialog/richtext-config-nano/uiSettings"/>
                                            </dek>
                                            <footnotes
                                                    jcr:primaryType="nt:unstructured"
                                                    sling:resourceType="cq/gui/components/authoring/dialog/richtext"
                                                    defaultValue="----- Caption Text------"
                                                    fieldDescription="Additional text displayed at the bottom of the chart."
                                                    fieldLabel="Footnotes/ Caption"
                                                    name="./caption"
                                                    removeSingleParagraphContainer="{Boolean}true"
                                                    useFixedInlineToolbar="{Boolean}true">
                                                <rtePlugins
                                                        jcr:primaryType="nt:unstructured"
                                                        sling:resourceSuperType="/apps/trp-compose/components/common/shared-rte-dialog/richtext-config-nano/rtePlugins"/>
                                                <uiSettings
                                                        jcr:primaryType="nt:unstructured"
                                                        sling:resourceSuperType="/apps/trp-compose/components/common/shared-rte-dialog/richtext-config-nano/uiSettings"/>
                                            </footnotes>
                                        </items>
                                    </column>
                                </items>
                            </columns>
                        </items>
                    </content>
                    <asset
                        jcr:primaryType="nt:unstructured"
                        jcr:title="Asset"
                        sling:resourceType="granite/ui/components/coral/foundation/container"
                        margin="{Boolean}true">
                        <items jcr:primaryType="nt:unstructured">
                            <columns
                                jcr:primaryType="nt:unstructured"
                                sling:resourceType="granite/ui/components/coral/foundation/fixedcolumns"
                                margin="{Boolean}true">
                                <items jcr:primaryType="nt:unstructured">
                                    <column
                                        jcr:primaryType="nt:unstructured"
                                        sling:resourceType="granite/ui/components/coral/foundation/container">
                                        <items jcr:primaryType="nt:unstructured">
                                            <dataFile
                                                jcr:primaryType="nt:unstructured"
                                                sling:resourceType="granite/ui/components/coral/foundation/form/pathfield"
                                                emptyText="/content/dam/trp-ref/chart-data-csv/map/mapDataUS.csv"
                                                fieldDescription="Reference the file which contains the data for the chart"
                                                fieldLabel="Upload File (.xlsx or .csv) "
                                                name="./dataFile"
                                                required="{Boolean}true"
                                                rootPath="${not empty cqDesign.defaultPath ? cqDesign.defaultPath : '/content/dam'}">
                                                <granite:data
                                                    jcr:primaryType="nt:unstructured"
                                                    html-should-contain=".html"/>
                                            </dataFile>
                                            <mapDataFile
                                                jcr:primaryType="nt:unstructured"
                                                sling:resourceType="granite/ui/components/coral/foundation/form/pathfield"
                                                emptyText="/content/dam/trp-ref/chart-data-csv/map/us-all.geo.json"
                                                fieldDescription="URL source for a GeoJSON object to set as the map chart's map data. "
                                                fieldLabel="GeoJSON File (.json)"
                                                name="./mapDataFile"
                                                required="{Boolean}true"
                                                rootPath="${not empty cqDesign.defaultPath ? cqDesign.defaultPath : '/content/dam'}">
                                                <granite:data
                                                    jcr:primaryType="nt:unstructured"
                                                    html-should-contain=".html"/>
                                            </mapDataFile>
                                        </items>
                                    </column>
                                </items>
                            </columns>
                        </items>
                    </asset>
                </items>
            </tabs>
        </items>
    </content>
</jcr:root>
