<?xml version="1.0" encoding="UTF-8"?>
<jcr:root xmlns:sling="http://sling.apache.org/jcr/sling/1.0" xmlns:jcr="http://www.jcp.org/jcr/1.0"
          xmlns:nt="http://www.jcp.org/jcr/nt/1.0" xmlns:cq="http://www.day.com/jcr/cq/1.0"
          xmlns:granite="http://www.adobe.com/jcr/granite/1.0"
          jcr:primaryType="nt:unstructured"
          jcr:title="Carousel"
          sling:resourceType="cq/gui/components/authoring/dialog"
          extraClientlibs="[core.wcm.components.commons.editor.dialog.childreneditor.v1,core.wcm.components.carousel.v1.editor,acs-commons.widgets.showhidedialogfields]"
          trackingFeature="core-components:carousel:v1">
    <content
            jcr:primaryType="nt:unstructured"
            granite:class="cmp-carousel__editor">
        <items jcr:primaryType="nt:unstructured">
            <tabs jcr:primaryType="nt:unstructured">
                <items jcr:primaryType="nt:unstructured" sling:hideChildren="properties">
                    <containerItems
                        jcr:primaryType="nt:unstructured"
                        jcr:title="Properties"
                        sling:resourceType="granite/ui/components/coral/foundation/container"
                        margin="{Boolean}true">
                        <items jcr:primaryType="nt:unstructured">
                            <columns
                                jcr:primaryType="nt:unstructured"
                                sling:resourceType="granite/ui/components/coral/foundation/fixedcolumns"
                                margin="{Boolean}true">
                                <items jcr:primaryType="nt:unstructured">
                                    <column
                                        jcr:primaryType="nt:unstructured"
                                        sling:resourceType="granite/ui/components/coral/foundation/container">
                                        <items jcr:primaryType="nt:unstructured">
                                            <containerItems
                                                jcr:primaryType="nt:unstructured"
                                                sling:resourceType="core/wcm/components/commons/editor/dialog/childreneditor/v1/childreneditor"/>
                                        </items>
                                    </column>
                                </items>
                            </columns>
                        </items>
                    </containerItems>
                    <content
                            jcr:primaryType="nt:unstructured"
                            jcr:title="Content"
                            sling:resourceType="granite/ui/components/coral/foundation/container"
                            sling:orderBefore="accessibility"
                            margin="{Boolean}true">
                        <items jcr:primaryType="nt:unstructured">
                            <columns
                                    jcr:primaryType="nt:unstructured"
                                    sling:resourceType="granite/ui/components/coral/foundation/fixedcolumns"
                                    margin="{Boolean}true">
                                <items jcr:primaryType="nt:unstructured">
                                    <column
                                            jcr:primaryType="nt:unstructured"
                                            sling:resourceType="granite/ui/components/coral/foundation/container">
                                        <items jcr:primaryType="nt:unstructured">
                                            <title
                                                    jcr:primaryType="nt:unstructured"
                                                    sling:resourceType="granite/ui/components/coral/foundation/form/textfield"
                                                    fieldLabel="Title"
                                                    name="./title"
                                                    value=""/>
                                            <description
                                                    jcr:primaryType="nt:unstructured"
                                                    sling:resourceType="cq/gui/components/authoring/dialog/richtext"
                                                    fieldLabel="Description (only available with Foundation version 3.9.0+)"
                                                    name="./description"
                                                    externalStyleSheets="[/apps/trp-core/components/content/text/clientlibs/clientlib-rte-styles.css]"
                                                    useFixedInlineToolbar="{Boolean}true">
                                                <rtePlugins
                                                        jcr:primaryType="nt:unstructured"
                                                        sling:resourceSuperType="/apps/trp-compose/components/common/shared-rte-dialog/richtext-config-mini/rtePlugins"/>
                                                <uiSettings
                                                        jcr:primaryType="nt:unstructured"
                                                        sling:resourceSuperType="/apps/trp-compose/components/common/shared-rte-dialog/richtext-config-mini/uiSettings"/>
                                            </description>
                                            <hideCount
                                                    jcr:primaryType="nt:unstructured"
                                                    sling:resourceType="granite/ui/components/coral/foundation/form/checkbox"
                                                    fieldLabel="Hide Item Count (only available with Foundation version 3.9.0+)"
                                                    fieldDescription="Check for hiding item count"
                                                    name="./hideCount"
                                                    text="Hide Item Count"
                                                    value="{Boolean}true"
                                                    uncheckedValue="{Boolean}false" />
                                        </items>
                                    </column>
                                </items>
                            </columns>
                        </items>
                    </content>
                    <accessibility
                            jcr:primaryType="nt:unstructured"
                            jcr:title="Accessibility"
                            sling:orderBefore="style"
                            sling:resourceType="granite/ui/components/coral/foundation/container"
                            margin="{Boolean}true">
                        <items jcr:primaryType="nt:unstructured">
                            <columns
                                    jcr:primaryType="nt:unstructured"
                                    sling:resourceType="granite/ui/components/coral/foundation/fixedcolumns"
                                    margin="{Boolean}true">
                                <items jcr:primaryType="nt:unstructured">
                                    <column
                                            jcr:primaryType="nt:unstructured"
                                            sling:resourceType="granite/ui/components/coral/foundation/container">
                                        <items jcr:primaryType="nt:unstructured"
                                               sling:hideChildren="[accessibilityPlay,accessibilityPause]">
                                            <accessibilityLabel
                                                    jcr:primaryType="nt:unstructured"
                                                    sling:resourceType="granite/ui/components/coral/foundation/form/textfield"
                                                    fieldDescription="Value of an aria-label attribute for the carousel, which describes the carousel content."
                                                    fieldLabel="Label"
                                                    name="./accessibilityLabel"
                                                    value=""/>
                                        </items>
                                    </column>
                                </items>
                            </columns>
                        </items>
                    </accessibility>
                    <link jcr:primaryType="nt:unstructured"
                          jcr:title="Links"
                          sling:orderBefore="performance"
                          sling:resourceType="granite/ui/components/coral/foundation/fixedcolumns"
                          margin="{Boolean}true">
                        <items jcr:primaryType="nt:unstructured">
                            <columns jcr:primaryType="nt:unstructured"
                                     sling:resourceType="granite/ui/components/coral/foundation/container">
                                <items jcr:primaryType="nt:unstructured">
                                    <buttonAlignment
                                            jcr:primaryType="nt:unstructured"
                                            sling:resourceType="granite/ui/components/coral/foundation/form/select"
                                            fieldLabel="CTA Buttons Alignment (only available with Foundation version 3.9.0+)"
                                            name="./buttonAlign"
                                            required="{Boolean}false">
                                        <items jcr:primaryType="nt:unstructured">
                                            <horizontal
                                                    jcr:primaryType="nt:unstructured"
                                                    text="Horizontal"
                                                    value="horizontal"/>
                                            <vertical
                                                    jcr:primaryType="nt:unstructured"
                                                    text="Vertical"
                                                    value="vertical"/>
                                        </items>
                                    </buttonAlignment>
                                    <buttons
                                            jcr:primaryType="nt:unstructured"
                                            sling:resourceType="granite/ui/components/coral/foundation/form/multifield"
                                            fieldLabel="CTA Buttons (only available with Foundation version 3.9.0+)"
                                            composite="{Boolean}true"
                                            required="{Boolean}false">
                                        <field
                                                jcr:primaryType="nt:unstructured"
                                                sling:resourceType="granite/ui/components/coral/foundation/container"
                                                name="./cta">
                                            <items jcr:primaryType="nt:unstructured">
                                                <column
                                                        jcr:primaryType="nt:unstructured"
                                                        sling:resourceType="granite/ui/components/coral/foundation/container">
                                                    <items jcr:primaryType="nt:unstructured">
                                                        <accordion
                                                                cq:showOnCreate="{Boolean}true"
                                                                jcr:primaryType="nt:unstructured"
                                                                jcr:title="Button"
                                                                sling:resourceType="granite/ui/components/foundation/container">
                                                            <layout
                                                                    jcr:primaryType="nt:unstructured"
                                                                    sling:resourceType="granite/ui/components/foundation/layouts/collapsible"/>
                                                            <items jcr:primaryType="nt:unstructured">
                                                                <label
                                                                        jcr:primaryType="nt:unstructured"
                                                                        sling:resourceType="granite/ui/components/coral/foundation/form/textfield"
                                                                        fieldLabel="Button Text"
                                                                        fieldDescription="Field description"
                                                                        maxLength="{Long}35"
                                                                        name="./label"
                                                                        required="{Boolean}true"/>
                                                                <elementId
                                                                        jcr:primaryType="nt:unstructured"
                                                                        sling:resourceType="granite/ui/components/coral/foundation/form/textfield"
                                                                        fieldLabel="Item ID"
                                                                        fieldDescription="This ID is required to form the relationship between the article tile and article tile container."
                                                                        maxLength="{Long}35"
                                                                        name="./elementId"
                                                                        required="{Boolean}false"/>
                                                                <useIconography
                                                                        jcr:primaryType="nt:unstructured"
                                                                        sling:resourceType="granite/ui/components/coral/foundation/form/checkbox"
                                                                        fieldLabel="Use Beacon Iconography Component"
                                                                        name="./useIconography"
                                                                        value="{Boolean}true"
                                                                        uncheckedValue="{Boolean}false"
                                                                        text="Use Iconography (Available with foundation version 4.2.0+)"
                                                                        granite:class="cq-dialog-showhide">
                                                                    <granite:data
                                                                            jcr:primaryType="nt:unstructured"
                                                                            acs-cq-dialog-dropdown-checkbox-showhide=""
                                                                            acs-cq-dialog-dropdown-checkbox-showhide-multifield=""
                                                                            acs-cq-dialog-dropdown-checkbox-showhide-target=".showhide-iconography"/>
                                                                </useIconography>
                                                                <iconographyButton
                                                                        jcr:primaryType="nt:unstructured"
                                                                        sling:resourceType="granite/ui/components/coral/foundation/form/select"
                                                                        fieldDescription="Select an icon"
                                                                        fieldLabel="Icon"
                                                                        name="./iconographyName"
                                                                        emptyOption="true"
                                                                        granite:class="showhide-iconography">
                                                                    <granite:data
                                                                            jcr:primaryType="nt:unstructured"
                                                                            acs-checkboxshowhidetargetvalue="true"/>
                                                                    <datasource
                                                                            jcr:primaryType="nt:unstructured"
                                                                            sling:resourceType="/apps/trp-compose/components/icon/datasource/icon-datasource.html"/>
                                                                </iconographyButton>
                                                                <iconographyLabel
                                                                        jcr:primaryType="nt:unstructured"
                                                                        sling:resourceType="granite/ui/components/coral/foundation/form/textfield"
                                                                        emptyText=""
                                                                        fieldDescription="Icons are assumed to be decorative by default. Providing a label will expose it to screen readers with this label."
                                                                        fieldLabel="Icon Label"
                                                                        name="./iconographyLabel"
                                                                        required="{Boolean}false"
                                                                        granite:class="showhide-iconography">
                                                                    <granite:data
                                                                            jcr:primaryType="nt:unstructured"
                                                                            acs-checkboxshowhidetargetvalue="true"/>
                                                                </iconographyLabel>
                                                                <iconographySize
                                                                        jcr:primaryType="nt:unstructured"
                                                                        sling:resourceType="granite/ui/components/coral/foundation/form/select"
                                                                        sling:orderBefore="buttonId"
                                                                        fieldDescription="Select an icon size"
                                                                        fieldLabel="Icon Size"
                                                                        name="./iconographySize"
                                                                        value="s"
                                                                        granite:class="showhide-iconography">
                                                                    <granite:data
                                                                            jcr:primaryType="nt:unstructured"
                                                                            acs-checkboxshowhidetargetvalue="true"/>
                                                                    <items jcr:primaryType="nt:unstructured">
                                                                        <small
                                                                                jcr:primaryType="nt:unstructured"
                                                                                text="Small"
                                                                                value="s"/>
                                                                        <medium
                                                                                jcr:primaryType="nt:unstructured"
                                                                                text="Medium"
                                                                                value="m"/>
                                                                        <large
                                                                                jcr:primaryType="nt:unstructured"
                                                                                text="Large"
                                                                                value="l"/>
                                                                    </items>
                                                                </iconographySize>
                                                                <buttonIcon
                                                                        jcr:primaryType="nt:unstructured"
                                                                        sling:resourceType="granite/ui/components/coral/foundation/form/pathfield"
                                                                        fieldLabel="Button Icon (18x18 size preferred)"
                                                                        name="./icon"
                                                                        rootPath="/content/dam"
                                                                        droppable="{Boolean}true"
                                                                        granite:class="showhide-iconography">
                                                                    <granite:data
                                                                            jcr:primaryType="nt:unstructured"
                                                                            acs-checkboxshowhidetargetvalue=""/>
                                                                </buttonIcon>
                                                                <buttonIconAlignment
                                                                        jcr:primaryType="nt:unstructured"
                                                                        sling:resourceType="granite/ui/components/coral/foundation/form/select"
                                                                        fieldLabel="Button Icon Alignment"
                                                                        name="./iconAlign"
                                                                        required="{Boolean}false"
                                                                        value="left">
                                                                    <items jcr:primaryType="nt:unstructured">
                                                                        <left
                                                                                jcr:primaryType="nt:unstructured"
                                                                                text="Left"
                                                                                value="left"/>
                                                                        <right
                                                                                jcr:primaryType="nt:unstructured"
                                                                                text="Right"
                                                                                value="right"/>
                                                                    </items>
                                                                </buttonIconAlignment>
                                                                <link
                                                                        jcr:primaryType="nt:unstructured"
                                                                        sling:resourceType="granite/ui/components/coral/foundation/form/pathfield"
                                                                        fieldLabel="Link"
                                                                        fieldDescription="Field description"
                                                                        rootPath="/content"
                                                                        name="./link"
                                                                        required="{Boolean}true"/>
                                                                <ariaLabel
                                                                        jcr:primaryType="nt:unstructured"
                                                                        sling:resourceType="granite/ui/components/coral/foundation/form/textfield"
                                                                        fieldLabel="Name for assistive technologies"
                                                                        fieldDescription="Include the visible text followed by brief additional text that provides assistive technology users with more context for the link or button's purpose"
                                                                        maxLength="{Long}35"
                                                                        name="./ariaLabel"/>
                                                                <variant
                                                                        jcr:primaryType="nt:unstructured"
                                                                        sling:resourceType="granite/ui/components/coral/foundation/form/select"
                                                                        fieldLabel="Variation"
                                                                        name="./variant"
                                                                        value="primary"
                                                                        required="{Boolean}true">
                                                                    <items jcr:primaryType="nt:unstructured">
                                                                        <primary jcr:primaryType="nt:unstructured"
                                                                                 text="Primary" value="primary"/>
                                                                        <secondary jcr:primaryType="nt:unstructured"
                                                                                   text="Secondary" value="secondary"/>
                                                                        <tertiary jcr:primaryType="nt:unstructured"
                                                                                  text="Tertiary" value="tertiary"/>
                                                                    </items>
                                                                </variant>
                                                                <scale
                                                                        jcr:primaryType="nt:unstructured"
                                                                        sling:resourceType="granite/ui/components/coral/foundation/form/select"
                                                                        fieldDescription="Select a button scale"
                                                                        fieldLabel="Button Scale"
                                                                        value="normal"
                                                                        name="./scale">
                                                                    <items jcr:primaryType="nt:unstructured">
                                                                        <normal
                                                                                jcr:primaryType="nt:unstructured"
                                                                                text="Normal"
                                                                                value="normal"/>
                                                                        <mini
                                                                                jcr:primaryType="nt:unstructured"
                                                                                text="Mini"
                                                                                value="mini"/>
                                                                        <jumbo
                                                                                jcr:primaryType="nt:unstructured"
                                                                                text="Jumbo"
                                                                                value="jumbo"/>
                                                                    </items>
                                                                </scale>
                                                                <buttonTarget
                                                                        jcr:primaryType="nt:unstructured"
                                                                        sling:resourceType="granite/ui/components/coral/foundation/form/select"
                                                                        fieldDescription="Select a button link target"
                                                                        fieldLabel="Button Link Target"
                                                                        name="./buttonTarget">
                                                                    <items jcr:primaryType="nt:unstructured">
                                                                        <self
                                                                                jcr:primaryType="nt:unstructured"
                                                                                text="Self (default, opens link in same tab)"
                                                                                value="_self"/>
                                                                        <blank
                                                                                jcr:primaryType="nt:unstructured"
                                                                                text="Blank (opens link in new tab)"
                                                                                value="_blank"/>
                                                                        <parent
                                                                                jcr:primaryType="nt:unstructured"
                                                                                text="Parent (opens link in parent window)"
                                                                                value="_parent"/>
                                                                        <top
                                                                                jcr:primaryType="nt:unstructured"
                                                                                text="Top (opens link in full body of the window)"
                                                                                value="_top"/>
                                                                    </items>
                                                                </buttonTarget>
                                                                <gatedButton
                                                                        jcr:primaryType="nt:unstructured"
                                                                        sling:resourceType="granite/ui/components/coral/foundation/form/checkbox"
                                                                        fieldLabel="Gated Button"
                                                                        fieldDescription="Check for enabling gated button functionality"
                                                                        name="./gatedButton"
                                                                        text="Gated Button"
                                                                        value="{Boolean}true"
                                                                        uncheckedValue="{Boolean}false" />
                                                                <customAttributes
                                                                        jcr:primaryType="nt:unstructured"
                                                                        sling:resourceType="granite/ui/components/coral/foundation/form/multifield"
                                                                        fieldLabel="Custom Attributes"
                                                                        fieldDescription="Custom attributes as key Value pairs"
                                                                        composite="{Boolean}true"
                                                                        required="{Boolean}false">
                                                                    <field
                                                                            jcr:primaryType="nt:unstructured"
                                                                            sling:resourceType="granite/ui/components/coral/foundation/container"
                                                                            name="./customAttributes">
                                                                        <items jcr:primaryType="nt:unstructured">
                                                                            <column
                                                                                    jcr:primaryType="nt:unstructured"
                                                                                    sling:resourceType="granite/ui/components/coral/foundation/container">
                                                                                <items jcr:primaryType="nt:unstructured">
                                                                                    <key
                                                                                            jcr:primaryType="nt:unstructured"
                                                                                            sling:resourceType="granite/ui/components/coral/foundation/form/textfield"
                                                                                            fieldLabel="Key"
                                                                                            maxLength="{Long}50"
                                                                                            name="./key"
                                                                                            required="{Boolean}false"/>
                                                                                    <value
                                                                                            jcr:primaryType="nt:unstructured"
                                                                                            sling:resourceType="granite/ui/components/coral/foundation/form/textfield"
                                                                                            fieldLabel="Value"
                                                                                            maxLength="{Long}50"
                                                                                            name="./value"
                                                                                            required="{Boolean}false"/>
                                                                                </items>
                                                                            </column>
                                                                        </items>
                                                                    </field>
                                                                </customAttributes>
                                                            </items>
                                                        </accordion>
                                                    </items>
                                                </column>
                                            </items>
                                        </field>
                                    </buttons>
                                </items>
                            </columns>
                        </items>
                    </link>
                    <performance
                            jcr:primaryType="nt:unstructured"
                            jcr:title="Performance"
                            sling:resourceType="granite/ui/components/coral/foundation/fixedcolumns"
                            margin="{Boolean}true">
                        <items jcr:primaryType="nt:unstructured">
                            <columns
                                    jcr:primaryType="nt:unstructured"
                                    sling:resourceType="granite/ui/components/coral/foundation/fixedcolumns"
                                    margin="{Boolean}true">
                                <items jcr:primaryType="nt:unstructured">
                                    <column
                                            jcr:primaryType="nt:unstructured"
                                            sling:resourceType="granite/ui/components/coral/foundation/container">
                                        <items jcr:primaryType="nt:unstructured">
                                            <deferDefinedDisabled
                                                    jcr:primaryType="nt:unstructured"
                                                    sling:resourceType="granite/ui/components/coral/foundation/form/checkbox"
                                                    fieldLabel="Disable Until Defined"
                                                    fieldDescription="By Default rendering is deferred until component is defined,Check to disable it"
                                                    name="./deferDefinedDisabled"
                                                    text="Disable Defer Defined Option"
                                                    value="{Boolean}true"
                                                    uncheckedValue="{Boolean}false" />
                                        </items>
                                    </column>
                                </items>
                            </columns>
                        </items>
                    </performance>
                    <style jcr:primaryType="nt:unstructured"
                           jcr:title="Style"
                           sling:resourceType="granite/ui/components/coral/foundation/fixedcolumns"
                           margin="{Boolean}true">
                        <items jcr:primaryType="nt:unstructured">
                            <columns jcr:primaryType="nt:unstructured" sling:resourceType="granite/ui/components/coral/foundation/container">
                                <items jcr:primaryType="nt:unstructured">
                                    <mode
                                            jcr:primaryType="nt:unstructured"
                                            sling:resourceType="granite/ui/components/coral/foundation/form/select"
                                            fieldLabel="Mode"
                                            name="./mode"
                                            value="beacon-on-light"
                                            required="{Boolean}false">
                                        <items jcr:primaryType="nt:unstructured">
                                            <none jcr:primaryType="nt:unstructured" text="None" value=""/>
                                            <light jcr:primaryType="nt:unstructured" text="Light" value="beacon-on-light"/>
                                            <lighter jcr:primaryType="nt:unstructured" text="Lighter" value="beacon-on-lighter"/>
                                            <dark jcr:primaryType="nt:unstructured" text="Dark" value="beacon-on-dark"/>
                                            <darker jcr:primaryType="nt:unstructured" text="Darker" value="beacon-on-darker"/>
                                        </items>
                                    </mode>
                                </items>
                            </columns>
                        </items>
                    </style>
                    <cq:styles
                            jcr:primaryType="nt:unstructured"
                            sling:resourceType="granite/ui/components/coral/foundation/include"
                            sling:hideResource="{Boolean}true"
                            path="/mnt/overlay/cq/gui/components/authoring/dialog/style/tab_edit/styletab"/>
                </items>
            </tabs>
        </items>
    </content>
</jcr:root>
