<?xml version="1.0" encoding="UTF-8"?>
<jcr:root xmlns:sling="http://sling.apache.org/jcr/sling/1.0" xmlns:cq="http://www.day.com/jcr/cq/1.0"
          xmlns:jcr="http://www.jcp.org/jcr/1.0" xmlns:nt="http://www.jcp.org/jcr/nt/1.0"
          xmlns:granite="http://www.adobe.com/jcr/granite/1.0"
          jcr:primaryType="nt:unstructured"
          jcr:title="Contact Tile"
          helpPath="https://app.knapsack.cloud/site/troweprice/latest/pattern/contact-tile?subPageId=gDIKnUrViE"
          sling:resourceType="cq/gui/components/authoring/dialog"
          extraClientlibs="[compose.contact-tile.v1.editor,acs-commons.widgets.showhidedialogfields]">
    <content
            granite:class="contact-tile-tabs"
            jcr:primaryType="nt:unstructured"
            sling:resourceType="granite/ui/components/coral/foundation/container">
        <items jcr:primaryType="nt:unstructured">
            <tabs
                    jcr:primaryType="nt:unstructured"
                    sling:resourceType="granite/ui/components/coral/foundation/tabs"
                    maximized="{Boolean}false">
                <items jcr:primaryType="nt:unstructured"
                       sling:hideChildren="[properties]">
                    <bioRef
                            jcr:primaryType="nt:unstructured"
                            sling:orderBefore="link"
                            jcr:title="Bio Reference"
                            sling:resourceType="granite/ui/components/coral/foundation/container"
                            margin="{Boolean}true">
                        <items jcr:primaryType="nt:unstructured">
                            <columns
                                    jcr:primaryType="nt:unstructured"
                                    sling:resourceType="granite/ui/components/coral/foundation/fixedcolumns"
                                    margin="{Boolean}true">
                                <items jcr:primaryType="nt:unstructured">
                                    <column
                                            jcr:primaryType="nt:unstructured"
                                            sling:resourceType="granite/ui/components/coral/foundation/container">
                                        <items jcr:primaryType="nt:unstructured">
                                            <author
                                                    jcr:primaryType="nt:unstructured"
                                                    sling:resourceType="granite/ui/components/coral/foundation/form/autocomplete"
                                                    emptyOption="false"
                                                    fieldLabel="Bio"
                                                    emptyText="Select author"
                                                    maxlength="255"
                                                    name="./authorBioPath">
                                                <datasource
                                                        jcr:primaryType="nt:unstructured"
                                                        sling:resourceType="trp-ecl/components/content/datasource/v2/biography"/>
                                                <options
                                                        jcr:primaryType="nt:unstructured"
                                                        sling:resourceType="granite/ui/components/coral/foundation/form/autocomplete/list"/>
                                            </author>
                                            <useSecondaryJobTitle
                                                    jcr:primaryType="nt:unstructured"
                                                    sling:resourceType="granite/ui/components/coral/foundation/form/switch"
                                                    fieldLabel="Use Secondary Job Title"
                                                    checked="{Boolean}false"
                                                    name="./useSecondaryJobTitle"/>
                                            <overrideBio
                                                    jcr:primaryType="nt:unstructured"
                                                    sling:resourceType="granite/ui/components/coral/foundation/form/switch"
                                                    fieldLabel="Override Bio"
                                                    checked="{Boolean}false"
                                                    name="./overrideResource"/>
                                        </items>
                                    </column>
                                </items>
                            </columns>
                        </items>
                    </bioRef>
                    <asset
                            jcr:primaryType="nt:unstructured"
                            jcr:title="Asset"
                            sling:orderBefore="link"
                            sling:resourceType="granite/ui/components/coral/foundation/container"
                            margin="{Boolean}true">
                        <items jcr:primaryType="nt:unstructured">
                            <columns
                                    jcr:primaryType="nt:unstructured"
                                    sling:resourceType="granite/ui/components/coral/foundation/fixedcolumns"
                                    margin="{Boolean}true">
                                <items jcr:primaryType="nt:unstructured">
                                    <column
                                            jcr:primaryType="nt:unstructured"
                                            sling:resourceType="granite/ui/components/coral/foundation/container">
                                        <items jcr:primaryType="nt:unstructured">
                                            <file
                                                    jcr:primaryType="nt:unstructured"
                                                    sling:resourceType="cq/gui/components/authoring/dialog/fileupload"
                                                    allowUpload="{Boolean}false"
                                                    autoStart="{Boolean}false"
                                                    class="cq-droptarget"
                                                    fieldLabel="Icon Asset"
                                                    fileNameParameter="./fileName"
                                                    fileReferenceParameter="./fileReference"
                                                    mimeTypes="[image/gif,image/jpeg,image/png,image/tiff,image/svg+xml]"
                                                    multiple="{Boolean}false"
                                                    name="./file"
                                                    title="Upload Image Asset"
                                                    uploadUrl="${suffix.path}"
                                                    useHTML5="{Boolean}true"/>
                                            <altText
                                                    jcr:primaryType="nt:unstructured"
                                                    sling:resourceType="granite/ui/components/coral/foundation/form/textfield"
                                                    fieldLabel="Alternative text for assistive technologies"
                                                    fieldDescription="Text-based description of the visual asset's function or appearance for assistive technologies, communicating the same information as the image itself"
                                                    maxLength="{Long}35"
                                                    name="./altText"/>
                                        </items>
                                    </column>
                                </items>
                            </columns>
                        </items>
                    </asset>
                    <content
                            jcr:primaryType="nt:unstructured"
                            jcr:title="Content"
                            sling:orderBefore="link"
                            sling:resourceType="granite/ui/components/coral/foundation/fixedcolumns"
                            margin="{Boolean}true">
                        <items jcr:primaryType="nt:unstructured">
                            <columns
                                    jcr:primaryType="nt:unstructured"
                                    sling:resourceType="granite/ui/components/coral/foundation/container">
                                <items jcr:primaryType="nt:unstructured"
                                       sling:hideChildren="[eyebrowContainer,footnote]">
                                    <name
                                            jcr:primaryType="nt:unstructured"
                                            sling:resourceType="granite/ui/components/coral/foundation/form/textfield"
                                            fieldLabel="Name"
                                            name="./title"/>
                                    <titleContainer jcr:primaryType="nt:unstructured"
                                                    jcr:title="Name">
                                        <items jcr:primaryType="nt:unstructured"
                                               sling:hideChildren="[title]">
                                            <titleTag jcr:primaryType="nt:unstructured">
                                                <items jcr:primaryType="nt:unstructured"
                                                       sling:hideChildren="[headerOne]"/>
                                            </titleTag>
                                        </items>
                                    </titleContainer>
                                    <jobTitle
                                            jcr:primaryType="nt:unstructured"
                                            sling:resourceType="granite/ui/components/coral/foundation/form/textfield"
                                            fieldLabel="Job Title"
                                            name="./jobTitle"/>
                                    <description
                                            jcr:primaryType="nt:unstructured"
                                            sling:orderBefore="telephone"/>
                                    <telephone
                                            jcr:primaryType="nt:unstructured"
                                            sling:resourceType="granite/ui/components/coral/foundation/form/textfield"
                                            fieldLabel="Phone number"
                                            name="./phone"/>
                                    <email
                                            jcr:primaryType="nt:unstructured"
                                            sling:resourceType="granite/ui/components/coral/foundation/form/textfield"
                                            fieldLabel="Email address"
                                            name="./email"/>
                                    <subject
                                            jcr:primaryType="nt:unstructured"
                                            sling:resourceType="granite/ui/components/coral/foundation/form/textfield"
                                            fieldLabel="Email subject"
                                            name="./subject"/>
                                </items>
                            </columns>
                        </items>
                    </content>
                </items>
            </tabs>
        </items>
    </content>
</jcr:root>
