<?xml version="1.0" encoding="UTF-8"?>
<jcr:root xmlns:sling="http://sling.apache.org/jcr/sling/1.0" xmlns:granite="http://www.adobe.com/jcr/granite/1.0" xmlns:cq="http://www.day.com/jcr/cq/1.0" xmlns:jcr="http://www.jcp.org/jcr/1.0" xmlns:nt="http://www.jcp.org/jcr/nt/1.0"
          jcr:primaryType="nt:unstructured"
          jcr:title="Video"
          sling:resourceType="cq/gui/components/authoring/dialog"
          extraClientlibs="[compose.video.v1.editor]">
    <content
            granite:class="video-tile-tabs"
            jcr:primaryType="nt:unstructured"
            sling:resourceType="granite/ui/components/coral/foundation/container">
        <items jcr:primaryType="nt:unstructured">
            <tabs
                    jcr:primaryType="nt:unstructured"
                    sling:resourceType="granite/ui/components/coral/foundation/tabs"
                    maximized="{Boolean}true">
                <items jcr:primaryType="nt:unstructured">
                    <customProperties
                            granite:class="iid-custom-tab"
                            jcr:primaryType="nt:unstructured"
                            jcr:title="Reference"
                            sling:resourceType="granite/ui/components/coral/foundation/fixedcolumns">
                        <items jcr:primaryType="nt:unstructured">
                            <column
                                    jcr:primaryType="nt:unstructured"
                                    sling:resourceType="granite/ui/components/foundation/container">
                                <items jcr:primaryType="nt:unstructured">
                                    <videoCF
                                            jcr:primaryType="nt:unstructured"
                                            sling:resourceType="granite/ui/components/foundation/container">
                                        <items jcr:primaryType="nt:unstructured">
                                            <fragmentPath
                                                    sling:resourceType="dam/cfm/components/cfpicker"
                                                    jcr:primaryType="nt:unstructured"
                                                    fieldLabel="Path to Video content fragment"
                                                    name="./fragmentPath"
                                                    rootPath="/content/dam"
                                                    emptyText="Enter or select Video content fragment"
                                                    fieldDescription="Path to the Content Fragment to display."
                                                    pickerTitle="Select Content Fragment"
                                                    droppable="{Boolean}true"/>
                                            <variationName
                                                    jcr:primaryType="nt:unstructured"
                                                    sling:resourceType="granite/ui/components/coral/foundation/form/select"
                                                    fieldDescription="Specify which variation to display"
                                                    sling:orderBefore="displayMode"
                                                    fieldLabel="Variation"
                                                    name="./variationName">
                                                <datasource
                                                        jcr:primaryType="nt:unstructured"
                                                        sling:resourceType="core/wcm/components/contentfragment/v1/datasource/variations"
                                                        componentPath="${requestPathInfo.suffix}"
                                                        fragmentPath="${param.fragmentPath}" />
                                                <granite:data
                                                        jcr:primaryType="nt:unstructured"
                                                        field-path="${requestPathInfo.resourcePath}" />
                                            </variationName>
                                        </items>
                                    </videoCF>
                                    <overrideResource
                                            jcr:primaryType="nt:unstructured"
                                            sling:resourceType="granite/ui/components/coral/foundation/form/switch"
                                            fieldLabel="Override Content Source (Manually Enter Content)"
                                            name="./overrideResource"/>
                                </items>
                            </column>
                        </items>
                    </customProperties>
                    <content
                            jcr:primaryType="nt:unstructured"
                            jcr:title="Content"
                            sling:resourceType="granite/ui/components/coral/foundation/fixedcolumns"
                            margin="{Boolean}true">
                        <items jcr:primaryType="nt:unstructured">
                            <column
                                jcr:primaryType="nt:unstructured"
                                sling:resourceType="granite/ui/components/coral/foundation/container">
                                    <items jcr:primaryType="nt:unstructured">
                                        <videoType
                                                jcr:primaryType="nt:unstructured"
                                                sling:hideResource="{Boolean}true"/>
                                        <video-select
                                                jcr:primaryType="nt:unstructured"
                                                sling:hideResource="{Boolean}true"/>
                                        <mediaType
                                                jcr:primaryType="nt:unstructured"
                                                granite:class="cq-dialog-dropdown-showhide"
                                                sling:resourceType="granite/ui/components/coral/foundation/form/select"
                                                fieldLabel="Media Type"
                                                name="./mediaType"
                                                value="video">
                                                <items jcr:primaryType="nt:unstructured">
                                                    <video
                                                            jcr:primaryType="nt:unstructured"
                                                            text="Video"
                                                            value="video"/>
                                                    <playlist
                                                            jcr:primaryType="nt:unstructured"
                                                            text="Playlist"
                                                            value="playlist"/>
                                                </items>
                                            <granite:data
                                                    jcr:primaryType="nt:unstructured"
                                                    cq-dialog-dropdown-showhide-target=".showhidetargets"/>
                                        </mediaType>
                                        <playListContainer
                                                granite:class="showhidetargets"
                                                jcr:primaryType="nt:unstructured"
                                                sling:resourceType="granite/ui/components/coral/foundation/container">
                                            <granite:data
                                                    jcr:primaryType="nt:unstructured"
                                                    showhidetargetvalue="playlist"/>
                                            <items jcr:primaryType="nt:unstructured">
                                                <playlistTitle
                                                        jcr:primaryType="nt:unstructured"
                                                        sling:resourceType="granite/ui/components/coral/foundation/form/textfield"
                                                        fieldLabel="Playlist Title"
                                                        name="./playlistTitle"/>
                                                <playlistId
                                                        jcr:primaryType="nt:unstructured"
                                                        sling:resourceType="granite/ui/components/coral/foundation/form/textfield"
                                                        fieldDescription="Enter the video/playlist ID"
                                                        fieldLabel="Playlist ID"
                                                        name="./playlistId"
                                                        required="false"/>
                                            </items>
                                        </playListContainer>
                                        <videoContainer
                                                granite:class="showhidetargets"
                                                jcr:primaryType="nt:unstructured"
                                                sling:resourceType="granite/ui/components/coral/foundation/container">
                                            <granite:data
                                                    jcr:primaryType="nt:unstructured"
                                                    showhidetargetvalue="video"/>
                                            <items jcr:primaryType="nt:unstructured">
                                                <videoId
                                                        jcr:primaryType="nt:unstructured"
                                                        sling:resourceType="granite/ui/components/coral/foundation/form/textfield"
                                                        fieldDescription="Enter the video/playlist ID"
                                                        fieldLabel="Video ID"
                                                        name="./videoId"
                                                        required="false"/>
                                            </items>
                                        </videoContainer>
                                        <playlistID
                                                jcr:primaryType="nt:unstructured"
                                                sling:hideResource="{Boolean}true"/>
                                        <autoStart
                                                jcr:primaryType="nt:unstructured"
                                                sling:resourceType="granite/ui/components/coral/foundation/form/checkbox"
                                                fieldLabel="Auto play"
                                                name="./autoStart"
                                                text="Auto play"
                                                uncheckedValue="{Boolean}false"
                                                value="{Boolean}true"/>
                                    </items>
                            </column>
                        </items>
                    </content>
                    <advanced
                            jcr:primaryType="nt:unstructured"
                            jcr:title="Advanced"
                            sling:resourceType="granite/ui/components/coral/foundation/container"
                            margin="{Boolean}true">
                        <items jcr:primaryType="nt:unstructured">
                            <column
                                    jcr:primaryType="nt:unstructured"
                                    sling:resourceType="granite/ui/components/coral/foundation/container">
                                <items jcr:primaryType="nt:unstructured">
                                    <transcriptTitle
                                            jcr:primaryType="nt:unstructured"
                                            sling:resourceType="granite/ui/components/coral/foundation/form/textfield"
                                            fieldLabel="Transcript Title"
                                            name="./transcriptTitle"/>
                                    <transcript
                                            jcr:primaryType="nt:unstructured"
                                            sling:resourceType="cq/gui/components/authoring/dialog/richtext"
                                            fieldLabel="Transcript"
                                            name="./transcript"
                                            externalStyleSheets="[/apps/trp-core/components/content/text/clientlibs/clientlib-rte-styles.css]"
                                            useFixedInlineToolbar="{Boolean}true">
                                        <rtePlugins
                                                jcr:primaryType="nt:unstructured"
                                                sling:resourceSuperType="/apps/trp-compose/components/common/shared-rte-dialog/richtext-config-mini/rtePlugins"/>
                                        <uiSettings
                                                jcr:primaryType="nt:unstructured"
                                                sling:resourceSuperType="/apps/trp-compose/components/common/shared-rte-dialog/richtext-config-mini/uiSettings"/>
                                    </transcript>
                                    <inModel
                                            jcr:primaryType="nt:unstructured"
                                            sling:resourceType="granite/ui/components/coral/foundation/form/checkbox"
                                            fieldDescription="Open Transcript as expandable instead of Modal"
                                            name="./inModel"
                                            text="Show inline"
                                            uncheckedValue="{Boolean}false"
                                            value="{Boolean}true"/>
                                </items>
                            </column>
                        </items>
                    </advanced>
                    <performance
                            jcr:primaryType="nt:unstructured"
                            jcr:title="Performance"
                            sling:resourceType="granite/ui/components/coral/foundation/fixedcolumns"
                            margin="{Boolean}true">
                        <items jcr:primaryType="nt:unstructured">
                            <columns
                                    jcr:primaryType="nt:unstructured"
                                    sling:resourceType="granite/ui/components/coral/foundation/fixedcolumns"
                                    margin="{Boolean}true">
                                <items jcr:primaryType="nt:unstructured">
                                    <column
                                            jcr:primaryType="nt:unstructured"
                                            sling:resourceType="granite/ui/components/coral/foundation/container">
                                        <items jcr:primaryType="nt:unstructured">
                                            <deferDefinedDisabled
                                                    jcr:primaryType="nt:unstructured"
                                                    sling:resourceType="granite/ui/components/coral/foundation/form/checkbox"
                                                    fieldLabel="Disable Until Defined"
                                                    fieldDescription="By Default rendering is deferred until component is defined,Check to disable it"
                                                    name="./deferDefinedDisabled"
                                                    text="Disable Defer Defined Option"
                                                    value="{Boolean}true"
                                                    uncheckedValue="{Boolean}false" />
                                        </items>
                                    </column>
                                </items>
                            </columns>
                        </items>
                    </performance>
                    <style jcr:primaryType="nt:unstructured"
                           jcr:title="Style"
                           sling:resourceType="granite/ui/components/coral/foundation/fixedcolumns"
                           margin="{Boolean}true">
                        <items jcr:primaryType="nt:unstructured">
                            <columns jcr:primaryType="nt:unstructured" sling:resourceType="granite/ui/components/coral/foundation/container">
                                <items jcr:primaryType="nt:unstructured">
                                    <mode
                                            jcr:primaryType="nt:unstructured"
                                            sling:resourceType="granite/ui/components/coral/foundation/form/select"
                                            fieldLabel="Mode"
                                            name="./mode"
                                            value="beacon-on-light"
                                            required="{Boolean}false">
                                        <items jcr:primaryType="nt:unstructured">
                                            <none jcr:primaryType="nt:unstructured" text="None" value=""/>
                                            <light jcr:primaryType="nt:unstructured" text="Light" value="beacon-on-light"/>
                                            <lighter jcr:primaryType="nt:unstructured" text="Lighter" value="beacon-on-lighter"/>
                                            <dark jcr:primaryType="nt:unstructured" text="Dark" value="beacon-on-dark"/>
                                            <darker jcr:primaryType="nt:unstructured" text="Darker" value="beacon-on-darker"/>
                                        </items>
                                    </mode>
                                </items>
                            </columns>
                        </items>
                    </style>
                </items>
            </tabs>
        </items>
    </content>
</jcr:root>
