<?xml version="1.0" encoding="UTF-8"?>
<jcr:root xmlns:cq="http://www.day.com/jcr/cq/1.0" xmlns:jcr="http://www.jcp.org/jcr/1.0"
          xmlns:nt="http://www.jcp.org/jcr/nt/1.0"
          jcr:primaryType="nt:unstructured">
    <rtePlugins jcr:primaryType="nt:unstructured">
        <format
                jcr:primaryType="nt:unstructured"
                features="bold,italic"/>
        <justify
                jcr:primaryType="nt:unstructured"
                features="-"/>
        <links
                jcr:primaryType="nt:unstructured"
                features="-"/>
        <lists
                jcr:primaryType="nt:unstructured"
                features="-"/>
        <misctools jcr:primaryType="nt:unstructured"
                   features="*">
            <specialCharsConfig jcr:primaryType="nt:unstructured">
                <chars jcr:primaryType="nt:unstructured">
                    <copyright
                            jcr:primaryType="nt:unstructured"
                            entity="&amp;copy;"/>
                    <trademark
                            jcr:primaryType="nt:unstructured"
                            entity="&amp;trade;"/>
                    <registered
                            jcr:primaryType="nt:unstructured"
                            entity="&amp;reg;"/>
                    <euro
                            jcr:primaryType="nt:unstructured"
                            entity="&amp;euro;"/>
                    <pound
                            jcr:primaryType="nt:unstructured"
                            entity="&amp;pound;"/>
                    <emDash
                            jcr:primaryType="nt:unstructured"
                            entity="&amp;mdash;"/>
                    <nbsp
                            jcr:primaryType="nt:unstructured"
                            entity="&amp;nbsp;"/>
                    <dollar
                            jcr:primaryType="nt:unstructured"
                            entity="&amp;dollar;"/>
                    <shy
                            jcr:primaryType="nt:unstructured"
                            entity="&amp;shy;"/>
                </chars>
            </specialCharsConfig>
        </misctools>
        <subsuperscript
                jcr:primaryType="nt:unstructured"
                features="*"/>
        <edit
                jcr:primaryType="nt:unstructured"
                defaultPasteMode="plaintext"
                features="*"/>
        <paraformat
                jcr:primaryType="nt:unstructured"
                features="-">
        </paraformat>
        <table
                jcr:primaryType="nt:unstructured"
                features="-">
            <hiddenHeaderConfig
                    jcr:primaryType="nt:unstructured"
                    hiddenHeaderClassName="cq-wcm-foundation-aria-visuallyhidden"
                    hiddenHeaderEditingCSS="cq-RichText-hiddenHeader--editing"/>
        </table>
        <tracklinks
                jcr:primaryType="nt:unstructured"
                features="*"/>
        <styles
                jcr:primaryType="nt:unstructured"
                features="*">
            <styles jcr:primaryType="cq:WidgetCollection">
                <b-word-wrap
                        jcr:primaryType="nt:unstructured"
                        cssName="b-word-wrap"
                        text="Primary Beacon word wrap"/>
                <b-word-wrap-secondary
                        jcr:primaryType="nt:unstructured"
                        cssName="b-word-wrap secondary"
                        text="Secondary Beacon word wrap"/>
                <b-word-break-hyphen
                        jcr:primaryType="nt:unstructured"
                        cssName="b-word-break-hyphen"
                        text="Word break hyphen"/>
                <b-word-typography-100
                        jcr:primaryType="nt:unstructured"
                        cssName="b-typography-sans-serif--body--100"
                        text="Body 100"/>
                <b-word-typography-200
                        jcr:primaryType="nt:unstructured"
                        cssName="b-typography-sans-serif--body--200"
                        text="Body 200"/>
                <b-word-caption-200
                        jcr:primaryType="nt:unstructured"
                        cssName="b-typography-sans-serif--caption--200"
                        text="Caption 200"/>
                <b-word-caption-300
                        jcr:primaryType="nt:unstructured"
                        cssName="b-typography-sans-serif--caption--300"
                        text="Caption 300"/>
            </styles>
        </styles>
    </rtePlugins>
    <uiSettings jcr:primaryType="nt:unstructured">
        <cui jcr:primaryType="nt:unstructured">
            <inline
                    jcr:primaryType="nt:unstructured"
                    toolbar="[format#bold,format#italic,format#underline,subsuperscript#subscript,subsuperscript#superscript,misctools#specialchars,#styles]">
                <popovers jcr:primaryType="nt:unstructured">
                    <styles
                            jcr:primaryType="nt:unstructured"
                            items="styles:getStyles:styles-pulldown"
                            ref="styles"/>
                </popovers>
            </inline>
            <dialogFullScreen
                    jcr:primaryType="nt:unstructured"
                    toolbar="[format#bold,format#italic,format#underline,subsuperscript#subscript,subsuperscript#superscript,misctools#specialchars,#styles]">
                <popovers jcr:primaryType="nt:unstructured">
                    <styles
                            jcr:primaryType="nt:unstructured"
                            items="styles:getStyles:styles-pulldown"
                            ref="styles"/>
                </popovers>
            </dialogFullScreen>
        </cui>
    </uiSettings>
</jcr:root>
