<?xml version="1.0" encoding="UTF-8"?>
<jcr:root xmlns:granite="http://www.adobe.com/jcr/granite/1.0" xmlns:sling="http://sling.apache.org/jcr/sling/1.0" xmlns:cq="http://www.day.com/jcr/cq/1.0" xmlns:jcr="http://www.jcp.org/jcr/1.0" xmlns:nt="http://www.jcp.org/jcr/nt/1.0"
    jcr:primaryType="nt:unstructured"
    jcr:title="Action Bar"
    sling:resourceType="cq/gui/components/authoring/dialog"
    extraClientlibs="[acs-commons.widgets.showhidedialogfields]">
    <content
        jcr:primaryType="nt:unstructured"
        sling:resourceType="granite/ui/components/coral/foundation/container">
        <items jcr:primaryType="nt:unstructured">
            <tabs
                jcr:primaryType="nt:unstructured"
                sling:resourceType="granite/ui/components/coral/foundation/tabs"
                maximized="{Boolean}false">
                <items jcr:primaryType="nt:unstructured"
                    sling:hideChildren="[asset,content,accessibility]">
                    <properties
                        jcr:primaryType="nt:unstructured"
                        jcr:title="Properties"
                        sling:resourceType="granite/ui/components/coral/foundation/container"
                        margin="{Boolean}true">
                        <items jcr:primaryType="nt:unstructured">
                            <columns
                                jcr:primaryType="nt:unstructured"
                                sling:resourceType="granite/ui/components/coral/foundation/fixedcolumns"
                                margin="{Boolean}true">
                                <items jcr:primaryType="nt:unstructured">
                                    <column
                                        jcr:primaryType="nt:unstructured"
                                        sling:resourceType="granite/ui/components/coral/foundation/container">
                                        <items jcr:primaryType="nt:unstructured">
                                            <activeAt
                                                jcr:primaryType="nt:unstructured"
                                                sling:resourceType="granite/ui/components/coral/foundation/form/textfield"
                                                fieldLabel="Active at"
                                                fieldDescription="Action Bars are visible by default unless a starting point is provided. The Action Bar will remain inactive until the starting element has been intersected in the viewport. Use this option only if changing the markup of your layout isn't possible for relying solely on the built-in CSS of sticky positioning."
                                                maxLength="{Long}35"
                                                name="./activeAt"
                                                required="{Boolean}false"/>
                                            <appendTo
                                                    jcr:primaryType="nt:unstructured"
                                                    sling:resourceType="granite/ui/components/coral/foundation/form/textfield"
                                                    fieldLabel="Append To"
                                                    fieldDescription="Defaults to main. This property will allow the Action Bar to append itself in the right place given you know the CSS selector of the element where it should belong."
                                                    maxLength="{Long}35"
                                                    name="./appendTo"
                                                    required="{Boolean}false"/>
                                        </items>
                                    </column>
                                </items>
                            </columns>
                        </items>
                    </properties>
                    <link jcr:primaryType="nt:unstructured"
                      jcr:title="Links"
                      sling:orderBefore="performance"
                      sling:resourceType="granite/ui/components/coral/foundation/fixedcolumns"
                      margin="{Boolean}true">
                    <items jcr:primaryType="nt:unstructured">
                        <columns jcr:primaryType="nt:unstructured"
                                 sling:resourceType="granite/ui/components/coral/foundation/container">
                            <items jcr:primaryType="nt:unstructured">
                                <label
                                        jcr:primaryType="nt:unstructured"
                                        sling:resourceType="granite/ui/components/coral/foundation/form/textfield"
                                        fieldLabel="Button Text"
                                        fieldDescription="Field description"
                                        maxLength="{Long}35"
                                        name="./button/label"
                                        required="{Boolean}false"/>
                                <elementId
                                        jcr:primaryType="nt:unstructured"
                                        sling:resourceType="granite/ui/components/coral/foundation/form/textfield"
                                        fieldLabel="Item ID"
                                        fieldDescription="This ID is required to form the relationship between the article tile and article tile container."
                                        maxLength="{Long}35"
                                        name="./button/elementId"
                                        required="{Boolean}false"/>
                                <useIconography
                                        jcr:primaryType="nt:unstructured"
                                        sling:resourceType="granite/ui/components/coral/foundation/form/checkbox"
                                        fieldLabel="Use Beacon Iconography Component"
                                        name="./useIconography"
                                        value="{Boolean}true"
                                        uncheckedValue="{Boolean}false"
                                        text="Use Iconography (Available with foundation version 4.2.0+)"
                                        granite:class="cq-dialog-showhide">
                                    <granite:data
                                            jcr:primaryType="nt:unstructured"
                                            acs-cq-dialog-dropdown-checkbox-showhide=""
                                            acs-cq-dialog-dropdown-checkbox-showhide-target=".showhide-iconography"/>
                                </useIconography>
                                <iconographyButton
                                        jcr:primaryType="nt:unstructured"
                                        sling:resourceType="granite/ui/components/coral/foundation/form/select"
                                        fieldDescription="Select an icon"
                                        fieldLabel="Icon"
                                        name="./iconographyName"
                                        emptyOption="true"
                                        granite:class="showhide-iconography">
                                    <granite:data
                                            jcr:primaryType="nt:unstructured"
                                            acs-checkboxshowhidetargetvalue="true"/>
                                    <datasource
                                            jcr:primaryType="nt:unstructured"
                                            sling:resourceType="/apps/trp-compose/components/icon/datasource/icon-datasource.html"/>
                                </iconographyButton>
                                <iconographyLabel
                                        jcr:primaryType="nt:unstructured"
                                        sling:resourceType="granite/ui/components/coral/foundation/form/textfield"
                                        emptyText=""
                                        fieldDescription="Icons are assumed to be decorative by default. Providing a label will expose it to screen readers with this label."
                                        fieldLabel="Icon Label"
                                        name="./iconographyLabel"
                                        required="{Boolean}false"
                                        granite:class="showhide-iconography">
                                    <granite:data
                                            jcr:primaryType="nt:unstructured"
                                            acs-checkboxshowhidetargetvalue="true"/>
                                </iconographyLabel>
                                <iconographySize
                                        jcr:primaryType="nt:unstructured"
                                        sling:resourceType="granite/ui/components/coral/foundation/form/select"
                                        sling:orderBefore="buttonId"
                                        fieldDescription="Select an icon size"
                                        fieldLabel="Icon Size"
                                        name="./iconographySize"
                                        value="s"
                                        granite:class="showhide-iconography">
                                    <granite:data
                                            jcr:primaryType="nt:unstructured"
                                            acs-checkboxshowhidetargetvalue="true"/>
                                    <items jcr:primaryType="nt:unstructured">
                                        <small
                                                jcr:primaryType="nt:unstructured"
                                                text="Small"
                                                value="s"/>
                                        <medium
                                                jcr:primaryType="nt:unstructured"
                                                text="Medium"
                                                value="m"/>
                                        <large
                                                jcr:primaryType="nt:unstructured"
                                                text="Large"
                                                value="l"/>
                                    </items>
                                </iconographySize>
                                <buttonIcon
                                        jcr:primaryType="nt:unstructured"
                                        sling:resourceType="granite/ui/components/coral/foundation/form/pathfield"
                                        fieldLabel="Button Icon (18x18 size preferred)"
                                        name="./button/icon"
                                        rootPath="/content/dam"
                                        droppable="{Boolean}true"
                                        granite:class="showhide-iconography">
                                    <granite:data
                                            jcr:primaryType="nt:unstructured"
                                            acs-checkboxshowhidetargetvalue=""/>
                                </buttonIcon>
                                <buttonIconAlignment
                                        jcr:primaryType="nt:unstructured"
                                        sling:resourceType="granite/ui/components/coral/foundation/form/select"
                                        fieldLabel="Button Icon Alignment"
                                        name="./button/iconAlign"
                                        required="{Boolean}false"
                                        value="left">
                                    <items jcr:primaryType="nt:unstructured">
                                        <left
                                                jcr:primaryType="nt:unstructured"
                                                text="Left"
                                                value="left"/>
                                        <right
                                                jcr:primaryType="nt:unstructured"
                                                text="Right"
                                                value="right"/>
                                    </items>
                                </buttonIconAlignment>
                                <link
                                        jcr:primaryType="nt:unstructured"
                                        sling:resourceType="granite/ui/components/coral/foundation/form/pathfield"
                                        fieldLabel="Link"
                                        fieldDescription="Field description"
                                        rootPath="/content"
                                        name="./button/link"
                                        required="{Boolean}false"/>
                                <ariaLabel
                                        jcr:primaryType="nt:unstructured"
                                        sling:resourceType="granite/ui/components/coral/foundation/form/textfield"
                                        fieldLabel="Name for assistive technologies"
                                        fieldDescription="Include the visible text followed by brief additional text that provides assistive technology users with more context for the link or button's purpose"
                                        maxLength="{Long}35"
                                        name="./button/ariaLabel"/>
                                <variant
                                        jcr:primaryType="nt:unstructured"
                                        sling:resourceType="granite/ui/components/coral/foundation/form/select"
                                        fieldLabel="Variation"
                                        name="./button/variant"
                                        value="primary"
                                        required="{Boolean}false">
                                    <items jcr:primaryType="nt:unstructured">
                                        <primary jcr:primaryType="nt:unstructured"
                                                 text="Primary" value="primary"/>
                                        <secondary jcr:primaryType="nt:unstructured"
                                                   text="Secondary" value="secondary"/>
                                        <tertiary jcr:primaryType="nt:unstructured"
                                                  text="Tertiary" value="tertiary"/>
                                    </items>
                                </variant>
                                <scale
                                        jcr:primaryType="nt:unstructured"
                                        sling:resourceType="granite/ui/components/coral/foundation/form/select"
                                        fieldDescription="Select a button scale"
                                        fieldLabel="Button Scale"
                                        value="normal"
                                        name="./button/scale">
                                    <items jcr:primaryType="nt:unstructured">
                                        <normal
                                                jcr:primaryType="nt:unstructured"
                                                text="Normal"
                                                value="normal"/>
                                        <mini
                                                jcr:primaryType="nt:unstructured"
                                                text="Mini"
                                                value="mini"/>
                                        <jumbo
                                                jcr:primaryType="nt:unstructured"
                                                text="Jumbo"
                                                value="jumbo"/>
                                    </items>
                                </scale>
                                <buttonTarget
                                        jcr:primaryType="nt:unstructured"
                                        sling:resourceType="granite/ui/components/coral/foundation/form/select"
                                        fieldDescription="Select a button link target"
                                        fieldLabel="Button Link Target"
                                        name="./button/buttonTarget">
                                    <items jcr:primaryType="nt:unstructured">
                                        <self
                                                jcr:primaryType="nt:unstructured"
                                                text="Self (default, opens link in same tab)"
                                                value="_self"/>
                                        <blank
                                                jcr:primaryType="nt:unstructured"
                                                text="Blank (opens link in new tab)"
                                                value="_blank"/>
                                        <parent
                                                jcr:primaryType="nt:unstructured"
                                                text="Parent (opens link in parent window)"
                                                value="_parent"/>
                                        <top
                                                jcr:primaryType="nt:unstructured"
                                                text="Top (opens link in full body of the window)"
                                                value="_top"/>
                                    </items>
                                </buttonTarget>
                                <gatedButton
                                        jcr:primaryType="nt:unstructured"
                                        sling:resourceType="granite/ui/components/coral/foundation/form/checkbox"
                                        fieldLabel="Gated Button"
                                        fieldDescription="Check for enabling gated button functionality"
                                        name="./button/gatedButton"
                                        text="Gated Button"
                                        value="{Boolean}true"
                                        uncheckedValue="{Boolean}false" />
                                <customAttributes
                                        jcr:primaryType="nt:unstructured"
                                        sling:resourceType="granite/ui/components/coral/foundation/form/multifield"
                                        fieldLabel="Custom Attributes"
                                        fieldDescription="Custom attributes as key Value pairs"
                                        composite="{Boolean}true"
                                        required="{Boolean}false">
                                    <field
                                            jcr:primaryType="nt:unstructured"
                                            sling:resourceType="granite/ui/components/coral/foundation/container"
                                            name="./button/customAttributes">
                                        <items jcr:primaryType="nt:unstructured">
                                            <column
                                                    jcr:primaryType="nt:unstructured"
                                                    sling:resourceType="granite/ui/components/coral/foundation/container">
                                                <items jcr:primaryType="nt:unstructured">
                                                    <key
                                                            jcr:primaryType="nt:unstructured"
                                                            sling:resourceType="granite/ui/components/coral/foundation/form/textfield"
                                                            fieldLabel="Key"
                                                            maxLength="{Long}50"
                                                            name="./key"
                                                            required="{Boolean}false"/>
                                                    <value
                                                            jcr:primaryType="nt:unstructured"
                                                            sling:resourceType="granite/ui/components/coral/foundation/form/textfield"
                                                            fieldLabel="Value"
                                                            maxLength="{Long}50"
                                                            name="./value"
                                                            required="{Boolean}false"/>
                                                </items>
                                            </column>
                                        </items>
                                    </field>
                                </customAttributes>
                            </items>
                        </columns>
                    </items>
                </link>
                </items>
            </tabs>
        </items>
    </content>
</jcr:root>
