<?xml version="1.0" encoding="UTF-8"?>
<jcr:root xmlns:sling="http://sling.apache.org/jcr/sling/1.0" xmlns:granite="http://www.adobe.com/jcr/granite/1.0" xmlns:cq="http://www.day.com/jcr/cq/1.0" xmlns:jcr="http://www.jcp.org/jcr/1.0" xmlns:nt="http://www.jcp.org/jcr/nt/1.0"
          jcr:primaryType="nt:unstructured"
          jcr:title="Audio Player"
          sling:resourceType="cq/gui/components/authoring/dialog">
    <content
            jcr:primaryType="nt:unstructured"
            sling:resourceType="granite/ui/components/coral/foundation/container">
        <items jcr:primaryType="nt:unstructured">
            <tabs
                    jcr:primaryType="nt:unstructured"
                    sling:resourceType="granite/ui/components/coral/foundation/tabs"
                    maximized="{Boolean}true">
                <items jcr:primaryType="nt:unstructured">
                    <customProperties
                            granite:class="iid-custom-tab"
                            jcr:primaryType="nt:unstructured"
                            jcr:title="Reference"
                            sling:resourceType="granite/ui/components/coral/foundation/fixedcolumns">
                        <items jcr:primaryType="nt:unstructured">
                            <column
                                jcr:primaryType="nt:unstructured"
                                sling:resourceType="granite/ui/components/foundation/container">
                                <items jcr:primaryType="nt:unstructured">
                                    <media
                                        jcr:primaryType="nt:unstructured"
                                        sling:resourceType="granite/ui/components/coral/foundation/form/pathfield"
                                        fieldLabel="Media thumbnail image"
                                        fieldDescription="Accepts an image to be placed in the top left of the Audio Player. Optimal dimensions 300*300"
                                        name="./media"
                                        rootPath="/content/dam"
                                        droppable="{Boolean}true"/>
                                </items>
                            </column>
                        </items>
                    </customProperties>
                    <content
                            jcr:primaryType="nt:unstructured"
                            jcr:title="Content"
                            sling:resourceType="granite/ui/components/coral/foundation/fixedcolumns"
                            margin="{Boolean}true">
                        <items jcr:primaryType="nt:unstructured">
                            <column
                                jcr:primaryType="nt:unstructured"
                                sling:resourceType="granite/ui/components/coral/foundation/container">
                                    <items jcr:primaryType="nt:unstructured">
                                        <title
                                            jcr:primaryType="nt:unstructured"
                                            sling:resourceType="granite/ui/components/coral/foundation/form/textfield"
                                            fieldLabel="Title"
                                            fieldDescription="Title for the Audio Player."
                                            name="./title"
                                            required="{Boolean}true"/>
                                        <description
                                            jcr:primaryType="nt:unstructured"
                                            sling:resourceType="cq/gui/components/authoring/dialog/richtext"
                                            fieldDescription="Description content for the Audio Player."
                                            fieldLabel="Description"
                                            name="./description"
                                            removeSingleParagraphContainer="{Boolean}true"
                                            externalStyleSheets="[/apps/trp-core/components/content/text/clientlibs/clientlib-rte-styles.css]"
                                            useFixedInlineToolbar="{Boolean}true"
                                            required="{Boolean}false">
                                            <rtePlugins
                                                jcr:primaryType="nt:unstructured"
                                                sling:resourceSuperType="/apps/trp-compose/components/common/shared-rte-dialog/richtext-config-nano/rtePlugins"/>
                                            <uiSettings
                                                jcr:primaryType="nt:unstructured"
                                                sling:resourceSuperType="/apps/trp-compose/components/common/shared-rte-dialog/richtext-config-nano/uiSettings"/>
                                        </description>
                                        <audioId
                                            jcr:primaryType="nt:unstructured"
                                            sling:resourceType="granite/ui/components/coral/foundation/form/textfield"
                                            fieldDescription="Enter the Audio Id"
                                            fieldLabel="Audio ID"
                                            name="./audioId"
                                            required="{Boolean}true"/>
                                    </items>
                            </column>
                        </items>
                    </content>
                    <advanced
                            jcr:primaryType="nt:unstructured"
                            jcr:title="Advanced"
                            sling:resourceType="granite/ui/components/coral/foundation/container"
                            margin="{Boolean}true">
                        <items jcr:primaryType="nt:unstructured">
                            <column
                                jcr:primaryType="nt:unstructured"
                                sling:resourceType="granite/ui/components/coral/foundation/container">
                                <items jcr:primaryType="nt:unstructured">
                                    <transcript
                                            jcr:primaryType="nt:unstructured"
                                            sling:resourceType="cq/gui/components/authoring/dialog/richtext"
                                            fieldLabel="Transcript"
                                            fieldDescription="Accepts a beacon-video-transcript element to display the audio in an accessible format."
                                            name="./transcript"
                                            externalStyleSheets="[/apps/trp-core/components/content/text/clientlibs/clientlib-rte-styles.css]"
                                            useFixedInlineToolbar="{Boolean}true"
                                            required="{Boolean}false">
                                        <rtePlugins
                                                jcr:primaryType="nt:unstructured"
                                                sling:resourceSuperType="/apps/trp-compose/components/common/shared-rte-dialog/richtext-config-mini/rtePlugins"/>
                                        <uiSettings
                                                jcr:primaryType="nt:unstructured"
                                                sling:resourceSuperType="/apps/trp-compose/components/common/shared-rte-dialog/richtext-config-mini/uiSettings"/>
                                    </transcript>
                                </items>
                            </column>
                        </items>
                    </advanced>
                    <style jcr:primaryType="nt:unstructured"
                           jcr:title="Style"
                           sling:resourceType="granite/ui/components/coral/foundation/fixedcolumns"
                           margin="{Boolean}true">
                        <items jcr:primaryType="nt:unstructured">
                            <columns jcr:primaryType="nt:unstructured" sling:resourceType="granite/ui/components/coral/foundation/container">
                                <items jcr:primaryType="nt:unstructured">
                                    <mode
                                        jcr:primaryType="nt:unstructured"
                                        sling:resourceType="granite/ui/components/coral/foundation/form/select"
                                        fieldLabel="Mode"
                                        name="./mode"
                                        value="beacon-on-light"
                                        required="{Boolean}false">
                                        <items jcr:primaryType="nt:unstructured">
                                            <none jcr:primaryType="nt:unstructured" text="None" value=""/>
                                            <light jcr:primaryType="nt:unstructured" text="Light" value="beacon-on-light"/>
                                            <lighter jcr:primaryType="nt:unstructured" text="Lighter" value="beacon-on-lighter"/>
                                            <dark jcr:primaryType="nt:unstructured" text="Dark" value="beacon-on-dark"/>
                                            <darker jcr:primaryType="nt:unstructured" text="Darker" value="beacon-on-darker"/>
                                        </items>
                                    </mode>
                                </items>
                            </columns>
                        </items>
                    </style>
                </items>
            </tabs>
        </items>
    </content>
</jcr:root>
