<?xml version="1.0" encoding="UTF-8"?>
<jcr:root xmlns:sling="http://sling.apache.org/jcr/sling/1.0" xmlns:granite="http://www.adobe.com/jcr/granite/1.0" xmlns:cq="http://www.day.com/jcr/cq/1.0" xmlns:jcr="http://www.jcp.org/jcr/1.0" xmlns:nt="http://www.jcp.org/jcr/nt/1.0"
    jcr:primaryType="nt:unstructured"
    jcr:title="Article Tile"
    sling:resourceType="cq/gui/components/authoring/dialog"
    helpPath="https://app.knapsack.cloud/site/troweprice/latest/pattern/article-tile?subPageId=ngykd5cMWU"
    extraClientlibs="[compose.article-tile.v1.editor,acs-commons.widgets.showhidedialogfields]">
    <content
        granite:class="article-tile-tabs"
        jcr:primaryType="nt:unstructured"
        sling:resourceType="granite/ui/components/coral/foundation/container">
        <items jcr:primaryType="nt:unstructured">
            <tabs
                jcr:primaryType="nt:unstructured"
                sling:resourceType="granite/ui/components/coral/foundation/tabs"
                maximized="{Boolean}false">
                <items jcr:primaryType="nt:unstructured">
                    <customProperties
                        granite:class="iid-custom-tab"
                        jcr:primaryType="nt:unstructured"
                        jcr:title="Reference"
                        sling:resourceType="granite/ui/components/coral/foundation/fixedcolumns">
                        <items jcr:primaryType="nt:unstructured">
                            <column
                                jcr:primaryType="nt:unstructured"
                                sling:resourceType="granite/ui/components/foundation/container">
                                <items jcr:primaryType="nt:unstructured">
                                    <contentSource
                                            jcr:primaryType="nt:unstructured"
                                            sling:resourceType="granite/ui/components/foundation/form/select"
                                            class="cq-dialog-dropdown-showhide"
                                            cq-dialog-dropdown-showhide-target=".content-source-options-showhide-target"
                                            fieldDescription="Select a content source to override"
                                            fieldLabel="Content Source"
                                            name="./contentSource"
                                            required="{Boolean}false">
                                        <items jcr:primaryType="nt:unstructured">
                                            <articlePage
                                                    jcr:primaryType="nt:unstructured"
                                                    text="Article Page"
                                                    value="article"/>
                                            <contentFragment
                                                    jcr:primaryType="nt:unstructured"
                                                    text="Content Fragment"
                                                    value="cf"/>
                                        </items>
                                    </contentSource>
                                    <articlePageSource
                                            jcr:primaryType="nt:unstructured"
                                            sling:resourceType="granite/ui/components/foundation/container"
                                            class="hide content-source-options-showhide-target"
                                            showhidetargetvalue="article">
                                        <items jcr:primaryType="nt:unstructured">
                                            <siteContent
                                                    jcr:primaryType="nt:unstructured"
                                                    sling:resourceType="granite/ui/components/coral/foundation/form/pathfield"
                                                    fieldLabel="Path to Article Page"
                                                    name="./resourcePath"
                                                    required="false"
                                                    rootPath="/content"/>
                                        </items>
                                    </articlePageSource>
                                    <tileCF
                                            jcr:primaryType="nt:unstructured"
                                            sling:resourceType="granite/ui/components/foundation/container"
                                            class="hide content-source-options-showhide-target"
                                            showhidetargetvalue="cf">
                                        <items jcr:primaryType="nt:unstructured">
                                            <fragmentPath
                                                    sling:resourceType="dam/cfm/components/cfpicker"
                                                    jcr:primaryType="nt:unstructured"
                                                    fieldLabel="Path to Article Tile content fragment"
                                                    name="./fragmentPath"
                                                    rootPath="/content/dam"
                                                    emptyText="Enter or select Article Tile content fragment"
                                                    fieldDescription="Path to the Content Fragment to display."
                                                    pickerTitle="Select Content Fragment"
                                                    droppable="{Boolean}true"/>
                                            <variationName
                                                    jcr:primaryType="nt:unstructured"
                                                    sling:resourceType="granite/ui/components/coral/foundation/form/select"
                                                    fieldDescription="Specify which variation to display"
                                                    sling:orderBefore="displayMode"
                                                    fieldLabel="Variation"
                                                    name="./variationName">
                                                <datasource
                                                        jcr:primaryType="nt:unstructured"
                                                        sling:resourceType="core/wcm/components/contentfragment/v1/datasource/variations"
                                                        componentPath="${requestPathInfo.suffix}"
                                                        fragmentPath="${param.fragmentPath}" />
                                                <granite:data
                                                        jcr:primaryType="nt:unstructured"
                                                        field-path="${requestPathInfo.resourcePath}" />
                                            </variationName>
                                        </items>
                                    </tileCF>
                                    <overrideResource
                                        jcr:primaryType="nt:unstructured"
                                        sling:resourceType="granite/ui/components/coral/foundation/form/switch"
                                        fieldLabel="Override Content Source (Manually Enter Content)"
                                        name="./overrideResource"/>
                                </items>
                            </column>
                        </items>
                    </customProperties>
                    <properties
                        jcr:primaryType="nt:unstructured"
                        jcr:title="Properties"
                        sling:resourceType="granite/ui/components/coral/foundation/container"
                        margin="{Boolean}true">
                        <items jcr:primaryType="nt:unstructured">
                            <columns
                                jcr:primaryType="nt:unstructured"
                                sling:resourceType="granite/ui/components/coral/foundation/fixedcolumns"
                                margin="{Boolean}true">
                                <items jcr:primaryType="nt:unstructured">
                                    <column
                                        jcr:primaryType="nt:unstructured"
                                        sling:resourceType="granite/ui/components/coral/foundation/container">
                                        <items
                                            jcr:primaryType="nt:unstructured">
                                            <position
                                                jcr:primaryType="nt:unstructured"
                                                sling:resourceType="granite/ui/components/coral/foundation/form/select"
                                                fieldDescription="Basic styles that orient the Content Zone in relation to the Media Zone that are configured based on position property setting"
                                                fieldLabel="Position"
                                                name="./position"
                                                required="{Boolean}false"
                                                value="vertical">
                                                <items jcr:primaryType="nt:unstructured">
                                                    <vertical
                                                        jcr:primaryType="nt:unstructured"
                                                        text="Vertical Bottom (Default)"
                                                        value="vertical"/>
                                                    <verticalTop
                                                        jcr:primaryType="nt:unstructured"
                                                        text="Vertical Top (only available with foundation 3.8.0+)"
                                                        value="vertical-top"/>
                                                    <horizontal-left
                                                        jcr:primaryType="nt:unstructured"
                                                        text="Horizontal Left"
                                                        value="horizontal-left"/>
                                                    <horizontal-right
                                                        jcr:primaryType="nt:unstructured"
                                                        text="Horizontal Right"
                                                        value="horizontal-right"/>
                                                </items>
                                            </position>
                                            <layout
                                                    jcr:primaryType="nt:unstructured"
                                                    granite:class="cq-dialog-dropdown-showhide"
                                                    sling:resourceType="granite/ui/components/coral/foundation/form/select"
                                                    fieldLabel="Layout (Only applies for Horizontal tiles)"
                                                    fieldDescription="Space distribution for the content and media. Only applies for Horizontal tiles."
                                                    name="./layout"
                                                    value="standard"
                                                    required="{Boolean}false">
                                                <items jcr:primaryType="nt:unstructured">
                                                    <standard jcr:primaryType="nt:unstructured" text="Standard" value="standard"/>
                                                    <wide jcr:primaryType="nt:unstructured" text="Wide (deprecated with Foundation 4.6+)" value="wide"/>
                                                    <media-wide jcr:primaryType="nt:unstructured" text="Media Wide (available with Foundation 4.6+)" value="media-wide"/>
                                                    <contentWide jcr:primaryType="nt:unstructured" text="Content Wide (available with Foundation 4.6+)" value="content-wide"/>
                                                </items>
                                                <granite:data
                                                        jcr:primaryType="nt:unstructured"
                                                        cq-dialog-dropdown-showhide-target=".layout-showhide-target"/>
                                            </layout>
                                            <aspectRatioContainer
                                                    jcr:primaryType="nt:unstructured"
                                                    sling:resourceType="granite/ui/components/coral/foundation/container"
                                                    granite:class="hide layout-showhide-target">
                                                <items jcr:primaryType="nt:unstructured">
                                                    <aspectRatio
                                                            jcr:primaryType="nt:unstructured"
                                                            sling:resourceType="granite/ui/components/coral/foundation/form/select"
                                                            fieldLabel="Aspect Ratio (This option is deprecated with Foundation 4.6+)"
                                                            name="./aspectRatio"
                                                            value="1:1"
                                                            required="{Boolean}false">
                                                        <items jcr:primaryType="nt:unstructured">
                                                            <oneOne jcr:primaryType="nt:unstructured" text="1:1"
                                                                      value="1:1"/>
                                                            <threeTwo jcr:primaryType="nt:unstructured" text="3:2" value="3:2"/>
                                                        </items>
                                                    </aspectRatio>
                                                </items>
                                                <granite:data
                                                        jcr:primaryType="nt:unstructured"
                                                        showhidetargetvalue="wide"/>
                                            </aspectRatioContainer>
                                            <scale
                                                    jcr:primaryType="nt:unstructured"
                                                    sling:resourceType="granite/ui/components/coral/foundation/form/select"
                                                    fieldLabel="Scale"
                                                    granite:class="cq-dialog-dropdown-showhide"
                                                    name="./scale"
                                                    value="normal"
                                                    required="{Boolean}false">
                                                <items jcr:primaryType="nt:unstructured">
                                                    <normal jcr:primaryType="nt:unstructured" text="Normal" value="normal"/>
                                                    <mini jcr:primaryType="nt:unstructured" text="Mini" value="mini"/>
                                                    <maxi jcr:primaryType="nt:unstructured" text="Maxi" value="maxi"/>
                                                    <jumbo jcr:primaryType="nt:unstructured" text="Jumbo (Deprecated with Foundation 4.6+)" value="jumbo"/>
                                                </items>
                                                <granite:data
                                                    jcr:primaryType="nt:unstructured"
                                                    cq-dialog-dropdown-showhide-target=".scale-showhide-target"/>
                                            </scale>
                                            <isFloating
                                                jcr:primaryType="nt:unstructured"
                                                sling:resourceType="granite/ui/components/coral/foundation/form/checkbox"
                                                name="./floating"
                                                required="{Boolean}false"
                                                text="Floating (only with Mini scale)"
                                                uncheckedValue="false"
                                                granite:class="hide scale-showhide-target"
                                                value="true">
                                                <granite:data
                                                    jcr:primaryType="nt:unstructured"
                                                    showhidetargetvalue="mini"/>
                                            </isFloating>
                                        </items>
                                    </column>
                                </items>
                            </columns>
                        </items>
                    </properties>
                    <asset
                        jcr:primaryType="nt:unstructured"
                        jcr:title="Asset"
                        sling:resourceType="granite/ui/components/coral/foundation/container"
                        margin="{Boolean}true">
                        <items jcr:primaryType="nt:unstructured">
                            <columns
                                    jcr:primaryType="nt:unstructured"
                                    sling:resourceType="granite/ui/components/coral/foundation/fixedcolumns"
                                    margin="{Boolean}true">
                                <items jcr:primaryType="nt:unstructured">
                                    <column
                                            jcr:primaryType="nt:unstructured"
                                            sling:resourceType="granite/ui/components/coral/foundation/container">
                                        <items jcr:primaryType="nt:unstructured">
                                            <iconImage
                                                    jcr:primaryType="nt:unstructured"
                                                    sling:resourceType="granite/ui/components/coral/foundation/form/checkbox"
                                                    text="Image is Icon (not available from Foundation 4.6, use Promo Tile instead)"
                                                    name="./iconImage"
                                                    uncheckedValue="false"
                                                    value="true"
                                                    required="{Boolean}false"/>
                                            <iconImage-TypeHint
                                                    jcr:primaryType="nt:unstructured"
                                                    sling:resourceType="granite/ui/components/foundation/form/hidden"
                                                    name="./iconImage@TypeHint"
                                                    value="Boolean"/>
                                        </items>
                                    </column>
                                </items>
                            </columns>
                        </items>
                    </asset>
                    <content
                        jcr:primaryType="nt:unstructured"
                        jcr:title="Content"
                        sling:resourceType="granite/ui/components/coral/foundation/fixedcolumns"
                        margin="{Boolean}true">
                        <items jcr:primaryType="nt:unstructured">
                            <columns
                                jcr:primaryType="nt:unstructured"
                                sling:resourceType="granite/ui/components/coral/foundation/container">
                                <items jcr:primaryType="nt:unstructured">
                                    <titleContainer jcr:primaryType="nt:unstructured">
                                        <items jcr:primaryType="nt:unstructured">
                                            <title jcr:primaryType="nt:unstructured"/>
                                            <titleTag jcr:primaryType="nt:unstructured">
                                                <items jcr:primaryType="nt:unstructured"
                                                       sling:hideChildren="[headerFour,headerFive,headerSix]"/>
                                            </titleTag>
                                        </items>
                                    </titleContainer>
                                    <articleType
                                            jcr:primaryType="nt:unstructured"
                                            sling:resourceType="granite/ui/components/coral/foundation/form/select"
                                            fieldLabel="Article Type"
                                            name="./articleType"
                                            value="normal"
                                            required="{Boolean}false">
                                        <items jcr:primaryType="nt:unstructured">
                                            <normal jcr:primaryType="nt:unstructured" text="Normal"
                                                    value="normal"/>
                                            <video jcr:primaryType="nt:unstructured" text="Video" value="video"/>
                                        </items>
                                    </articleType>
                                    <eyebrowPrefix
                                        jcr:primaryType="nt:unstructured"
                                        sling:orderBefore="eyebrow"
                                        sling:resourceType="granite/ui/components/coral/foundation/form/textfield"
                                        fieldLabel="Eyebrow Prefix"
                                        maxLength="{Long}35"
                                        name="./eyebrowPrefix"/>
                                    <byline
                                        jcr:primaryType="nt:unstructured"
                                        sling:resourceType="granite/ui/components/coral/foundation/form/checkbox"
                                        name="./bylineEnabled"
                                        required="{Boolean}false"
                                        text="Byline Enabled"
                                        uncheckedValue="false"
                                        value="true"/>
                                    <byline-TypeHint
                                        jcr:primaryType="nt:unstructured"
                                        sling:resourceType="granite/ui/components/foundation/form/hidden"
                                        name="./bylineEnabled@TypeHint"
                                        value="Boolean"/>
                                </items>
                            </columns>
                        </items>
                    </content>
                </items>
            </tabs>
        </items>
    </content>
</jcr:root>
