<?xml version="1.0" encoding="UTF-8"?>
<jcr:root xmlns:sling="http://sling.apache.org/jcr/sling/1.0" xmlns:granite="http://www.adobe.com/jcr/granite/1.0"
          xmlns:cq="http://www.day.com/jcr/cq/1.0" xmlns:jcr="http://www.jcp.org/jcr/1.0"
          xmlns:nt="http://www.jcp.org/jcr/nt/1.0"
          jcr:primaryType="nt:unstructured"
          jcr:title="Area Chart"
          sling:resourceType="cq/gui/components/authoring/dialog">
  <content
          granite:class="cmp-image__editor"
          jcr:primaryType="nt:unstructured"
          sling:resourceType="granite/ui/components/coral/foundation/container">
    <items jcr:primaryType="nt:unstructured">
      <tabs
              jcr:primaryType="nt:unstructured"
              sling:resourceType="granite/ui/components/coral/foundation/tabs"
              maximized="{Boolean}true">
        <items jcr:primaryType="nt:unstructured" sling:hideChildren="[accessibility,link]">
          <properties
                  jcr:primaryType="nt:unstructured"
                  jcr:title="Properties"
                  sling:resourceType="granite/ui/components/coral/foundation/container"
                  margin="{Boolean}true">
            <items jcr:primaryType="nt:unstructured">
              <columns
                      jcr:primaryType="nt:unstructured"
                      sling:resourceType="granite/ui/components/coral/foundation/fixedcolumns"
                      margin="{Boolean}true">
                <items jcr:primaryType="nt:unstructured">
                  <column
                          jcr:primaryType="nt:unstructured"
                          sling:resourceType="granite/ui/components/coral/foundation/container">
                    <items jcr:primaryType="nt:unstructured">
                      <legendLayout
                          cq:showOnCreate="{Boolean}true"
                          jcr:primaryType="nt:unstructured"
                          jcr:title="Legend Layout"
                          sling:resourceType="granite/ui/components/foundation/container">
                        <layout
                            jcr:primaryType="nt:unstructured"
                            sling:resourceType="granite/ui/components/foundation/layouts/collapsible"/>
                        <items jcr:primaryType="nt:unstructured">
                          <stacking
                            jcr:primaryType="nt:unstructured"
                            sling:resourceType="granite/ui/components/coral/foundation/form/checkbox"
                            fieldDescription="Determines if the area chart is stacking"
                            name="./stacking"
                            text="Stacking"
                            uncheckedValue="false"
                            value="true"/>
                        </items>
                      </legendLayout>
                      <stockChart
                        jcr:primaryType="nt:unstructured"
                        sling:resourceType="granite/ui/components/coral/foundation/form/checkbox"
                        fieldDescription="Creates the chart as a Stock chart instead of a standard chart.Please select this option to enable long series."
                        text="Display Chart Navigation Controls"
                        name="./stockChart"
                        uncheckedValue="false"
                        value="true"
                        required="{Boolean}false"/>

                      <stockChart-TypeHint
                        jcr:primaryType="nt:unstructured"
                        sling:resourceType="granite/ui/components/foundation/form/hidden"
                        name="./stockChart@TypeHint"
                        value="Boolean"/>
                    </items>
                  </column>
                </items>
              </columns>
            </items>
          </properties>
        </items>
      </tabs>
    </items>
  </content>
</jcr:root>
