<?xml version="1.0" encoding="UTF-8"?>
<jcr:root xmlns:sling="http://sling.apache.org/jcr/sling/1.0" xmlns:cq="http://www.day.com/jcr/cq/1.0"
          xmlns:jcr="http://www.jcp.org/jcr/1.0" xmlns:nt="http://www.jcp.org/jcr/nt/1.0"
          jcr:primaryType="nt:unstructured"
          jcr:title="ToolTip Component Dialog"
          sling:resourceType="cq/gui/components/authoring/dialog"
>
    <content
            jcr:primaryType="nt:unstructured"
            sling:resourceType="granite/ui/components/coral/foundation/container">
        <items jcr:primaryType="nt:unstructured">
            <tabs
                    jcr:primaryType="nt:unstructured"
                    sling:resourceType="granite/ui/components/coral/foundation/tabs"
                    maximized="{Boolean}false">
                <items jcr:primaryType="nt:unstructured"
                sling:hideChildren="[link,performance]">
                    <properties
                            jcr:primaryType="nt:unstructured"
                            jcr:title="Properties"
                            sling:resourceType="granite/ui/components/coral/foundation/container"
                            margin="{Boolean}true">
                        <items jcr:primaryType="nt:unstructured">
                            <columns
                                    jcr:primaryType="nt:unstructured"
                                    sling:resourceType="granite/ui/components/coral/foundation/fixedcolumns"
                                    margin="{Boolean}true">
                                <items jcr:primaryType="nt:unstructured">
                                    <column
                                            jcr:primaryType="nt:unstructured"
                                            sling:resourceType="granite/ui/components/coral/foundation/container">
                                        <items jcr:primaryType="nt:unstructured">
                                            <openBy
                                                    jcr:primaryType="nt:unstructured"
                                                    sling:resourceType="granite/ui/components/coral/foundation/form/multifield"
                                                    fieldLabel="Open By CSS Selectors (Foundation version 3.4.0+)"
                                                    fieldDescription="Use '#' for id and '.' for class. EG. #id, .class"
                                                    composite="{Boolean}true"
                                                    required="{Boolean}false">
                                                <field
                                                        jcr:primaryType="nt:unstructured"
                                                        sling:resourceType="granite/ui/components/coral/foundation/container"
                                                        name="./openBy">
                                                    <items jcr:primaryType="nt:unstructured">
                                                        <column
                                                                jcr:primaryType="nt:unstructured"
                                                                sling:resourceType="granite/ui/components/coral/foundation/container">
                                                            <items jcr:primaryType="nt:unstructured">
                                                                <idClass
                                                                        jcr:primaryType="nt:unstructured"
                                                                        sling:resourceType="granite/ui/components/coral/foundation/form/textfield"
                                                                        fieldLabel="Class/ID"
                                                                        fieldDescription="This will attach click event listeners which will open the modal when clicked."
                                                                        maxLength="{Long}35"
                                                                        name="./idClass"
                                                                        required="{Boolean}true"/>
                                                            </items>
                                                        </column>
                                                    </items>
                                                </field>
                                            </openBy>
                                           <placementDirection
                                                    jcr:primaryType="nt:unstructured"
                                                    sling:resourceType="granite/ui/components/coral/foundation/form/select"
                                                    fieldLabel="Placement Direction (Replaces Orientation from Foundation 4.0)"
                                                    fieldDescription="Set for your preferred position of the popup in relation to its trigger. Placement is purely dependent on available space."
                                                    name="./placementDirection"
                                                    required="{Boolean}false">
                                                <items jcr:primaryType="nt:unstructured">
                                                    <top
                                                        jcr:primaryType="nt:unstructured"
                                                        text="Top"
                                                        value="top"/>
                                                    <right
                                                        jcr:primaryType="nt:unstructured"
                                                        text="Right"
                                                        value="right"/>
                                                    <bottom
                                                        jcr:primaryType="nt:unstructured"
                                                        text="Bottom"
                                                        value="bottom"/>
                                                    <left
                                                        jcr:primaryType="nt:unstructured"
                                                        text="Left"
                                                        value="left"/>
                                                </items>
                                            </placementDirection>
                                            <placementPosition
                                                jcr:primaryType="nt:unstructured"
                                                sling:resourceType="granite/ui/components/coral/foundation/form/select"
                                                fieldLabel="Placement Position"
                                                fieldDescription="Set for your preferred position of the popup in relation to its trigger. Placement is purely dependent on available space."
                                                name="./placementPosition"
                                                value=""
                                                required="{Boolean}false">
                                                <items jcr:primaryType="nt:unstructured">
                                                    <start
                                                        jcr:primaryType="nt:unstructured"
                                                        text="Start"
                                                        value="start"/>
                                                    <center
                                                        jcr:primaryType="nt:unstructured"
                                                        text="Center"
                                                        value=""/>
                                                    <end
                                                        jcr:primaryType="nt:unstructured"
                                                        text="End"
                                                        value="end"/>
                                                </items>
                                            </placementPosition>
                                        </items>
                                    </column>
                                </items>
                            </columns>
                        </items>
                    </properties>
                    <asset
                            jcr:primaryType="nt:unstructured"
                            sling:hideResource="{Boolean}true" />
                    <accessibility
                            jcr:primaryType="nt:unstructured"
                            sling:hideResource="{Boolean}true" />

                    <content
                            jcr:primaryType="nt:unstructured"
                            jcr:title="Content"
                            sling:resourceType="granite/ui/components/coral/foundation/container"
                            margin="{Boolean}true">
                        <items jcr:primaryType="nt:unstructured">
                            <columns
                                    jcr:primaryType="nt:unstructured"
                                    sling:resourceType="granite/ui/components/coral/foundation/fixedcolumns"
                                    margin="{Boolean}true">
                                <items jcr:primaryType="nt:unstructured">
                                    <column
                                            jcr:primaryType="nt:unstructured"
                                            sling:resourceType="granite/ui/components/coral/foundation/container">
                                        <items jcr:primaryType="nt:unstructured">
                                            
                                            <description
                                                    jcr:primaryType="nt:unstructured"
                                                    sling:resourceType="cq/gui/components/authoring/dialog/richtext"
                                                    fieldLabel="ToolTip Description"
                                                    name="./description"
                                                    externalStyleSheets="[/apps/trp-core/components/content/text/clientlibs/clientlib-rte-styles.css]"
                                                    useFixedInlineToolbar="{Boolean}true"
                                                    required="{Boolean}false">
                                                <rtePlugins
                                                        jcr:primaryType="nt:unstructured"
                                                        sling:resourceSuperType="/apps/trp-compose/components/common/shared-rte-dialog/richtext-config-nano/rtePlugins"/>
                                                <uiSettings
                                                        jcr:primaryType="nt:unstructured"
                                                        sling:resourceSuperType="/apps/trp-compose/components/common/shared-rte-dialog/richtext-config-nano/uiSettings"/>
                                            </description>

                                        </items>
                                    </column>
                                </items>
                            </columns>
                        </items>
                    </content>
                </items>
            </tabs>
        </items>
    </content>
</jcr:root>
