<?xml version="1.0" encoding="UTF-8"?>
<jcr:root xmlns:sling="http://sling.apache.org/jcr/sling/1.0" xmlns:cq="http://www.day.com/jcr/cq/1.0" xmlns:jcr="http://www.jcp.org/jcr/1.0" xmlns:nt="http://www.jcp.org/jcr/nt/1.0"
          jcr:primaryType="nt:unstructured"
          jcr:title="Divider"
          sling:resourceType="cq/gui/components/authoring/dialog">
    <content
            jcr:primaryType="nt:unstructured"
            sling:resourceType="granite/ui/components/coral/foundation/fixedcolumns">
        <items jcr:primaryType="nt:unstructured">
            <tabs
                    jcr:primaryType="nt:unstructured"
                    sling:resourceType="granite/ui/components/coral/foundation/tabs"
                    maximized="{Boolean}true">
                <items
                        jcr:primaryType="nt:unstructured"
                        sling:hideChildren="[asset,accessibility,link,content]">
                    <properties
                            jcr:primaryType="nt:unstructured"
                            jcr:title="Properties"
                            sling:resourceType="granite/ui/components/coral/foundation/container"
                            margin="{Boolean}true">
                        <items jcr:primaryType="nt:unstructured">
                            <columns
                                    jcr:primaryType="nt:unstructured"
                                    sling:resourceType="granite/ui/components/coral/foundation/fixedcolumns"
                                    margin="{Boolean}true">
                                <items jcr:primaryType="nt:unstructured">
                                    <column
                                            jcr:primaryType="nt:unstructured"
                                            sling:resourceType="granite/ui/components/coral/foundation/container">
                                        <items jcr:primaryType="nt:unstructured"
                                               sling:hideChildren="[decorative]">
                                            <weight
                                                    jcr:primaryType="nt:unstructured"
                                                    sling:resourceType="granite/ui/components/coral/foundation/form/select"
                                                    fieldLabel="Weight"
                                                    fieldDescription="Changes the thickness of the divider."
                                                    name="./weight"
                                                    value="thin"
                                                    required="{Boolean}false">
                                                <items jcr:primaryType="nt:unstructured">
                                                    <thin jcr:primaryType="nt:unstructured" text="Thin" value="thin"/>
                                                    <thick jcr:primaryType="nt:unstructured" text="Thick" value="thick"/>
                                                </items>
                                            </weight>
                                            <colorMode
                                                    jcr:primaryType="nt:unstructured"
                                                    sling:resourceType="granite/ui/components/coral/foundation/form/select"
                                                    fieldLabel="Color Mode"
                                                    fieldDescription="Changes the color of the divider."
                                                    name="./colorMode"
                                                    value="neutral"
                                                    required="{Boolean}false">
                                                <items jcr:primaryType="nt:unstructured">
                                                    <neutral jcr:primaryType="nt:unstructured" text="Neutral" value="neutral"/>
                                                    <strong jcr:primaryType="nt:unstructured" text="Strong" value="strong"/>
                                                </items>
                                            </colorMode>
                                            <spacing
                                                    jcr:primaryType="nt:unstructured"
                                                    sling:resourceType="granite/ui/components/coral/foundation/form/select"
                                                    fieldLabel="Space around the divider"
                                                    fieldDescription="Changes the space around the divider. For more understanding refer to storybook."
                                                    name="./spacing"
                                                    value=""
                                                    required="{Boolean}false">
                                                <items jcr:primaryType="nt:unstructured">
                                                    <none jcr:primaryType="nt:unstructured" text="None" value=""/>
                                                    <mini jcr:primaryType="nt:unstructured" text="Mini" value="b-margin-block--micro--mini"/>
                                                    <normal jcr:primaryType="nt:unstructured" text="Normal" value="b-margin-block--micro--normal"/>
                                                    <jumbo jcr:primaryType="nt:unstructured" text="Jumbo" value="b-margin-block--micro--jumbo"/>
                                                    <maxi jcr:primaryType="nt:unstructured" text="Maxi" value="b-margin-block--micro--maxi"/>
                                                </items>
                                            </spacing>
                                        </items>
                                    </column>
                                </items>
                            </columns>
                        </items>
                    </properties>
                    <performance
                            jcr:primaryType="nt:unstructured"
                            jcr:title="Performance"
                            sling:orderBefore="style"
                            sling:resourceType="granite/ui/components/coral/foundation/fixedcolumns"
                            margin="{Boolean}true">
                        <items jcr:primaryType="nt:unstructured">
                            <columns
                                    jcr:primaryType="nt:unstructured"
                                    sling:resourceType="granite/ui/components/coral/foundation/fixedcolumns"
                                    margin="{Boolean}true">
                                <items jcr:primaryType="nt:unstructured">
                                    <column
                                            jcr:primaryType="nt:unstructured"
                                            sling:resourceType="granite/ui/components/coral/foundation/container">
                                        <items jcr:primaryType="nt:unstructured">
                                            <deferDefinedDisabled
                                                    jcr:primaryType="nt:unstructured"
                                                    sling:resourceType="granite/ui/components/coral/foundation/form/checkbox"
                                                    fieldLabel="Disable Until Defined"
                                                    fieldDescription="By Default rendering is deferred until component is defined,Check to disable it"
                                                    name="./deferDefinedDisabled"
                                                    text="Disable Defer Defined Option"
                                                    value="{Boolean}true"
                                                    uncheckedValue="{Boolean}false" />
                                        </items>
                                    </column>
                                </items>
                            </columns>
                        </items>
                    </performance>
                </items>
            </tabs>
        </items>
    </content>
</jcr:root>
