<?xml version="1.0" encoding="UTF-8"?>
<jcr:root xmlns:sling="http://sling.apache.org/jcr/sling/1.0" xmlns:cq="http://www.day.com/jcr/cq/1.0" xmlns:jcr="http://www.jcp.org/jcr/1.0" xmlns:nt="http://www.jcp.org/jcr/nt/1.0"
    jcr:primaryType="cq:Page">
    <csv-bar-chart2/>
    <line-chart1/>
    <MapChartCSV/>
    <MapChartXls/>
    <csv-map-chart/>
    <xls-map-chart/>
    <video-tile/>
    <popover/>
    <meter-chart/>
    <csv-meter-chart/>
    <infographics/>
    <tables-v2/>
    <audio-player/>
    <site-pulse/>
    <icon/>
    <csv-scatter-chart/>
    <scatter-chart/>
    <footnotes/>
    <action-bar/>
    <article-tile-smart-crop/>
    <bio-card-v3/>
    <quote-block-v2/>
    <data-list/>
    <bio-card/>
    <beacon-grid-layout/>
    <csv-area-chart/>
    <csv-line-chart/>
    <csv-bar-chart/>
    <area-chart/>
    <csv-donut-chart/>
    <csv-gauge-chart/>
    <button-container/>
    <accordion/>
    <anchor-navigation/>
    <gauge-chart/>
    <donut-chart/>
    <line-chart/>
    <notifications/>
    <jcr:content
        cq:contextHubPath="/etc/cloudsettings/default/contexthub"
        cq:contextHubSegmentsPath="/etc/segmentation/contexthub"
        cq:lastModified="{Date}2025-05-22T11:25:08.598+01:00"
        cq:lastModifiedBy="admin"
        cq:lastReplicated="{Date}2023-05-18T13:37:27.358+01:00"
        cq:lastReplicatedBy="admin"
        cq:lastReplicationAction="Activate"
        cq:template="/conf/trp-ref/settings/wcm/templates/beacon-content-page"
        jcr:primaryType="cq:PageContent"
        jcr:title="Home"
        sling:resourceType="trp-ref/components/page/v2/page"
        seoDoNotIndex="false"
        showBreadcrumb="true">
        <root
            jcr:primaryType="nt:unstructured"
            sling:resourceType="wcm/foundation/components/responsivegrid"
            layout="responsiveGrid">
            <container
                jcr:primaryType="nt:unstructured"
                sling:resourceType="trp-ref/components/container/v1/container"
                layout="responsiveGrid">
                <breadcrumb
                    jcr:primaryType="nt:unstructured"
                    sling:resourceType="trp-ref/components/foundation/breadcrumb/v1/breadcrumb"/>
                <hero
                    jcr:created="{Date}2023-05-18T13:37:27.358+01:00"
                    jcr:createdBy="admin"
                    jcr:lastModified="{Date}2025-05-12T16:51:16.525+01:00"
                    jcr:lastModifiedBy="admin"
                    jcr:primaryType="nt:unstructured"
                    sling:resourceType="trp-ref/components/foundation/hero/v1/hero"
                    alt="Alt Text"
                    altValueFromDAM="false"
                    autoStart="false"
                    buttonAlign="horizontal"
                    byLine="{Boolean}false"
                    contained="{Boolean}true"
                    deferDefinedDisabled="false"
                    deferVisibleDisabled="false"
                    displayPopupTitle="false"
                    dynamicMediaEnabled="false"
                    eyebrow="INVEST WITH CONFIDENCE™"
                    eyebrowTag="p"
                    fileReference="/content/dam/trp-ref/test-images/homepage-hero-4000x2000.jpg"
                    isDecorative="false"
                    mediatype="image"
                    motion="enabled"
                    mute="false"
                    noNotch="{Boolean}false"
                    orientation="left"
                    overrideResource="false"
                    pageTitle="Perspective. Partnership. For an evolving world.&lt;br />&#xd;&#xa;"
                    pageTitleTag="h1"
                    showControls="false"
                    sizeVariant="normal"
                    smartCropEnabled="false"
                    standFirst="As a premier global asset manager, we identify and actively invest in opportunities to help people thrive in an evolving world."
                    textIsRich="[true,true]"
                    titleValueFromDAM="false"
                    variant="side-block">
                    <hero-byline
                        jcr:lastModified="{Date}2025-04-10T11:29:35.762+01:00"
                        jcr:lastModifiedBy="admin"
                        jcr:primaryType="nt:unstructured"
                        sling:resourceType="trp-compose/components/byline/v1/byline"
                        attributionText="Based on    "
                        authorText="Byline only"
                        deferDefinedDisabled="false"
                        select="standard"/>
                    <cta jcr:primaryType="nt:unstructured">
                        <item0
                            jcr:primaryType="nt:unstructured"
                            ariaLabel="PDF download"
                            buttonTarget="_self"
                            iconAlign="left"
                            iconographySize="s"
                            label="Internal"
                            link="/content/dam/tpd/PDFs/Weekly-Market-Sheet.pdf"
                            scale="normal"
                            useIconography="false"
                            variant="primary"/>
                        <item1
                            jcr:primaryType="nt:unstructured"
                            buttonTarget="_self"
                            iconAlign="left"
                            iconographySize="s"
                            label="External"
                            link="https://www.bbc.co.uk"
                            scale="normal"
                            useIconography="false"
                            variant="secondary"/>
                    </cta>
                </hero>
                <container_layout_gri
                    jcr:created="{Date}2023-12-15T11:05:59.184Z"
                    jcr:createdBy="admin"
                    jcr:lastModified="{Date}2025-05-12T15:39:13.507+01:00"
                    jcr:lastModifiedBy="admin"
                    jcr:primaryType="nt:unstructured"
                    sling:resourceType="trp-ref/components/foundation/grid-layout-container/v1/grid-layout-container"
                    decoration="{Boolean}false"
                    enableForceFill="true"
                    enableTileOrderMedium="false"
                    enableTileOrderSmall="false"
                    mode="container-trp-midnight-blue beacon-on-darker"
                    nestedGrid="false"
                    removeContainerPadding="false"
                    removeContainerVerticalPadding="false"
                    title="Key Facts tile"
                    titleTag="h2">
                    <row-1-column-3
                        jcr:primaryType="nt:unstructured"
                        sling:resourceType="trp-ref/components/foundation/grid-layout-container/v1/grid-layout-container">
                        <key_facts
                            jcr:created="{Date}2023-12-15T11:07:30.673Z"
                            jcr:createdBy="admin"
                            jcr:lastModified="{Date}2023-12-21T16:28:42.151Z"
                            jcr:lastModifiedBy="admin"
                            jcr:primaryType="nt:unstructured"
                            sling:resourceType="trp-ref/components/foundation/key-facts/v1/key-facts"
                            data="7000"
                            dataWithNoSeparator="{Boolean}false"
                            deferDefinedDisabled="false"
                            deferVisibleDisabled="false"
                            frostedGlass="{Boolean}false"
                            mode="beacon-on-dark"
                            scale="normal"
                            text="7,000 Associates globally"
                            type="Associates globally"
                            variant="card">
                            <par1
                                jcr:primaryType="nt:unstructured"
                                sling:resourceType="wcm/foundation/components/responsivegrid"/>
                        </key_facts>
                    </row-1-column-3>
                    <row-1-column-2
                        jcr:primaryType="nt:unstructured"
                        sling:resourceType="trp-ref/components/foundation/grid-layout-container/v1/grid-layout-container">
                        <key_facts
                            jcr:created="{Date}2023-12-15T11:07:39.461Z"
                            jcr:createdBy="admin"
                            jcr:lastModified="{Date}2023-12-21T16:27:12.649Z"
                            jcr:lastModifiedBy="admin"
                            jcr:primaryType="nt:unstructured"
                            sling:resourceType="trp-ref/components/foundation/key-facts/v1/key-facts"
                            data="1.34"
                            dataWithNoSeparator="{Boolean}true"
                            deferDefinedDisabled="false"
                            deferVisibleDisabled="false"
                            frostedGlass="{Boolean}false"
                            mode="beacon-on-dark"
                            prefix="$"
                            scale="normal"
                            suffix="  Trillion"
                            text="$1.34 trillion Assets under management"
                            type="Assets under management"
                            variant="card">
                            <par1
                                jcr:primaryType="nt:unstructured"
                                sling:resourceType="wcm/foundation/components/responsivegrid"/>
                        </key_facts>
                    </row-1-column-2>
                    <row-1-column-1
                        jcr:primaryType="nt:unstructured"
                        sling:resourceType="trp-ref/components/foundation/grid-layout-container/v1/grid-layout-container">
                        <key_facts
                            jcr:created="{Date}2023-12-15T11:07:23.215Z"
                            jcr:createdBy="admin"
                            jcr:lastModified="{Date}2023-12-21T16:25:54.193Z"
                            jcr:lastModifiedBy="admin"
                            jcr:primaryType="nt:unstructured"
                            sling:resourceType="trp-ref/components/foundation/key-facts/v1/key-facts"
                            data="1937"
                            dataWithNoSeparator="{Boolean}true"
                            deferDefinedDisabled="false"
                            deferVisibleDisabled="false"
                            frostedGlass="{Boolean}false"
                            mode="beacon-on-dark"
                            scale="normal"
                            text="1937 Year founded"
                            type="Year founded"
                            variant="card">
                            <par1
                                jcr:primaryType="nt:unstructured"
                                sling:resourceType="wcm/foundation/components/responsivegrid"/>
                        </key_facts>
                        <text_image
                            jcr:created="{Date}2025-05-12T13:50:40.915+01:00"
                            jcr:createdBy="admin"
                            jcr:lastModified="{Date}2025-05-12T13:51:21.914+01:00"
                            jcr:lastModifiedBy="admin"
                            jcr:primaryType="nt:unstructured"
                            sling:resourceType="trp-ref/components/foundation/text-image/v1/text-image"
                            adjustTileHeight="false"
                            buttonAlign="horizontal"
                            deferDefinedDisabled="false"
                            dynamicMediaEnabled="false"
                            mobileImageEnabled="false"
                            orientation="left"
                            size="size-100"
                            text="&lt;p>Training. Leadership development. Associate-led resource groups. These are some of the ways we support associates' growth along their journey and create an inclusive work environment for all.&lt;/p>&#xd;&#xa;&lt;p>Global program highlights:&lt;/p>&#xd;&#xa;&lt;ul>&#xd;&#xa;&lt;li>Accelerated Leadership Development Experience&lt;/li>&#xd;&#xa;&lt;li>Mentorship Programming Options&lt;/li>&#xd;&#xa;&lt;li>Early Talent Development and Career Break Talent Programs&lt;/li>&#xd;&#xa;&lt;li>Caregiver and Parental Transitional Support Program&lt;/li>&#xd;&#xa;&lt;/ul>&#xd;&#xa;"
                            textIsRich="true">
                            <mobile
                                jcr:lastModified="{Date}2025-05-12T13:51:21.914+01:00"
                                jcr:lastModifiedBy="admin"
                                jcr:primaryType="nt:unstructured"/>
                        </text_image>
                    </row-1-column-1>
                    <row-2-column-2
                        jcr:primaryType="nt:unstructured"
                        sling:resourceType="trp-ref/components/foundation/grid-layout-container/v1/grid-layout-container">
                        <key_facts
                            jcr:created="{Date}2023-12-15T11:07:39.461Z"
                            jcr:createdBy="admin"
                            jcr:lastModified="{Date}2025-05-12T16:06:15.375+01:00"
                            jcr:lastModifiedBy="admin"
                            jcr:primaryType="nt:unstructured"
                            sling:resourceType="trp-ref/components/foundation/key-facts/v1/key-facts"
                            data="1.34"
                            dataWithNoSeparator="{Boolean}true"
                            deferDefinedDisabled="false"
                            deferVisibleDisabled="false"
                            frostedGlass="{Boolean}false"
                            mode="beacon-on-darker"
                            prefix="$"
                            scale="normal"
                            suffix="  Trillion"
                            text="$1.34 Trillion Assets under management"
                            type="Assets under management"
                            variant="card">
                            <par1
                                jcr:primaryType="nt:unstructured"
                                sling:resourceType="wcm/foundation/components/responsivegrid"/>
                        </key_facts>
                    </row-2-column-2>
                    <row-2-column-3
                        jcr:primaryType="nt:unstructured"
                        sling:resourceType="trp-ref/components/foundation/grid-layout-container/v1/grid-layout-container">
                        <key_facts
                            jcr:created="{Date}2023-12-15T11:07:30.673Z"
                            jcr:createdBy="admin"
                            jcr:lastModified="{Date}2025-05-12T16:06:20.212+01:00"
                            jcr:lastModifiedBy="admin"
                            jcr:primaryType="nt:unstructured"
                            sling:resourceType="trp-ref/components/foundation/key-facts/v1/key-facts"
                            data="7000"
                            dataWithNoSeparator="{Boolean}false"
                            deferDefinedDisabled="false"
                            deferVisibleDisabled="false"
                            frostedGlass="{Boolean}false"
                            mode="beacon-on-darker"
                            scale="normal"
                            text="7,000 Associates globally"
                            type="Associates globally"
                            variant="card">
                            <par1
                                jcr:primaryType="nt:unstructured"
                                sling:resourceType="wcm/foundation/components/responsivegrid"/>
                        </key_facts>
                    </row-2-column-3>
                    <columnLayout jcr:primaryType="nt:unstructured">
                        <item0
                            jcr:primaryType="nt:unstructured"
                            colorMode="neutral"
                            divider="{Boolean}false"
                            layout="12"
                            verticalDivider="{Boolean}false"
                            weight="thin"/>
                        <item1
                            jcr:primaryType="nt:unstructured"
                            colorMode="neutral"
                            divider="{Boolean}false"
                            layout="4-4-4"
                            verticalDivider="{Boolean}false"
                            weight="thin"/>
                    </columnLayout>
                </container_layout_gri>
                <container_layout_gri_751262016
                    jcr:created="{Date}2023-12-15T11:39:09.158Z"
                    jcr:createdBy="admin"
                    jcr:lastModified="{Date}2025-05-12T15:43:49.270+01:00"
                    jcr:lastModifiedBy="admin"
                    jcr:primaryType="nt:unstructured"
                    sling:resourceType="trp-ref/components/foundation/grid-layout-container/v1/grid-layout-container"
                    decoration="{Boolean}false"
                    enableForceFill="false"
                    enableTileOrderMedium="false"
                    enableTileOrderSmall="false"
                    mode="container-trp-dark-blue beacon-on-dark"
                    nestedGrid="false"
                    removeContainerPadding="false"
                    removeContainerVerticalPadding="false"
                    title="Article tile"
                    titleTag="h2">
                    <row-1-column-1
                        jcr:primaryType="nt:unstructured"
                        sling:resourceType="trp-ref/components/foundation/grid-layout-container/v1/grid-layout-container">
                        <article_tile_1712697767
                            jcr:created="{Date}2023-12-15T11:40:07.428Z"
                            jcr:createdBy="admin"
                            jcr:lastModified="{Date}2024-01-09T09:37:42.084Z"
                            jcr:lastModifiedBy="admin"
                            jcr:primaryType="nt:unstructured"
                            sling:resourceType="trp-ref/components/foundation/tiles/article-tile/v1/article-tile"
                            bylineEnabled="{Boolean}false"
                            deferDefinedDisabled="false"
                            deferVisibleDisabled="false"
                            dynamicMediaEnabled="false"
                            eyebrow="INVEST WITH CONFIDENCE™"
                            eyebrowPrefix="Jul 2023"
                            fileReference="/content/dam/trp-ref/test-images/compass-620x412.png"
                            hideBioLink="{Boolean}false"
                            iconImage="{Boolean}false"
                            layout="standard"
                            mode="beacon-on-dark"
                            overrideResource="true"
                            position="vertical"
                            scale="normal"
                            textIsRich="[true,true,true]"
                            title="Central Banks Step Into Potential Policy Error Territory ">
                            <article-byline
                                jcr:lastModified="{Date}2025-04-10T11:11:17.180+01:00"
                                jcr:lastModifiedBy="admin"
                                jcr:primaryType="nt:unstructured"
                                sling:resourceType="trp-compose/components/byline/v1/byline"
                                attributionText="By"
                                authorText="John Doe"
                                deferDefinedDisabled="false"
                                select="standard"/>
                            <description jcr:primaryType="nt:unstructured"/>
                            <footnote
                                jcr:primaryType="nt:unstructured"
                                text="By Margaret "/>
                        </article_tile_1712697767>
                    </row-1-column-1>
                    <row-1-column-3
                        jcr:primaryType="nt:unstructured"
                        sling:resourceType="trp-ref/components/foundation/grid-layout-container/v1/grid-layout-container">
                        <article_tile_798204551
                            jcr:created="{Date}2023-12-15T11:47:57.647Z"
                            jcr:createdBy="admin"
                            jcr:lastModified="{Date}2024-01-09T09:37:53.887Z"
                            jcr:lastModifiedBy="admin"
                            jcr:primaryType="nt:unstructured"
                            sling:resourceType="trp-ref/components/foundation/tiles/article-tile/v1/article-tile"
                            bylineEnabled="{Boolean}false"
                            deferDefinedDisabled="false"
                            deferVisibleDisabled="false"
                            dynamicMediaEnabled="false"
                            eyebrow="ECONOMY"
                            eyebrowPrefix="Aug 2023"
                            fileReference="/content/dam/trp-ref/test-images/investor-360-non-us-800x800.jpg"
                            hideBioLink="{Boolean}false"
                            iconImage="{Boolean}false"
                            layout="standard"
                            mode="beacon-on-dark"
                            overrideResource="true"
                            position="vertical"
                            scale="normal"
                            textIsRich="[true,true,true]"
                            title="A New Era of Guld Aid: Potential Winners and Losers.">
                            <article-byline
                                jcr:lastModified="{Date}2025-04-10T11:30:41.325+01:00"
                                jcr:lastModifiedBy="admin"
                                jcr:primaryType="nt:unstructured"
                                sling:resourceType="trp-compose/components/byline/v1/byline"
                                attributionText="By"
                                authorText="John Doe"
                                deferDefinedDisabled="false"
                                select="standard"/>
                            <description jcr:primaryType="nt:unstructured"/>
                            <footnote
                                jcr:primaryType="nt:unstructured"
                                text="By Razan Nasser"/>
                        </article_tile_798204551>
                    </row-1-column-3>
                    <row-1-column-2
                        jcr:primaryType="nt:unstructured"
                        sling:resourceType="trp-ref/components/foundation/grid-layout-container/v1/grid-layout-container">
                        <article_tile
                            jcr:created="{Date}2023-12-15T11:40:37.891Z"
                            jcr:createdBy="admin"
                            jcr:lastModified="{Date}2024-01-09T09:37:47.924Z"
                            jcr:lastModifiedBy="admin"
                            jcr:primaryType="nt:unstructured"
                            sling:resourceType="trp-ref/components/foundation/tiles/article-tile/v1/article-tile"
                            bylineEnabled="{Boolean}false"
                            deferDefinedDisabled="false"
                            deferVisibleDisabled="false"
                            dynamicMediaEnabled="false"
                            eyebrow="MARKETS &amp; ECONOMY"
                            eyebrowPrefix="Jul 2023"
                            fileReference="/content/dam/trp-ref/test-images/spices-2x1-normal.jpeg"
                            hideBioLink="{Boolean}false"
                            iconImage="{Boolean}false"
                            layout="standard"
                            mode="beacon-on-dark"
                            overrideResource="true"
                            position="vertical"
                            scale="normal"
                            textIsRich="[true,true,true]"
                            title="The Fed Signals More Rate Increases Amid a Resilient Economy">
                            <cta jcr:primaryType="nt:unstructured">
                                <item0
                                    jcr:primaryType="nt:unstructured"
                                    buttonTarget="_self"
                                    gatedButton="false"
                                    iconAlign="left"
                                    label="About Us"
                                    link="#"
                                    scale="normal"
                                    variant="primary"/>
                            </cta>
                            <article-byline
                                jcr:lastModified="{Date}2024-04-26T16:32:11.706+01:00"
                                jcr:lastModifiedBy="admin"
                                jcr:primaryType="nt:unstructured"
                                sling:resourceType="trp-compose/components/byline/v1/byline"
                                authorText="John Doe"
                                deferDefinedDisabled="false"
                                deferVisibleDisabled="false"
                                select="standard"/>
                            <description jcr:primaryType="nt:unstructured"/>
                            <footnote
                                jcr:primaryType="nt:unstructured"
                                text="By Blerina Uruci"/>
                        </article_tile>
                    </row-1-column-2>
                    <row-2-column-1
                        jcr:primaryType="nt:unstructured"
                        sling:resourceType="trp-ref/components/foundation/grid-layout-container/v1/grid-layout-container">
                        <article_tile
                            jcr:created="{Date}2024-01-05T13:01:54.655Z"
                            jcr:createdBy="admin"
                            jcr:lastModified="{Date}2024-01-09T09:37:14.334Z"
                            jcr:lastModifiedBy="admin"
                            jcr:primaryType="nt:unstructured"
                            sling:resourceType="trp-ref/components/foundation/tiles/article-tile/v1/article-tile"
                            bylineEnabled="{Boolean}false"
                            deferDefinedDisabled="false"
                            deferVisibleDisabled="false"
                            dynamicMediaEnabled="false"
                            eyebrow="INVEST WITH CONFIDENCE™"
                            eyebrowPrefix="Jan 2024"
                            fileReference="/content/dam/trp-ref/test-images/herbs-spices.jpg"
                            hideBioLink="{Boolean}false"
                            iconImage="{Boolean}false"
                            layout="standard"
                            link="#"
                            overrideResource="true"
                            position="vertical"
                            scale="normal"
                            textIsRich="[true,true,true]"
                            title="The Fed Signals More Rate Increases Amid a Resilient Economy">
                            <article-byline
                                jcr:lastModified="{Date}2024-04-26T16:53:42.593+01:00"
                                jcr:lastModifiedBy="admin"
                                jcr:primaryType="nt:unstructured"
                                sling:resourceType="trp-compose/components/byline/v1/byline"
                                attributionText="By"
                                authorText="John Doe"
                                deferDefinedDisabled="false"
                                deferVisibleDisabled="false"
                                select="standard"/>
                            <description jcr:primaryType="nt:unstructured"/>
                            <footnote jcr:primaryType="nt:unstructured"/>
                            <cta jcr:primaryType="nt:unstructured">
                                <item0
                                    jcr:primaryType="nt:unstructured"
                                    label="Click Here"
                                    link="#"
                                    scale="normal"
                                    variant="primary"/>
                            </cta>
                        </article_tile>
                    </row-2-column-1>
                    <row-2-column-2
                        jcr:primaryType="nt:unstructured"
                        sling:resourceType="trp-ref/components/foundation/grid-layout-container/v1/grid-layout-container">
                        <article_tile
                            jcr:created="{Date}2024-01-05T13:04:07.238Z"
                            jcr:createdBy="admin"
                            jcr:lastModified="{Date}2024-01-09T09:37:04.920Z"
                            jcr:lastModifiedBy="admin"
                            jcr:primaryType="nt:unstructured"
                            sling:resourceType="trp-ref/components/foundation/tiles/article-tile/v1/article-tile"
                            bylineEnabled="{Boolean}true"
                            deferDefinedDisabled="false"
                            deferVisibleDisabled="false"
                            dynamicMediaEnabled="false"
                            eyebrow="INVEST WITH CONFIDENCE™"
                            eyebrowPrefix="Jan 2024"
                            fileReference="/content/dam/trp-ref/test-images/herbs-spices.jpg"
                            hideBioLink="{Boolean}false"
                            iconImage="{Boolean}false"
                            layout="standard"
                            link="#"
                            overrideResource="true"
                            position="horizontal-left"
                            scale="normal"
                            textIsRich="[true,true,true]"
                            title="The Fed Signals More Rate Increases Amid a Resilient Economy">
                            <description jcr:primaryType="nt:unstructured"/>
                            <footnote jcr:primaryType="nt:unstructured"/>
                            <article-byline
                                jcr:lastModified="{Date}2024-01-09T09:36:55.553Z"
                                jcr:lastModifiedBy="admin"
                                jcr:primaryType="nt:unstructured"
                                sling:resourceType="trp-ref/components/foundation/byline/v1/byline"
                                authorText="Margret"
                                deferDefinedDisabled="false"
                                deferVisibleDisabled="false"
                                multiAuthorUrl="#"
                                select="standard"/>
                        </article_tile>
                    </row-2-column-2>
                    <row-3-column-1
                        jcr:primaryType="nt:unstructured"
                        sling:resourceType="trp-ref/components/foundation/grid-layout-container/v1/grid-layout-container">
                        <article_tile
                            jcr:created="{Date}2024-01-05T13:11:04.781Z"
                            jcr:createdBy="admin"
                            jcr:lastModified="{Date}2024-01-09T09:38:03.008Z"
                            jcr:lastModifiedBy="admin"
                            jcr:primaryType="nt:unstructured"
                            sling:resourceType="trp-ref/components/foundation/tiles/article-tile/v1/article-tile"
                            bylineEnabled="{Boolean}false"
                            deferDefinedDisabled="false"
                            deferVisibleDisabled="false"
                            dynamicMediaEnabled="false"
                            eyebrow="INVEST WITH CONFIDENCE™"
                            eyebrowPrefix="Jan 2024"
                            fileReference="/content/dam/trp-ref/test-images/ocean-1x1-Jumbo.jpg"
                            hideBioLink="{Boolean}false"
                            iconImage="{Boolean}false"
                            layout="wide"
                            link="#"
                            mode="beacon-on-dark"
                            overrideResource="true"
                            position="horizontal-right"
                            scale="maxi"
                            textIsRich="[true,true,true]"
                            title="The Fed Signals More Rate Increases Amid a Resilient Economy">
                            <description jcr:primaryType="nt:unstructured"/>
                            <footnote jcr:primaryType="nt:unstructured"/>
                        </article_tile>
                    </row-3-column-1>
                    <columnLayout jcr:primaryType="nt:unstructured">
                        <item0
                            jcr:primaryType="nt:unstructured"
                            colorMode="neutral"
                            divider="{Boolean}false"
                            layout="4-4-4"
                            verticalDivider="{Boolean}false"
                            weight="thin"/>
                        <item1
                            jcr:primaryType="nt:unstructured"
                            colorMode="neutral"
                            divider="{Boolean}false"
                            layout="4-8"
                            verticalDivider="{Boolean}false"
                            weight="thin"/>
                        <item2
                            jcr:primaryType="nt:unstructured"
                            colorMode="neutral"
                            divider="{Boolean}false"
                            layout="12"
                            verticalDivider="{Boolean}false"
                            weight="thin"/>
                        <item3
                            jcr:primaryType="nt:unstructured"
                            colorMode="neutral"
                            divider="{Boolean}false"
                            layout="4-8"
                            verticalDivider="{Boolean}false"
                            weight="thin"/>
                    </columnLayout>
                    <row-4-column-1
                        jcr:primaryType="nt:unstructured"
                        sling:resourceType="trp-ref/components/foundation/grid-layout-container/v1/grid-layout-container">
                        <article_tile_7982045
                            jcr:created="{Date}2023-12-15T11:47:57.647Z"
                            jcr:createdBy="admin"
                            jcr:lastModified="{Date}2024-01-09T09:37:53.887Z"
                            jcr:lastModifiedBy="admin"
                            jcr:primaryType="nt:unstructured"
                            sling:resourceType="trp-ref/components/foundation/tiles/article-tile/v1/article-tile"
                            bylineEnabled="{Boolean}false"
                            deferDefinedDisabled="false"
                            deferVisibleDisabled="false"
                            dynamicMediaEnabled="false"
                            eyebrow="ECONOMY"
                            eyebrowPrefix="Aug 2023"
                            fileReference="/content/dam/trp-ref/test-images/investor-360-non-us-800x800.jpg"
                            hideBioLink="{Boolean}false"
                            iconImage="{Boolean}false"
                            layout="standard"
                            mode="beacon-on-dark"
                            overrideResource="true"
                            position="vertical"
                            scale="normal"
                            textIsRich="[true,true,true]"
                            title="A New Era of Guld Aid: Potential Winners and Losers.">
                            <article-byline
                                jcr:lastModified="{Date}2025-04-10T11:30:41.325+01:00"
                                jcr:lastModifiedBy="admin"
                                jcr:primaryType="nt:unstructured"
                                sling:resourceType="trp-compose/components/byline/v1/byline"
                                attributionText="By"
                                authorText="John Doe"
                                deferDefinedDisabled="false"
                                select="standard"/>
                            <description jcr:primaryType="nt:unstructured"/>
                            <footnote
                                jcr:primaryType="nt:unstructured"
                                text="By Razan Nasser"/>
                        </article_tile_7982045>
                    </row-4-column-1>
                    <row-4-column-2
                        jcr:primaryType="nt:unstructured"
                        sling:resourceType="trp-ref/components/foundation/grid-layout-container/v1/grid-layout-container">
                        <text_image_copy_1489260642
                            jcr:created="{Date}2025-05-12T13:50:40.915+01:00"
                            jcr:createdBy="admin"
                            jcr:lastModified="{Date}2025-05-12T13:51:21.914+01:00"
                            jcr:lastModifiedBy="admin"
                            jcr:primaryType="nt:unstructured"
                            sling:resourceType="trp-ref/components/foundation/text-image/v1/text-image"
                            adjustTileHeight="false"
                            buttonAlign="horizontal"
                            deferDefinedDisabled="false"
                            dynamicMediaEnabled="false"
                            mobileImageEnabled="false"
                            orientation="left"
                            size="size-100"
                            text="&lt;p>Training. Leadership development. Associate-led resource groups. These are some of the ways we support associates' growth along their journey and create an inclusive work environment for all.&lt;/p>&#xd;&#xa;&lt;p>Global program highlights:&lt;/p>&#xd;&#xa;&lt;ul>&#xd;&#xa;&lt;li>Accelerated Leadership Development Experience&lt;/li>&#xd;&#xa;&lt;li>Mentorship Programming Options&lt;/li>&#xd;&#xa;&lt;li>Early Talent Development and Career Break Talent Programs&lt;/li>&#xd;&#xa;&lt;li>Caregiver and Parental Transitional Support Program&lt;/li>&#xd;&#xa;&lt;/ul>&#xd;&#xa;"
                            textIsRich="true">
                            <mobile
                                jcr:lastModified="{Date}2025-05-12T13:51:21.914+01:00"
                                jcr:lastModifiedBy="admin"
                                jcr:primaryType="nt:unstructured"/>
                        </text_image_copy_1489260642>
                    </row-4-column-2>
                </container_layout_gri_751262016>
                <container_layout_gri_729818765
                    jcr:created="{Date}2023-12-15T11:49:54.998Z"
                    jcr:createdBy="admin"
                    jcr:lastModified="{Date}2024-01-09T09:38:13.640Z"
                    jcr:lastModifiedBy="admin"
                    jcr:primaryType="nt:unstructured"
                    sling:resourceType="trp-ref/components/foundation/grid-layout-container/v1/grid-layout-container"
                    decoration="{Boolean}false"
                    mode="container-trp-light-grey beacon-on-light"
                    title="Collection tile">
                    <row-1-column-1
                        jcr:primaryType="nt:unstructured"
                        sling:resourceType="trp-ref/components/foundation/grid-layout-container/v1/grid-layout-container">
                        <collection_tile_copy
                            jcr:created="{Date}2023-12-15T16:47:50.932Z"
                            jcr:createdBy="admin"
                            jcr:lastModified="{Date}2023-12-21T16:10:30.650Z"
                            jcr:lastModifiedBy="admin"
                            jcr:primaryType="nt:unstructured"
                            sling:resourceType="trp-ref/components/foundation/collection-tile/v1/collection-tile"
                            colorMode="berry"
                            deferDefinedDisabled="false"
                            deferVisibleDisabled="false"
                            fileReference="/content/dam/trp-ref/test-images/article-1.png"
                            label="Collection"
                            overrideResource="true"
                            position="horizontal-right"
                            textIsRich="[true,true]"
                            title="Global Credit">
                            <description
                                jcr:primaryType="nt:unstructured"
                                text="&lt;p>Unlocking the potential of corporate debt&lt;/p>&#xd;&#xa;"/>
                        </collection_tile_copy>
                    </row-1-column-1>
                    <row-1-column-2
                        jcr:primaryType="nt:unstructured"
                        sling:resourceType="trp-ref/components/foundation/grid-layout-container/v1/grid-layout-container"/>
                    <row-2-column-1
                        jcr:primaryType="nt:unstructured"
                        sling:resourceType="trp-ref/components/foundation/grid-layout-container/v1/grid-layout-container">
                        <collection_tile
                            jcr:created="{Date}2024-01-05T14:06:03.803Z"
                            jcr:createdBy="admin"
                            jcr:lastModified="{Date}2024-01-05T14:27:45.853Z"
                            jcr:lastModifiedBy="admin"
                            jcr:primaryType="nt:unstructured"
                            sling:resourceType="trp-ref/components/foundation/collection-tile/v1/collection-tile"
                            colorMode="green"
                            deferDefinedDisabled="false"
                            deferVisibleDisabled="false"
                            dynamicMediaEnabled="false"
                            fileReference="/content/dam/trp-ref/test-images/change-GMO2017.jpg"
                            label="Collection"
                            link="#"
                            overrideResource="true"
                            position="vertical"
                            textIsRich="[true,true]"
                            title="Global Credit">
                            <description
                                jcr:primaryType="nt:unstructured"
                                text="&lt;p>Unlocking the potential of corporate debt&lt;/p>&#xd;&#xa;"/>
                        </collection_tile>
                    </row-2-column-1>
                    <row-2-column-2
                        jcr:primaryType="nt:unstructured"
                        sling:resourceType="trp-ref/components/foundation/grid-layout-container/v1/grid-layout-container">
                        <collection_tile
                            jcr:created="{Date}2024-01-05T14:06:09.179Z"
                            jcr:createdBy="admin"
                            jcr:lastModified="{Date}2024-01-05T14:29:02.548Z"
                            jcr:lastModifiedBy="admin"
                            jcr:primaryType="nt:unstructured"
                            sling:resourceType="trp-ref/components/foundation/collection-tile/v1/collection-tile"
                            deferDefinedDisabled="false"
                            deferVisibleDisabled="false"
                            dynamicMediaEnabled="false"
                            fileReference="/content/dam/trp-ref/test-images/change-GMO2017.jpg"
                            label="Collection"
                            link="#"
                            overrideResource="true"
                            position="vertical"
                            textIsRich="[true,true]"
                            title="Global Credit">
                            <description
                                jcr:primaryType="nt:unstructured"
                                text="&lt;p>Unlocking the potential of corporate debt &lt;/p>&#xd;&#xa;"/>
                        </collection_tile>
                    </row-2-column-2>
                    <row-3-column-1
                        jcr:primaryType="nt:unstructured"
                        sling:resourceType="trp-ref/components/foundation/grid-layout-container/v1/grid-layout-container">
                        <collection_tile_copy
                            jcr:created="{Date}2023-12-15T16:47:50.932Z"
                            jcr:createdBy="admin"
                            jcr:lastModified="{Date}2023-12-21T16:17:58.293Z"
                            jcr:lastModifiedBy="admin"
                            jcr:primaryType="nt:unstructured"
                            sling:resourceType="trp-ref/components/foundation/collection-tile/v1/collection-tile"
                            colorMode="berry"
                            deferDefinedDisabled="false"
                            deferVisibleDisabled="false"
                            fileReference="/content/dam/trp-ref/test-images/TRP_DynamicGlobalBond_Webbanner.jpg"
                            label="Collection"
                            overrideResource="true"
                            position="vertical"
                            textIsRich="[true,true]"
                            title="Global Credit">
                            <description
                                jcr:primaryType="nt:unstructured"
                                text="&lt;p>Unlocking the potential of corporate debt&lt;/p>&#xd;&#xa;"/>
                        </collection_tile_copy>
                    </row-3-column-1>
                    <row-3-column-2
                        jcr:primaryType="nt:unstructured"
                        sling:resourceType="trp-ref/components/foundation/grid-layout-container/v1/grid-layout-container">
                        <collection_tile_copy
                            jcr:created="{Date}2023-12-15T16:47:50.932Z"
                            jcr:createdBy="admin"
                            jcr:lastModified="{Date}2023-12-21T16:22:06.277Z"
                            jcr:lastModifiedBy="admin"
                            jcr:primaryType="nt:unstructured"
                            sling:resourceType="trp-ref/components/foundation/collection-tile/v1/collection-tile"
                            colorMode="berry"
                            deferDefinedDisabled="false"
                            deferVisibleDisabled="false"
                            fileReference="/content/dam/trp-ref/test-images/change-GMO2017.jpg"
                            label="Collection"
                            overrideResource="true"
                            position="vertical"
                            textIsRich="[true,true]"
                            title="Global Credit">
                            <description
                                jcr:primaryType="nt:unstructured"
                                text="&lt;p>Unlocking the potential of corporate debt&amp;nbsp;&lt;/p>&#xd;&#xa;"/>
                        </collection_tile_copy>
                    </row-3-column-2>
                    <row-3-column-3
                        jcr:primaryType="nt:unstructured"
                        sling:resourceType="trp-ref/components/foundation/grid-layout-container/v1/grid-layout-container">
                        <collection_tile_copy
                            jcr:created="{Date}2023-12-15T16:47:50.932Z"
                            jcr:createdBy="admin"
                            jcr:lastModified="{Date}2023-12-21T17:23:59.032Z"
                            jcr:lastModifiedBy="admin"
                            jcr:primaryType="nt:unstructured"
                            sling:resourceType="trp-ref/components/foundation/collection-tile/v1/collection-tile"
                            colorMode="gold"
                            deferDefinedDisabled="false"
                            deferVisibleDisabled="false"
                            fileReference="/content/dam/trp-ref/test-images/herbs-spices.jpg"
                            label="Collection"
                            overrideResource="true"
                            position="vertical"
                            textIsRich="[true,true]"
                            title="Multi-Assets Insights">
                            <description
                                jcr:primaryType="nt:unstructured"
                                text="&lt;p>Customized client solutions&lt;/p>&#xd;&#xa;"/>
                        </collection_tile_copy>
                    </row-3-column-3>
                    <row-2-column-3
                        jcr:primaryType="nt:unstructured"
                        sling:resourceType="trp-ref/components/foundation/grid-layout-container/v1/grid-layout-container">
                        <collection_tile
                            jcr:created="{Date}2024-01-05T14:06:14.936Z"
                            jcr:createdBy="admin"
                            jcr:lastModified="{Date}2024-01-05T14:29:14.887Z"
                            jcr:lastModifiedBy="admin"
                            jcr:primaryType="nt:unstructured"
                            sling:resourceType="trp-ref/components/foundation/collection-tile/v1/collection-tile"
                            colorMode="gold"
                            deferDefinedDisabled="false"
                            deferVisibleDisabled="false"
                            dynamicMediaEnabled="false"
                            fileReference="/content/dam/trp-ref/test-images/herbs-spices.jpg"
                            label="Collection"
                            link="#"
                            overrideResource="true"
                            position="vertical"
                            textIsRich="[true,true]"
                            title="Multi-Assets Insights&lt;br />&#xd;&#xa;">
                            <description
                                jcr:primaryType="nt:unstructured"
                                text="&lt;p>Customized client solutions&lt;br />&#xd;&#xa;&lt;/p>&#xd;&#xa;"/>
                        </collection_tile>
                    </row-2-column-3>
                    <columnLayout jcr:primaryType="nt:unstructured">
                        <item0
                            jcr:primaryType="nt:unstructured"
                            layout="12"/>
                        <item1
                            jcr:primaryType="nt:unstructured"
                            layout="4-4-4"/>
                    </columnLayout>
                </container_layout_gri_729818765>
                <container_layout_gri_1016545
                    jcr:created="{Date}2023-12-15T12:08:51.917Z"
                    jcr:createdBy="admin"
                    jcr:lastModified="{Date}2024-01-09T09:38:24.957Z"
                    jcr:lastModifiedBy="admin"
                    jcr:primaryType="nt:unstructured"
                    sling:resourceType="trp-ref/components/foundation/grid-layout-container/v1/grid-layout-container"
                    decoration="{Boolean}false"
                    mode="container-white beacon-on-lighter"
                    title="Promo tile. You might be interested in...">
                    <row-1-column-1
                        jcr:primaryType="nt:unstructured"
                        sling:resourceType="trp-ref/components/foundation/grid-layout-container/v1/grid-layout-container">
                        <promo_tile
                            jcr:created="{Date}2023-12-15T12:09:41.324Z"
                            jcr:createdBy="admin"
                            jcr:lastModified="{Date}2024-01-09T09:38:33.604Z"
                            jcr:lastModifiedBy="admin"
                            jcr:primaryType="nt:unstructured"
                            sling:resourceType="trp-ref/components/foundation/tiles/promo-tile/v1/promo-tile"
                            deferDefinedDisabled="false"
                            deferVisibleDisabled="false"
                            dynamicMediaEnabled="false"
                            eyebrow="Campaign"
                            fileReference="/content/dam/trp-ref/test-images/eurobond-market-370.jpg"
                            layout="standard"
                            mediaTemplate="standard"
                            mode="beacon-on-lighter"
                            overrideResource="true"
                            position="vertical"
                            scale="normal"
                            textIsRich="[true,true]"
                            title="ESG">
                            <description jcr:primaryType="nt:unstructured"/>
                        </promo_tile>
                    </row-1-column-1>
                    <row-1-column-3
                        jcr:primaryType="nt:unstructured"
                        sling:resourceType="trp-ref/components/foundation/grid-layout-container/v1/grid-layout-container">
                        <promo_tile
                            jcr:created="{Date}2023-12-15T12:09:49.734Z"
                            jcr:createdBy="admin"
                            jcr:lastModified="{Date}2023-12-21T17:08:57.508Z"
                            jcr:lastModifiedBy="admin"
                            jcr:primaryType="nt:unstructured"
                            sling:resourceType="trp-ref/components/foundation/tiles/promo-tile/v1/promo-tile"
                            deferDefinedDisabled="false"
                            deferVisibleDisabled="false"
                            eyebrow="Campaign"
                            fileReference="/content/dam/trp-ref/test-images/moneyfinance.jpg"
                            layout="standard"
                            mediaTemplate="standard"
                            overrideResource="true"
                            position="vertical"
                            scale="normal"
                            textIsRich="[true,true]"
                            title="Euro Corporate Bond">
                            <description jcr:primaryType="nt:unstructured"/>
                        </promo_tile>
                    </row-1-column-3>
                    <row-1-column-2
                        jcr:primaryType="nt:unstructured"
                        sling:resourceType="trp-ref/components/foundation/grid-layout-container/v1/grid-layout-container">
                        <promo_tile
                            jcr:created="{Date}2023-12-15T12:09:58.196Z"
                            jcr:createdBy="admin"
                            jcr:lastModified="{Date}2023-12-21T17:03:41.371Z"
                            jcr:lastModifiedBy="admin"
                            jcr:primaryType="nt:unstructured"
                            sling:resourceType="trp-ref/components/foundation/tiles/promo-tile/v1/promo-tile"
                            deferDefinedDisabled="false"
                            deferVisibleDisabled="false"
                            eyebrow="Campaign"
                            fileReference="/content/dam/trp-ref/test-images/moneyfinance.jpg"
                            layout="standard"
                            mediaTemplate="standard"
                            overrideResource="true"
                            position="vertical"
                            scale="normal"
                            textIsRich="[true,true]"
                            title="Analyst's Notebook">
                            <description jcr:primaryType="nt:unstructured"/>
                        </promo_tile>
                    </row-1-column-2>
                    <row-2-column-1
                        jcr:primaryType="nt:unstructured"
                        sling:resourceType="trp-ref/components/foundation/grid-layout-container/v1/grid-layout-container">
                        <promo_tile
                            jcr:created="{Date}2024-01-05T13:15:55.607Z"
                            jcr:createdBy="admin"
                            jcr:lastModified="{Date}2024-01-05T13:23:33.510Z"
                            jcr:lastModifiedBy="admin"
                            jcr:primaryType="nt:unstructured"
                            sling:resourceType="trp-ref/components/foundation/tiles/promo-tile/v1/promo-tile"
                            deferDefinedDisabled="false"
                            deferVisibleDisabled="false"
                            dynamicMediaEnabled="false"
                            eyebrow="INVEST WITH CONFIDENCE™"
                            fileReference="/content/dam/trp-ref/test-images/spices-2x1-normal.jpeg"
                            layout="standard"
                            link="#"
                            mediaTemplate="standard"
                            overrideResource="true"
                            position="horizontal-left"
                            scale="normal"
                            textIsRich="[true,true]"
                            title="Economic growth taking off in the UK">
                            <description jcr:primaryType="nt:unstructured"/>
                        </promo_tile>
                    </row-2-column-1>
                    <row-2-column-2
                        jcr:primaryType="nt:unstructured"
                        sling:resourceType="trp-ref/components/foundation/grid-layout-container/v1/grid-layout-container">
                        <promo_tile
                            jcr:created="{Date}2024-01-05T13:19:09.994Z"
                            jcr:createdBy="admin"
                            jcr:lastModified="{Date}2024-01-05T13:24:07.370Z"
                            jcr:lastModifiedBy="admin"
                            jcr:primaryType="nt:unstructured"
                            sling:resourceType="trp-ref/components/foundation/tiles/promo-tile/v1/promo-tile"
                            deferDefinedDisabled="false"
                            deferVisibleDisabled="false"
                            dynamicMediaEnabled="false"
                            eyebrow="INVEST WITH CONFIDENCE™"
                            fileReference="/content/dam/trp-ref/test-images/herbs-spices.jpg"
                            layout="standard"
                            link="#"
                            mediaTemplate="standard"
                            overrideResource="true"
                            position="vertical"
                            scale="normal"
                            textIsRich="[true,true]"
                            title="Economic growth taking off in the UK">
                            <description jcr:primaryType="nt:unstructured"/>
                        </promo_tile>
                    </row-2-column-2>
                    <row-3-column-1
                        jcr:primaryType="nt:unstructured"
                        sling:resourceType="trp-ref/components/foundation/grid-layout-container/v1/grid-layout-container">
                        <promo_tile
                            jcr:created="{Date}2024-01-05T13:27:39.317Z"
                            jcr:createdBy="admin"
                            jcr:lastModified="{Date}2024-01-05T13:28:54.606Z"
                            jcr:lastModifiedBy="admin"
                            jcr:primaryType="nt:unstructured"
                            sling:resourceType="trp-ref/components/foundation/tiles/promo-tile/v1/promo-tile"
                            deferDefinedDisabled="false"
                            deferVisibleDisabled="false"
                            dynamicMediaEnabled="false"
                            eyebrow="INVEST WITH CONFIDENCE™"
                            fileReference="/content/dam/trp-ref/test-images/watch-1x1-jumbo.jpeg"
                            layout="standard"
                            link="#"
                            mediaTemplate="full-bleed"
                            overrideResource="true"
                            position="vertical"
                            scale="normal"
                            textIsRich="[true,true]"
                            title="Economic growth taking off in the UK">
                            <description jcr:primaryType="nt:unstructured"/>
                        </promo_tile>
                    </row-3-column-1>
                    <columnLayout jcr:primaryType="nt:unstructured">
                        <item0
                            jcr:primaryType="nt:unstructured"
                            layout="4-4-4"/>
                        <item1
                            jcr:primaryType="nt:unstructured"
                            layout="8-4"/>
                        <item2
                            jcr:primaryType="nt:unstructured"
                            layout="12"/>
                    </columnLayout>
                </container_layout_gri_1016545>
                <container_layout_gri_747916339
                    jcr:created="{Date}2023-12-15T12:41:48.758Z"
                    jcr:createdBy="admin"
                    jcr:lastModified="{Date}2025-05-12T16:46:36.061+01:00"
                    jcr:lastModifiedBy="admin"
                    jcr:primaryType="nt:unstructured"
                    sling:resourceType="trp-ref/components/foundation/grid-layout-container/v1/grid-layout-container"
                    decoration="{Boolean}false"
                    enableForceFill="false"
                    enableTileOrderMedium="false"
                    enableTileOrderSmall="false"
                    mode="container-trp-midnight-blue beacon-on-darker"
                    nestedGrid="false"
                    removeContainerPadding="false"
                    removeContainerVerticalPadding="false"
                    title="Contact tile"
                    titleTag="h2">
                    <row-2-column-1
                        jcr:primaryType="nt:unstructured"
                        sling:resourceType="trp-ref/components/foundation/grid-layout-container/v1/grid-layout-container">
                        <contact_tile
                            jcr:created="{Date}2024-07-10T16:27:47.293+01:00"
                            jcr:createdBy="admin"
                            jcr:lastModified="{Date}2025-05-17T20:08:17.356+01:00"
                            jcr:lastModifiedBy="admin"
                            jcr:primaryType="nt:unstructured"
                            sling:resourceType="trp-ref/components/foundation/tiles/contact-tile/v1/contact-tile"
                            authorBioPath="/content/dam/trp-ecl/global/en/bios/content-fragments/a/abosch-jason"
                            buttonAlign="horizontal"
                            deferDefinedDisabled="false"
                            deferVisibleDisabled="false"
                            dynamicMediaEnabled="false"
                            overrideResource="false"
                            smartCropEnabled="false"
                            textIsRich="true"
                            titleTag="h3"
                            useSecondaryJobTitle="true">
                            <description jcr:primaryType="nt:unstructured"/>
                        </contact_tile>
                    </row-2-column-1>
                    <row-2-column-2
                        jcr:primaryType="nt:unstructured"
                        sling:resourceType="trp-ref/components/foundation/grid-layout-container/v1/grid-layout-container">
                        <contact_tile
                            jcr:created="{Date}2024-07-10T16:28:10.333+01:00"
                            jcr:createdBy="admin"
                            jcr:lastModified="{Date}2024-07-11T11:14:23.231+01:00"
                            jcr:lastModifiedBy="admin"
                            jcr:primaryType="nt:unstructured"
                            sling:resourceType="trp-ref/components/foundation/tiles/contact-tile/v1/contact-tile"
                            authorBioPath="/content/dam/trp-ecl/global/en/bios/content-fragments/a/abreu-mariel"
                            buttonAlign="horizontal"
                            deferDefinedDisabled="false"
                            deferVisibleDisabled="false"
                            dynamicMediaEnabled="false"
                            overrideResource="false"
                            smartCropEnabled="false"
                            textIsRich="true"
                            titleTag="h3">
                            <description jcr:primaryType="nt:unstructured"/>
                        </contact_tile>
                    </row-2-column-2>
                    <row-2-column-3
                        jcr:primaryType="nt:unstructured"
                        sling:resourceType="trp-ref/components/foundation/grid-layout-container/v1/grid-layout-container">
                        <contact_tile_copy
                            jcr:created="{Date}2023-12-15T12:46:24.670Z"
                            jcr:createdBy="admin"
                            jcr:lastModified="{Date}2024-07-11T12:25:48.876+01:00"
                            jcr:lastModifiedBy="admin"
                            jcr:primaryType="nt:unstructured"
                            sling:resourceType="trp-ref/components/foundation/tiles/contact-tile/v1/contact-tile"
                            buttonAlign="horizontal"
                            deferDefinedDisabled="false"
                            deferVisibleDisabled="false"
                            dynamicMediaEnabled="false"
                            mode="beacon-on-darker"
                            overrideResource="true"
                            smartCropEnabled="false"
                            textIsRich="true"
                            title="Contact Us"
                            titleTag="h3">
                            <description
                                jcr:primaryType="nt:unstructured"
                                text="&lt;p>For further information or to arrange a meeting please contact the Technology team&lt;/p>&#xd;&#xa;"/>
                            <cta jcr:primaryType="nt:unstructured">
                                <item0
                                    jcr:primaryType="nt:unstructured"
                                    buttonTarget="_self"
                                    gatedButton="false"
                                    iconAlign="left"
                                    label="Contact Us"
                                    link="#"
                                    scale="normal"
                                    variant="primary"/>
                            </cta>
                        </contact_tile_copy>
                    </row-2-column-3>
                    <row-3-column-1
                        jcr:primaryType="nt:unstructured"
                        sling:resourceType="trp-ref/components/foundation/grid-layout-container/v1/grid-layout-container">
                        <text_image_copy
                            jcr:created="{Date}2025-05-12T13:50:40.915+01:00"
                            jcr:createdBy="admin"
                            jcr:lastModified="{Date}2025-05-12T13:51:21.914+01:00"
                            jcr:lastModifiedBy="admin"
                            jcr:primaryType="nt:unstructured"
                            sling:resourceType="trp-ref/components/foundation/text-image/v1/text-image"
                            adjustTileHeight="false"
                            buttonAlign="horizontal"
                            deferDefinedDisabled="false"
                            dynamicMediaEnabled="false"
                            mobileImageEnabled="false"
                            orientation="left"
                            size="size-100"
                            text="&lt;p>Training. Leadership development. Associate-led resource groups. These are some of the ways we support associates' growth along their journey and create an inclusive work environment for all.&lt;/p>&#xd;&#xa;&lt;p>Global program highlights:&lt;/p>&#xd;&#xa;&lt;ul>&#xd;&#xa;&lt;li>Accelerated Leadership Development Experience&lt;/li>&#xd;&#xa;&lt;li>Mentorship Programming Options&lt;/li>&#xd;&#xa;&lt;li>Early Talent Development and Career Break Talent Programs&lt;/li>&#xd;&#xa;&lt;li>Caregiver and Parental Transitional Support Program&lt;/li>&#xd;&#xa;&lt;/ul>&#xd;&#xa;"
                            textIsRich="true">
                            <mobile
                                jcr:lastModified="{Date}2025-05-12T13:51:21.914+01:00"
                                jcr:lastModifiedBy="admin"
                                jcr:primaryType="nt:unstructured"/>
                        </text_image_copy>
                    </row-3-column-1>
                    <row-1-column-1
                        jcr:primaryType="nt:unstructured"
                        sling:resourceType="trp-ref/components/foundation/grid-layout-container/v1/grid-layout-container">
                        <contact_tile
                            jcr:created="{Date}2023-12-15T12:45:54.545Z"
                            jcr:createdBy="admin"
                            jcr:lastModified="{Date}2024-01-03T14:47:08.885Z"
                            jcr:lastModifiedBy="admin"
                            jcr:primaryType="nt:unstructured"
                            sling:resourceType="trp-ref/components/foundation/tiles/contact-tile/v1/contact-tile"
                            deferDefinedDisabled="false"
                            deferVisibleDisabled="false"
                            dynamicMediaEnabled="false"
                            email="margaret.adesida@troweprice.com"
                            jobTitle="Business Analyst"
                            mode="beacon-on-darker"
                            phone="+44 7801474921"
                            textIsRich="true"
                            title="Margaret Adesida">
                            <description
                                jcr:primaryType="nt:unstructured"
                                text="&lt;p>For further information or to arrange a meeting please use the details below.&lt;/p>&#xd;&#xa;"/>
                            <cta jcr:primaryType="nt:unstructured">
                                <item0
                                    jcr:primaryType="nt:unstructured"
                                    label="Email"
                                    link="margaret.adesida@troweprice.com"
                                    scale="normal"
                                    variant="primary"/>
                            </cta>
                        </contact_tile>
                    </row-1-column-1>
                    <row-1-column-2
                        jcr:primaryType="nt:unstructured"
                        sling:resourceType="trp-ref/components/foundation/grid-layout-container/v1/grid-layout-container">
                        <contact_tile
                            jcr:created="{Date}2023-12-15T12:46:07.660Z"
                            jcr:createdBy="admin"
                            jcr:lastModified="{Date}2025-05-16T13:08:57.451+01:00"
                            jcr:lastModifiedBy="admin"
                            jcr:primaryType="nt:unstructured"
                            sling:resourceType="trp-ref/components/foundation/tiles/contact-tile/v1/contact-tile"
                            authorBioPath="/content/dam/trp-ecl/global/en/bios/content-fragments/a/aboagye-kobby"
                            buttonAlign="horizontal"
                            deferDefinedDisabled="false"
                            deferVisibleDisabled="false"
                            dynamicMediaEnabled="false"
                            email="Brandon.Akers@troweprice.com"
                            fileReference="/content/dam/trp-ecl/global/en/bios/headshots/AKERS_Brandon_96x96.jpg"
                            jobTitle="Relationship Manager"
                            mode="beacon-on-darker"
                            overrideResource="false"
                            phone="+44 7970 296 890"
                            smartCropEnabled="false"
                            textIsRich="true"
                            title="Brandon Akers"
                            titleTag="h3"
                            useSecondaryJobTitle="true">
                            <description
                                jcr:primaryType="nt:unstructured"
                                text="&lt;p>For further information or to arrange a meeting please use the details below.&lt;/p>&#xd;&#xa;"/>
                            <cta jcr:primaryType="nt:unstructured">
                                <item0
                                    jcr:primaryType="nt:unstructured"
                                    buttonTarget="_self"
                                    gatedButton="false"
                                    iconAlign="left"
                                    iconographySize="s"
                                    label="Email"
                                    link="brandon.akers@troweprice.com"
                                    scale="normal"
                                    useIconography="false"
                                    variant="primary"/>
                            </cta>
                        </contact_tile>
                    </row-1-column-2>
                    <row-1-column-3
                        jcr:primaryType="nt:unstructured"
                        sling:resourceType="trp-ref/components/foundation/grid-layout-container/v1/grid-layout-container">
                        <contact_tile
                            jcr:created="{Date}2023-12-15T12:46:24.670Z"
                            jcr:createdBy="admin"
                            jcr:lastModified="{Date}2024-01-03T14:45:28.714Z"
                            jcr:lastModifiedBy="admin"
                            jcr:primaryType="nt:unstructured"
                            sling:resourceType="trp-ref/components/foundation/tiles/contact-tile/v1/contact-tile"
                            deferDefinedDisabled="false"
                            deferVisibleDisabled="false"
                            dynamicMediaEnabled="false"
                            fileReference="/content/dam/trp-ref/test-images/contact-light.png"
                            mode="beacon-on-darker"
                            textIsRich="true"
                            title="Contact Us">
                            <description
                                jcr:primaryType="nt:unstructured"
                                text="&lt;p>For further information or to arrange a meeting please contact the Technology team&lt;/p>&#xd;&#xa;"/>
                            <cta jcr:primaryType="nt:unstructured">
                                <item0
                                    jcr:primaryType="nt:unstructured"
                                    label="Contact Us"
                                    link="#"
                                    scale="normal"
                                    variant="primary"/>
                            </cta>
                        </contact_tile>
                    </row-1-column-3>
                    <row-3-column-2
                        jcr:primaryType="nt:unstructured"
                        sling:resourceType="trp-ref/components/foundation/grid-layout-container/v1/grid-layout-container">
                        <contact_tile_copy
                            jcr:created="{Date}2023-12-15T12:46:24.670Z"
                            jcr:createdBy="admin"
                            jcr:lastModified="{Date}2024-01-03T14:45:28.714Z"
                            jcr:lastModifiedBy="admin"
                            jcr:primaryType="nt:unstructured"
                            sling:resourceType="trp-ref/components/foundation/tiles/contact-tile/v1/contact-tile"
                            deferDefinedDisabled="false"
                            deferVisibleDisabled="false"
                            dynamicMediaEnabled="false"
                            fileReference="/content/dam/trp-ref/test-images/contact-light.png"
                            mode="beacon-on-darker"
                            textIsRich="true"
                            title="Contact Us">
                            <description
                                jcr:primaryType="nt:unstructured"
                                text="&lt;p>For further information or to arrange a meeting please contact the Technology team&lt;/p>&#xd;&#xa;"/>
                            <cta jcr:primaryType="nt:unstructured">
                                <item0
                                    jcr:primaryType="nt:unstructured"
                                    label="Contact Us"
                                    link="#"
                                    scale="normal"
                                    variant="primary"/>
                            </cta>
                        </contact_tile_copy>
                    </row-3-column-2>
                    <columnLayout jcr:primaryType="nt:unstructured">
                        <item0
                            jcr:primaryType="nt:unstructured"
                            colorMode="neutral"
                            divider="{Boolean}false"
                            layout="4-4-4"
                            verticalDivider="{Boolean}false"
                            weight="thin"/>
                        <item1
                            jcr:primaryType="nt:unstructured"
                            colorMode="neutral"
                            divider="{Boolean}false"
                            layout="4-4-4"
                            verticalDivider="{Boolean}false"
                            weight="thin"/>
                        <item2
                            jcr:primaryType="nt:unstructured"
                            colorMode="neutral"
                            divider="{Boolean}false"
                            layout="8-4"
                            verticalDivider="{Boolean}false"
                            weight="thin"/>
                    </columnLayout>
                </container_layout_gri_747916339>
                <container_layout_gri_2077155822
                    jcr:created="{Date}2023-12-15T14:06:31.773Z"
                    jcr:createdBy="admin"
                    jcr:lastModified="{Date}2025-05-12T16:46:13.542+01:00"
                    jcr:lastModifiedBy="admin"
                    jcr:primaryType="nt:unstructured"
                    sling:resourceType="trp-ref/components/foundation/grid-layout-container/v1/grid-layout-container"
                    decoration="{Boolean}false"
                    enableForceFill="false"
                    enableTileOrderMedium="false"
                    enableTileOrderSmall="false"
                    mode="container-white beacon-on-lighter"
                    nestedGrid="false"
                    removeContainerPadding="false"
                    removeContainerVerticalPadding="false"
                    title="We instill investor confidence."
                    titleTag="h2">
                    <row-2-column-1
                        jcr:primaryType="nt:unstructured"
                        sling:resourceType="trp-ref/components/foundation/grid-layout-container/v1/grid-layout-container">
                        <text_image_copy
                            jcr:created="{Date}2023-12-15T14:11:27.833Z"
                            jcr:createdBy="admin"
                            jcr:lastModified="{Date}2025-02-06T13:59:16.623Z"
                            jcr:lastModifiedBy="admin"
                            jcr:primaryType="nt:unstructured"
                            sling:resourceType="trp-ref/components/foundation/text-image/v1/text-image"
                            adjustTileHeight="false"
                            buttonAlign="horizontal"
                            deferDefinedDisabled="false"
                            deferVisibleDisabled="false"
                            dynamicMediaEnabled="false"
                            fileReference="/content/dam/trp-ref/test-images/compass-620x412.png"
                            mobileImageEnabled="false"
                            orientation="left"
                            size="size-100"
                            textIsRich="true">
                            <mobile
                                jcr:lastModified="{Date}2025-02-06T13:59:16.623Z"
                                jcr:lastModifiedBy="admin"
                                jcr:primaryType="nt:unstructured"/>
                            <cta jcr:primaryType="nt:unstructured">
                                <item0
                                    jcr:primaryType="nt:unstructured"
                                    buttonTarget="_self"
                                    iconAlign="left"
                                    label="About Us"
                                    link="/content/institutional/global/en/about/contact-us"
                                    scale="normal"
                                    variant="primary"/>
                            </cta>
                        </text_image_copy>
                    </row-2-column-1>
                    <row-3-column-1
                        jcr:primaryType="nt:unstructured"
                        sling:resourceType="trp-ref/components/foundation/grid-layout-container/v1/grid-layout-container"/>
                    <row-1-column-1
                        jcr:primaryType="nt:unstructured"
                        sling:resourceType="trp-ref/components/foundation/grid-layout-container/v1/grid-layout-container">
                        <text_image
                            jcr:created="{Date}2023-12-15T14:11:27.833Z"
                            jcr:createdBy="admin"
                            jcr:lastModified="{Date}2023-12-22T11:03:56.582Z"
                            jcr:lastModifiedBy="admin"
                            jcr:primaryType="nt:unstructured"
                            sling:resourceType="trp-ref/components/foundation/text-image/v1/text-image"
                            deferDefinedDisabled="false"
                            deferVisibleDisabled="false"
                            eyebrow="We instill investor confidence."
                            fileReference="/content/dam/trp-ref/test-images/compass-620x412.png"
                            orientation="left"
                            text="&lt;p>&lt;b>&lt;/b>Learn more about our firm and the benefits of partnering with us to meet your financial goals.&lt;/p>&#xd;&#xa;"
                            textIsRich="true">
                            <mobile
                                jcr:lastModified="{Date}2024-10-17T11:01:16.862+01:00"
                                jcr:lastModifiedBy="admin"
                                jcr:primaryType="nt:unstructured"/>
                            <cta jcr:primaryType="nt:unstructured">
                                <item0
                                    jcr:primaryType="nt:unstructured"
                                    label="About Us"
                                    link="/content/institutional/global/en/about/contact-us"
                                    scale="normal"
                                    variant="primary"/>
                            </cta>
                        </text_image>
                    </row-1-column-1>
                    <columnLayout jcr:primaryType="nt:unstructured">
                        <item0
                            jcr:primaryType="nt:unstructured"
                            colorMode="neutral"
                            divider="{Boolean}false"
                            layout="12"
                            verticalDivider="{Boolean}false"
                            weight="thin"/>
                        <item1
                            jcr:primaryType="nt:unstructured"
                            colorMode="neutral"
                            divider="{Boolean}false"
                            layout="12"
                            verticalDivider="{Boolean}false"
                            weight="thin"/>
                        <item2
                            jcr:primaryType="nt:unstructured"
                            colorMode="neutral"
                            divider="{Boolean}false"
                            layout="12"
                            verticalDivider="{Boolean}false"
                            weight="thin"/>
                    </columnLayout>
                </container_layout_gri_2077155822>
                <carousel
                    jcr:created="{Date}2024-01-03T12:40:45.067Z"
                    jcr:createdBy="admin"
                    jcr:lastModified="{Date}2024-01-03T14:49:55.657Z"
                    jcr:lastModifiedBy="admin"
                    jcr:primaryType="nt:unstructured"
                    sling:resourceType="trp-ref/components/foundation/carousel/v1/carousel"
                    accessibilityAutoItemTitles="false"
                    deferDefinedDisabled="false"
                    deferVisibleDisabled="false"
                    mode="beacon-on-dark"
                    title="Mixed Carousel (Dark)">
                    <article_tile
                        cq:panelTitle="Article tile 1"
                        jcr:created="{Date}2024-01-03T13:31:03.349Z"
                        jcr:createdBy="admin"
                        jcr:lastModified="{Date}2024-10-17T15:59:43.713+01:00"
                        jcr:lastModifiedBy="admin"
                        jcr:primaryType="nt:unstructured"
                        sling:resourceType="trp-ref/components/foundation/tiles/article-tile/v1/article-tile"
                        articleType="normal"
                        aspectRatio="1:1"
                        buttonAlign="horizontal"
                        bylineEnabled="{Boolean}false"
                        deferDefinedDisabled="false"
                        deferVisibleDisabled="false"
                        dynamicMediaEnabled="false"
                        eyebrow="INVEST WITH CONFIDENCE™"
                        eyebrowPrefix="Dec 2023"
                        eyebrowTag="span"
                        fileReference="/content/dam/trp-ref/test-images/ocean-2x1-normal.jpg"
                        hideBioLink="{Boolean}false"
                        iconImage="{Boolean}false"
                        layout="standard"
                        link="#"
                        mode="beacon-on-dark"
                        motion="disabled"
                        overrideResource="true"
                        position="vertical"
                        scale="normal"
                        smartCropEnabled="false"
                        textIsRich="[true,true,true]"
                        title="Dynamic growth potential as there are a lot of opportunities in the ermerging market. "
                        titleTag="h3">
                        <article-byline
                            jcr:lastModified="{Date}2024-10-10T11:25:15.970+01:00"
                            jcr:lastModifiedBy="admin"
                            jcr:primaryType="nt:unstructured"
                            sling:resourceType="trp-compose/components/byline/v1/byline"
                            attributionText="By"
                            authorText="John Doe"
                            deferDefinedDisabled="false"
                            deferVisibleDisabled="false"
                            select="standard"/>
                        <description jcr:primaryType="nt:unstructured"/>
                        <footnote jcr:primaryType="nt:unstructured"/>
                    </article_tile>
                    <item_1704290415228
                        cq:panelTitle="Article tile  2"
                        jcr:lastModified="{Date}2024-10-17T16:00:05.295+01:00"
                        jcr:lastModifiedBy="admin"
                        jcr:primaryType="nt:unstructured"
                        sling:resourceType="trp-ref/components/foundation/tiles/article-tile/v1/article-tile"
                        articleType="normal"
                        aspectRatio="1:1"
                        buttonAlign="horizontal"
                        bylineEnabled="{Boolean}false"
                        deferDefinedDisabled="false"
                        deferVisibleDisabled="false"
                        dynamicMediaEnabled="false"
                        eyebrow="Markets &amp; Economy"
                        eyebrowPrefix="Jan 2024"
                        eyebrowTag="span"
                        fileReference="/content/dam/trp-ref/test-images/spices-2x1-normal.jpeg"
                        hideBioLink="{Boolean}false"
                        iconImage="{Boolean}false"
                        layout="standard"
                        link="#"
                        mode="beacon-on-dark"
                        motion="disabled"
                        overrideResource="true"
                        position="vertical"
                        scale="normal"
                        smartCropEnabled="false"
                        textIsRich="[true,true,true]"
                        title="UK Economic Growth expected to rise by 0.6% in 2024."
                        titleTag="h3">
                        <description jcr:primaryType="nt:unstructured"/>
                        <footnote jcr:primaryType="nt:unstructured"/>
                        <cta jcr:primaryType="nt:unstructured">
                            <item0
                                jcr:primaryType="nt:unstructured"
                                buttonTarget="_self"
                                gatedButton="false"
                                iconAlign="left"
                                label="Button Primary"
                                link="#"
                                scale="normal"
                                variant="primary"/>
                        </cta>
                    </item_1704290415228>
                    <item_1704290419163
                        cq:panelTitle="Collection tile 3"
                        jcr:lastModified="{Date}2024-01-04T10:42:52.695Z"
                        jcr:lastModifiedBy="admin"
                        jcr:primaryType="nt:unstructured"
                        sling:resourceType="trp-ref/components/foundation/collection-tile/v1/collection-tile"
                        deferDefinedDisabled="false"
                        deferVisibleDisabled="false"
                        dynamicMediaEnabled="false"
                        fileReference="/content/dam/trp-ref/test-images/change-GMO2017.jpg"
                        link="#"
                        overrideResource="true"
                        position="vertical"
                        textIsRich="[true,true]"
                        title="Gold Market Insights">
                        <description
                            jcr:primaryType="nt:unstructured"
                            text="&lt;p>Customized client solutions&lt;/p>&#xd;&#xa;"/>
                    </item_1704290419163>
                    <item_1704290421628
                        cq:panelTitle="Collection tile 4"
                        jcr:lastModified="{Date}2024-01-04T10:51:09.683Z"
                        jcr:lastModifiedBy="admin"
                        jcr:primaryType="nt:unstructured"
                        sling:resourceType="trp-ref/components/foundation/collection-tile/v1/collection-tile"
                        colorMode="berry"
                        deferDefinedDisabled="false"
                        deferVisibleDisabled="false"
                        dynamicMediaEnabled="false"
                        fileReference="/content/dam/trp-ref/test-images/herbs-spices.jpg"
                        link="#"
                        overrideResource="true"
                        position="vertical"
                        textIsRich="[true,true]"
                        title="Global Credit">
                        <description
                            jcr:primaryType="nt:unstructured"
                            text="&lt;p>Unlocking the potential of corporate debt&lt;/p>&#xd;&#xa;"/>
                    </item_1704290421628>
                    <item_1704290423694
                        cq:panelTitle="Promo tile 5"
                        jcr:lastModified="{Date}2024-01-04T10:50:49.898Z"
                        jcr:lastModifiedBy="admin"
                        jcr:primaryType="nt:unstructured"
                        sling:resourceType="trp-ref/components/foundation/tiles/promo-tile/v1/promo-tile"
                        deferDefinedDisabled="false"
                        deferVisibleDisabled="false"
                        dynamicMediaEnabled="false"
                        eyebrow="Green Investing"
                        fileReference="/content/dam/trp-ref/test-images/esg.jpg"
                        layout="standard"
                        link="#"
                        mediaTemplate="standard"
                        overrideResource="true"
                        position="vertical"
                        scale="normal"
                        textIsRich="[true,true]"
                        title="Evergreen ESG">
                        <description jcr:primaryType="nt:unstructured"/>
                    </item_1704290423694>
                    <item_1704290425428
                        cq:panelTitle="Promo tile 6"
                        jcr:lastModified="{Date}2024-01-04T10:50:31.903Z"
                        jcr:lastModifiedBy="admin"
                        jcr:primaryType="nt:unstructured"
                        sling:resourceType="trp-ref/components/foundation/tiles/promo-tile/v1/promo-tile"
                        deferDefinedDisabled="false"
                        deferVisibleDisabled="false"
                        dynamicMediaEnabled="false"
                        eyebrow="Savings"
                        fileReference="/content/dam/trp-ref/test-images/moneyfinance.jpg"
                        layout="standard"
                        link="#"
                        mediaTemplate="standard"
                        overrideResource="true"
                        position="vertical"
                        scale="normal"
                        textIsRich="[true,true]"
                        title="Save for a greener future">
                        <description jcr:primaryType="nt:unstructured"/>
                    </item_1704290425428>
                </carousel>
                <action_bar_174661229
                    jcr:created="{Date}2025-05-06T11:40:36.018+01:00"
                    jcr:createdBy="admin"
                    jcr:lastModified="{Date}2025-05-06T11:49:07.919+01:00"
                    jcr:lastModifiedBy="admin"
                    jcr:primaryType="nt:unstructured"
                    sling:resourceType="trp-ref/components/foundation/action-bar/v1/action-bar"
                    appendTo="main"
                    deferDefinedDisabled="false"
                    iconographySize="s"
                    useIconography="false">
                    <parsys
                        jcr:primaryType="nt:unstructured"
                        sling:resourceType="wcm/foundation/components/parsys">
                        <text_image
                            jcr:created="{Date}2025-05-06T11:41:54.633+01:00"
                            jcr:createdBy="admin"
                            jcr:lastModified="{Date}2025-05-06T11:42:03.253+01:00"
                            jcr:lastModifiedBy="admin"
                            jcr:primaryType="nt:unstructured"
                            sling:resourceType="trp-ref/components/foundation/text-image/v1/text-image"
                            text="&lt;p>Hello I am here!!&lt;/p>&#xa;"
                            textIsRich="true"/>
                    </parsys>
                    <button
                        jcr:primaryType="nt:unstructured"
                        buttonTarget="_self"
                        elementId="id"
                        gatedButton="false"
                        iconAlign="left"
                        label="Button"
                        link="#"
                        scale="normal"
                        variant="primary"/>
                </action_bar_174661229>
            </container>
        </root>
        <cq:featuredimage
            jcr:lastModified="{Date}2025-05-13T12:21:51.625+01:00"
            jcr:lastModifiedBy="admin"
            jcr:primaryType="nt:unstructured"
            sling:resourceType="core/wcm/components/image/v3/image"
            altValueFromDAM="false"/>
    </jcr:content>
    <key-facts/>
    <contact-tile/>
    <collection-tile/>
    <article-tile/>
    <text-and-image/>
    <carousel/>
    <promo-tile/>
    <quote-block/>
    <hero/>
    <grid-layout/>
    <button/>
    <tabs/>
    <bar-chart/>
    <icon-button/>
    <id-card/>
    <video/>
    <modal-overlay/>
    <tables/>
    <adaptive-form/>
    <testpagetemplate/>
</jcr:root>
