<?xml version="1.0" encoding="UTF-8"?>
<jcr:root xmlns:granite="http://www.adobe.com/jcr/granite/1.0" xmlns:sling="http://sling.apache.org/jcr/sling/1.0" xmlns:cq="http://www.day.com/jcr/cq/1.0"
          xmlns:jcr="http://www.jcp.org/jcr/1.0" xmlns:nt="http://www.jcp.org/jcr/nt/1.0"
          jcr:primaryType="nt:unstructured"
          jcr:title="PopOver Component Dialog"
          sling:resourceType="cq/gui/components/authoring/dialog"
          extraClientlibs="[acs-commons.widgets.showhidedialogfields]">
    <content
            jcr:primaryType="nt:unstructured"
            sling:resourceType="granite/ui/components/coral/foundation/container">
        <items jcr:primaryType="nt:unstructured">
            <tabs
                    jcr:primaryType="nt:unstructured"
                    sling:resourceType="granite/ui/components/coral/foundation/tabs"
                    maximized="{Boolean}false">
                <items jcr:primaryType="nt:unstructured">
                    <properties
                            jcr:primaryType="nt:unstructured"
                            jcr:title="Properties"
                            sling:resourceType="granite/ui/components/coral/foundation/container"
                            margin="{Boolean}true">
                        <items jcr:primaryType="nt:unstructured">
                            <columns
                                    jcr:primaryType="nt:unstructured"
                                    sling:resourceType="granite/ui/components/coral/foundation/fixedcolumns"
                                    margin="{Boolean}true">
                                <items jcr:primaryType="nt:unstructured">
                                    <column
                                            jcr:primaryType="nt:unstructured"
                                            sling:resourceType="granite/ui/components/coral/foundation/container">
                                        <items jcr:primaryType="nt:unstructured">
                                            <openBy
                                                    jcr:primaryType="nt:unstructured"
                                                    sling:resourceType="granite/ui/components/coral/foundation/form/multifield"
                                                    fieldLabel="Open By CSS Selectors (Foundation version 3.4.0+)"
                                                    fieldDescription="Use '#' for id and '.' for class. EG. #id, .class"
                                                    composite="{Boolean}true"
                                                    required="{Boolean}false">
                                                <field
                                                        jcr:primaryType="nt:unstructured"
                                                        sling:resourceType="granite/ui/components/coral/foundation/container"
                                                        name="./openBy">
                                                    <items jcr:primaryType="nt:unstructured">
                                                        <column
                                                                jcr:primaryType="nt:unstructured"
                                                                sling:resourceType="granite/ui/components/coral/foundation/container">
                                                            <items jcr:primaryType="nt:unstructured">
                                                                <idClass
                                                                        jcr:primaryType="nt:unstructured"
                                                                        sling:resourceType="granite/ui/components/coral/foundation/form/textfield"
                                                                        fieldLabel="Class/ID"
                                                                        fieldDescription="This will attach click event listeners which will open the modal when clicked."
                                                                        maxLength="{Long}35"
                                                                        name="./idClass"
                                                                        required="{Boolean}true"/>
                                                            </items>
                                                        </column>
                                                    </items>
                                                </field>
                                            </openBy>
                                            <id
                                                    jcr:primaryType="nt:unstructured"
                                                    sling:resourceType="granite/ui/components/coral/foundation/form/textfield"
                                                    emptyText="Enter the PopOver ID"
                                                    fieldDescription="PopOver ID"
                                                    fieldLabel="PopOver ID"
                                                    name="./id"
                                                    required="{Boolean}false"/>
                                            <orientation jcr:primaryType="nt:unstructured"
                                                         sling:resourceType="granite/ui/components/coral/foundation/form/select"
                                                         fieldLabel="Orientation (Deprecated from Foundation 4.0.0+)"
                                                         name="./orientation"
                                                         required="{Boolean}false">
                                                <items jcr:primaryType="nt:unstructured">

                                                    <vertical
                                                            jcr:primaryType="nt:unstructured"
                                                            text="Vertical"
                                                            value="vertical"/>
                                                    <horizontal
                                                            jcr:primaryType="nt:unstructured"
                                                            text="Horizontal"
                                                            value="horizontal"/>
                                                </items>

                                            </orientation>
                                            <placementDirection
                                                    jcr:primaryType="nt:unstructured"
                                                    sling:resourceType="granite/ui/components/coral/foundation/form/select"
                                                    fieldLabel="Placement Direction (Replaces Orientation from Foundation 4.0)"
                                                    fieldDescription="Set for your preferred position of the popup in relation to its trigger. Placement is purely dependent on available space."
                                                    name="./placementDirection"
                                                    required="{Boolean}false">
                                                <items jcr:primaryType="nt:unstructured">
                                                    <top
                                                        jcr:primaryType="nt:unstructured"
                                                        text="Top"
                                                        value="top"/>
                                                    <right
                                                        jcr:primaryType="nt:unstructured"
                                                        text="Right"
                                                        value="right"/>
                                                    <bottom
                                                        jcr:primaryType="nt:unstructured"
                                                        text="Bottom"
                                                        value="bottom"/>
                                                    <left
                                                        jcr:primaryType="nt:unstructured"
                                                        text="Left"
                                                        value="left"/>
                                                </items>
                                            </placementDirection>
                                            <placementPosition
                                                jcr:primaryType="nt:unstructured"
                                                sling:resourceType="granite/ui/components/coral/foundation/form/select"
                                                fieldLabel="Placement Position"
                                                fieldDescription="Set for your preferred position of the popup in relation to its trigger. Placement is purely dependent on available space."
                                                name="./placementPosition"
                                                value=""
                                                required="{Boolean}false">
                                                <items jcr:primaryType="nt:unstructured">
                                                    <start
                                                        jcr:primaryType="nt:unstructured"
                                                        text="Start"
                                                        value="start"/>
                                                    <center
                                                        jcr:primaryType="nt:unstructured"
                                                        text="Center"
                                                        value=""/>
                                                    <end
                                                        jcr:primaryType="nt:unstructured"
                                                        text="End"
                                                        value="end"/>
                                                </items>
                                            </placementPosition>
                                        </items>
                                    </column>
                                </items>
                            </columns>
                        </items>
                    </properties>
                    <asset
                            jcr:primaryType="nt:unstructured"
                            sling:hideResource="{Boolean}true" />
                    <accessibility
                            jcr:primaryType="nt:unstructured"
                            sling:hideResource="{Boolean}true" />

                    <content
                            jcr:primaryType="nt:unstructured"
                            jcr:title="Content"
                            sling:resourceType="granite/ui/components/coral/foundation/container"
                            margin="{Boolean}true">
                        <items jcr:primaryType="nt:unstructured">
                            <columns
                                    jcr:primaryType="nt:unstructured"
                                    sling:resourceType="granite/ui/components/coral/foundation/fixedcolumns"
                                    margin="{Boolean}true">
                                <items jcr:primaryType="nt:unstructured">
                                    <column
                                            jcr:primaryType="nt:unstructured"
                                            sling:resourceType="granite/ui/components/coral/foundation/container">
                                        <items jcr:primaryType="nt:unstructured">
                                            <title
                                                    jcr:primaryType="nt:unstructured"
                                                    sling:resourceType="granite/ui/components/coral/foundation/form/textfield"
                                                    emptyText="Enter the PopOver Title"
                                                    fieldDescription="Display the PopOver Title"
                                                    fieldLabel="PopOver Title"
                                                    name="./title"/>
                                            <description
                                                    jcr:primaryType="nt:unstructured"
                                                    sling:resourceType="cq/gui/components/authoring/dialog/richtext"
                                                    fieldLabel="PopOver Description"
                                                    name="./description"
                                                    externalStyleSheets="[/apps/trp-core/components/content/text/clientlibs/clientlib-rte-styles.css]"
                                                    useFixedInlineToolbar="{Boolean}true"
                                                    required="{Boolean}false">
                                                <rtePlugins
                                                        jcr:primaryType="nt:unstructured"
                                                        sling:resourceSuperType="/apps/trp-compose/components/common/shared-rte-dialog/richtext-config-nano/rtePlugins"/>
                                                <uiSettings
                                                        jcr:primaryType="nt:unstructured"
                                                        sling:resourceSuperType="/apps/trp-compose/components/common/shared-rte-dialog/richtext-config-nano/uiSettings"/>
                                            </description>

                                        </items>
                                    </column>
                                </items>
                            </columns>
                        </items>
                    </content>
                    <link jcr:primaryType="nt:unstructured"
                          jcr:title="Links"
                          sling:orderBefore="performance"
                          sling:resourceType="granite/ui/components/coral/foundation/fixedcolumns"
                          margin="{Boolean}true">
                        <items jcr:primaryType="nt:unstructured">
                            <columns jcr:primaryType="nt:unstructured"
                                     sling:resourceType="granite/ui/components/coral/foundation/container">
                                <items jcr:primaryType="nt:unstructured">
                                    <buttonAlignment
                                            jcr:primaryType="nt:unstructured"
                                            sling:resourceType="granite/ui/components/coral/foundation/form/select"
                                            fieldLabel="Buttons Alignment"
                                            name="./buttonAlign"
                                            required="{Boolean}false">
                                        <items jcr:primaryType="nt:unstructured">
                                            <left-aligned
                                                    jcr:primaryType="nt:unstructured"
                                                    text="Left Align"
                                                    value="b-flex b-justify-start"/>
                                            <right-align
                                                    jcr:primaryType="nt:unstructured"
                                                    text="Right Align"
                                                    value="b-flex b-justify-end"/>
                                            <space-between
                                                    jcr:primaryType="nt:unstructured"
                                                    text="Space Between"
                                                    value="b-flex b-justify-between"/>
                                        </items>
                                    </buttonAlignment>
                                    <buttons
                                            jcr:primaryType="nt:unstructured"
                                            sling:resourceType="granite/ui/components/coral/foundation/form/multifield"
                                            fieldLabel="Action Zone Buttons"
                                            fieldDescription="Field description"
                                            composite="{Boolean}true"
                                            required="{Boolean}false">
                                        <field
                                                jcr:primaryType="nt:unstructured"
                                                sling:resourceType="granite/ui/components/coral/foundation/container"
                                                name="./cta">
                                            <items jcr:primaryType="nt:unstructured">
                                                <column
                                                        jcr:primaryType="nt:unstructured"
                                                        sling:resourceType="granite/ui/components/coral/foundation/container">
                                                    <items jcr:primaryType="nt:unstructured">
                                                        <elementId
                                                                jcr:primaryType="nt:unstructured"
                                                                sling:resourceType="granite/ui/components/coral/foundation/form/textfield"
                                                                fieldLabel="Item ID"
                                                                fieldDescription="This ID is required to identify CTA Action button."
                                                                maxLength="{Long}35"
                                                                name="./elementId"
                                                                required="{Boolean}false"/>
                                                        <label
                                                                jcr:primaryType="nt:unstructured"
                                                                sling:resourceType="granite/ui/components/coral/foundation/form/textfield"
                                                                fieldLabel="Button Text"
                                                                fieldDescription="Field description"
                                                                maxLength="{Long}35"
                                                                name="./label"
                                                                required="{Boolean}true"/>
                                                        <useIconography
                                                                jcr:primaryType="nt:unstructured"
                                                                sling:resourceType="granite/ui/components/coral/foundation/form/checkbox"
                                                                fieldLabel="Use Beacon Iconography Component"
                                                                name="./useIconography"
                                                                value="{Boolean}true"
                                                                uncheckedValue="{Boolean}false"
                                                                text="Use Iconography (Available with foundation version 4.2.0+)"
                                                                granite:class="cq-dialog-showhide">
                                                            <granite:data
                                                                    jcr:primaryType="nt:unstructured"
                                                                    acs-cq-dialog-dropdown-checkbox-showhide=""
                                                                    acs-cq-dialog-dropdown-checkbox-showhide-target=".showhide-iconography"/>
                                                        </useIconography>
                                                        <iconographyButton
                                                                jcr:primaryType="nt:unstructured"
                                                                sling:resourceType="granite/ui/components/coral/foundation/form/select"
                                                                fieldDescription="Select an icon"
                                                                fieldLabel="Icon"
                                                                name="./iconographyName"
                                                                emptyOption="true"
                                                                granite:class="showhide-iconography">
                                                            <granite:data
                                                                    jcr:primaryType="nt:unstructured"
                                                                    acs-checkboxshowhidetargetvalue="true"/>
                                                            <datasource
                                                                    jcr:primaryType="nt:unstructured"
                                                                    sling:resourceType="/apps/trp-compose/components/icon/datasource/icon-datasource.html"/>
                                                        </iconographyButton>
                                                        <iconographyLabel
                                                                jcr:primaryType="nt:unstructured"
                                                                sling:resourceType="granite/ui/components/coral/foundation/form/textfield"
                                                                emptyText=""
                                                                fieldDescription="Icons are assumed to be decorative by default. Providing a label will expose it to screen readers with this label."
                                                                fieldLabel="Icon Label"
                                                                name="./iconographyLabel"
                                                                required="{Boolean}false"
                                                                granite:class="showhide-iconography">
                                                            <granite:data
                                                                    jcr:primaryType="nt:unstructured"
                                                                    acs-checkboxshowhidetargetvalue="true"/>
                                                        </iconographyLabel>
                                                        <iconographySize
                                                                jcr:primaryType="nt:unstructured"
                                                                sling:resourceType="granite/ui/components/coral/foundation/form/select"
                                                                sling:orderBefore="buttonId"
                                                                fieldDescription="Select an icon size"
                                                                fieldLabel="Icon Size"
                                                                name="./iconographySize"
                                                                value="s"
                                                                granite:class="showhide-iconography">
                                                            <granite:data
                                                                    jcr:primaryType="nt:unstructured"
                                                                    acs-checkboxshowhidetargetvalue="true"/>
                                                            <items jcr:primaryType="nt:unstructured">
                                                                <small
                                                                        jcr:primaryType="nt:unstructured"
                                                                        text="Small"
                                                                        value="s"/>
                                                                <medium
                                                                        jcr:primaryType="nt:unstructured"
                                                                        text="Medium"
                                                                        value="m"/>
                                                                <large
                                                                        jcr:primaryType="nt:unstructured"
                                                                        text="Large"
                                                                        value="l"/>
                                                            </items>
                                                        </iconographySize>
                                                        <buttonIcon
                                                                jcr:primaryType="nt:unstructured"
                                                                sling:resourceType="granite/ui/components/coral/foundation/form/pathfield"
                                                                fieldLabel="Button Icon (18x18 size preferred)"
                                                                name="./icon"
                                                                rootPath="/content/dam"
                                                                droppable="{Boolean}true"
                                                                granite:class="showhide-iconography">
                                                            <granite:data
                                                                    jcr:primaryType="nt:unstructured"
                                                                    acs-checkboxshowhidetargetvalue=""/>
                                                        </buttonIcon>
                                                        <buttonIconAlignment
                                                                jcr:primaryType="nt:unstructured"
                                                                sling:resourceType="granite/ui/components/coral/foundation/form/select"
                                                                fieldLabel="Button Icon Alignment"
                                                                name="./iconAlign"
                                                                required="{Boolean}false"
                                                                value="left">
                                                            <items jcr:primaryType="nt:unstructured">
                                                                <left
                                                                        jcr:primaryType="nt:unstructured"
                                                                        text="Left"
                                                                        value="left"/>
                                                                <right
                                                                        jcr:primaryType="nt:unstructured"
                                                                        text="Right"
                                                                        value="right"/>
                                                            </items>
                                                        </buttonIconAlignment>
                                                        <link
                                                                jcr:primaryType="nt:unstructured"
                                                                sling:resourceType="granite/ui/components/coral/foundation/form/pathfield"
                                                                fieldLabel="Link"
                                                                fieldDescription="Field description"
                                                                rootPath="/content"
                                                                name="./link"
                                                                required="{Boolean}true"/>
                                                        <ariaLabel
                                                                jcr:primaryType="nt:unstructured"
                                                                sling:resourceType="granite/ui/components/coral/foundation/form/textfield"
                                                                fieldLabel="Name for assistive technologies"
                                                                fieldDescription="Include the visible text followed by brief additional text that provides assistive technology users with more context for the link or button's purpose"
                                                                maxLength="{Long}35"
                                                                name="./ariaLabel"/>
                                                        <variant
                                                                jcr:primaryType="nt:unstructured"
                                                                sling:resourceType="granite/ui/components/coral/foundation/form/select"
                                                                fieldLabel="Variation"
                                                                name="./variant"
                                                                value="primary"
                                                                required="{Boolean}true">
                                                            <items jcr:primaryType="nt:unstructured">
                                                                <primary jcr:primaryType="nt:unstructured"
                                                                         text="Primary" value="primary"/>
                                                                <secondary jcr:primaryType="nt:unstructured"
                                                                           text="Secondary" value="secondary"/>
                                                                <tertiary jcr:primaryType="nt:unstructured"
                                                                          text="Tertiary" value="tertiary"/>
                                                            </items>
                                                        </variant>
                                                        <scale
                                                                jcr:primaryType="nt:unstructured"
                                                                sling:resourceType="granite/ui/components/coral/foundation/form/select"
                                                                fieldDescription="Select a button scale"
                                                                fieldLabel="Button Scale"
                                                                value="normal"
                                                                name="./scale">
                                                            <items jcr:primaryType="nt:unstructured">
                                                                <normal
                                                                        jcr:primaryType="nt:unstructured"
                                                                        text="Normal"
                                                                        value="normal"/>
                                                                <mini
                                                                        jcr:primaryType="nt:unstructured"
                                                                        text="Mini"
                                                                        value="mini"/>
                                                                <jumbo
                                                                        jcr:primaryType="nt:unstructured"
                                                                        text="Jumbo"
                                                                        value="jumbo"/>
                                                            </items>
                                                        </scale>
                                                        <buttonTarget
                                                                jcr:primaryType="nt:unstructured"
                                                                sling:resourceType="granite/ui/components/coral/foundation/form/select"
                                                                fieldDescription="Select a button link target"
                                                                fieldLabel="Button Link Target"
                                                                name="./buttonTarget">
                                                            <items jcr:primaryType="nt:unstructured">
                                                                <self
                                                                        jcr:primaryType="nt:unstructured"
                                                                        text="Self (default, opens link in same tab)"
                                                                        value="_self"/>
                                                                <blank
                                                                        jcr:primaryType="nt:unstructured"
                                                                        text="Blank (opens link in new tab)"
                                                                        value="_blank"/>
                                                                <parent
                                                                        jcr:primaryType="nt:unstructured"
                                                                        text="Parent (opens link in parent window)"
                                                                        value="_parent"/>
                                                                <top
                                                                        jcr:primaryType="nt:unstructured"
                                                                        text="Top (opens link in full body of the window)"
                                                                        value="_top"/>
                                                            </items>
                                                        </buttonTarget>
                                                    </items>
                                                </column>
                                            </items>
                                        </field>
                                    </buttons>
                                </items>
                            </columns>
                        </items>
                    </link>


                </items>
            </tabs>
        </items>
    </content>
</jcr:root>
