<?xml version="1.0" encoding="UTF-8"?>
<jcr:root xmlns:sling="http://sling.apache.org/jcr/sling/1.0" xmlns:granite="http://www.adobe.com/jcr/granite/1.0" xmlns:cq="http://www.day.com/jcr/cq/1.0" xmlns:jcr="http://www.jcp.org/jcr/1.0" xmlns:nt="http://www.jcp.org/jcr/nt/1.0"
    jcr:primaryType="nt:unstructured"
    jcr:title="Event Tile"
    sling:resourceType="cq/gui/components/authoring/dialog"
    extraClientlibs="[compose.article-tile.v1.editor,acs-commons.widgets.showhidedialogfields]">
    <content
        granite:class="article-tile-tabs"
        jcr:primaryType="nt:unstructured"
        sling:resourceType="granite/ui/components/coral/foundation/container">
        <items jcr:primaryType="nt:unstructured">
            <tabs
                jcr:primaryType="nt:unstructured"
                sling:resourceType="granite/ui/components/coral/foundation/tabs"
                maximized="{Boolean}false">
                <items jcr:primaryType="nt:unstructured"
                    sling:hideChildren="[link]">
                    <customProperties
                        granite:class="iid-custom-tab"
                        jcr:primaryType="nt:unstructured"
                        jcr:title="Reference"
                        sling:resourceType="granite/ui/components/coral/foundation/fixedcolumns">
                        <items jcr:primaryType="nt:unstructured">
                            <column
                                jcr:primaryType="nt:unstructured"
                                sling:resourceType="granite/ui/components/foundation/container">
                                <items jcr:primaryType="nt:unstructured">
                                    <contentSource
                                            jcr:primaryType="nt:unstructured"
                                            sling:resourceType="granite/ui/components/foundation/form/select"
                                            class="cq-dialog-dropdown-showhide"
                                            cq-dialog-dropdown-showhide-target=".event-content-source-options-showhide-target"
                                            fieldDescription="Select a content source to override"
                                            fieldLabel="Content Source"
                                            name="./contentSource"
                                            required="{Boolean}false"
                                            sling:hideResource="true">
                                        <items jcr:primaryType="nt:unstructured">
                                            <eventPage
                                                    jcr:primaryType="nt:unstructured"
                                                    text="Event Page"
                                                    value="event"/>
                                            <articlePage
                                                    jcr:primaryType="nt:unstructured"
                                                    text="Article Page"
                                                    value="article"
                                                    sling:hideResource="true"/>
                                            <contentFragment
                                                    jcr:primaryType="nt:unstructured"
                                                    text="Content Fragment"
                                                    value="cf"
                                                    sling:hideResource="true"/>
                                        </items>
                                    </contentSource>
                                    <articlePageSource
                                            jcr:primaryType="nt:unstructured"
                                            sling:resourceType="granite/ui/components/foundation/container"
                                            showhidetargetvalue="event"
                                            sling:hideResource="true">
                                        <items jcr:primaryType="nt:unstructured">
                                            <siteContent
                                                    jcr:primaryType="nt:unstructured"
                                                    sling:resourceType="granite/ui/components/coral/foundation/form/pathfield"
                                                    fieldLabel="Path to artile Page"
                                                    name="./resourcePath"
                                                    required="false"
                                                    rootPath="/content"/>
                                        </items>
                                    </articlePageSource>
                                    <eventPageSource
                                            jcr:primaryType="nt:unstructured"
                                            sling:resourceType="granite/ui/components/foundation/container">
                                        <items jcr:primaryType="nt:unstructured">
                                            <siteContent
                                                    jcr:primaryType="nt:unstructured"
                                                    sling:resourceType="granite/ui/components/coral/foundation/form/pathfield"
                                                    fieldLabel="Path to Event Page"
                                                    name="./eventResourcePath"
                                                    required="true"
                                                    rootPath="/content"/>
                                        </items>
                                    </eventPageSource>
                                    <tileCF
                                            jcr:primaryType="nt:unstructured"
                                            sling:resourceType="granite/ui/components/foundation/container"
                                            sling:hideResource="true">
                                    </tileCF>
                                    <overrideResource
                                        jcr:primaryType="nt:unstructured"
                                        sling:resourceType="granite/ui/components/coral/foundation/form/switch"
                                        fieldLabel="Override Content Source (Manually Enter Content)"
                                        name="./overrideResource"/>
                                </items>
                            </column>
                        </items>
                    </customProperties>
                    <properties
                        jcr:primaryType="nt:unstructured"
                        jcr:title="Properties"
                        sling:resourceType="granite/ui/components/coral/foundation/container"
                        margin="{Boolean}true">
                        <items jcr:primaryType="nt:unstructured">
                            <columns
                                jcr:primaryType="nt:unstructured"
                                sling:resourceType="granite/ui/components/coral/foundation/fixedcolumns"
                                margin="{Boolean}true">
                                <items jcr:primaryType="nt:unstructured">
                                    <column
                                        jcr:primaryType="nt:unstructured"
                                        sling:resourceType="granite/ui/components/coral/foundation/container">
                                        <items
                                            jcr:primaryType="nt:unstructured">
                                            <position
                                                jcr:primaryType="nt:unstructured"
                                                sling:resourceType="granite/ui/components/coral/foundation/form/select"
                                                fieldDescription="Basic styles that orient the Content Zone in relation to the Media Zone that are configured based on position property setting"
                                                fieldLabel="Position"
                                                name="./position"
                                                required="{Boolean}false"
                                                value="vertical">
                                                <items jcr:primaryType="nt:unstructured">
                                                    <vertical
                                                        jcr:primaryType="nt:unstructured"
                                                        text="Vertical Bottom (Default)"
                                                        value="vertical"/>
                                                    <verticalTop
                                                        jcr:primaryType="nt:unstructured"
                                                        text="Vertical Top (only available with foundation 3.8.0+)"
                                                        value="vertical-top"/>
                                                    <horizontal-left
                                                        jcr:primaryType="nt:unstructured"
                                                        text="Horizontal Left"
                                                        value="horizontal-left"/>
                                                    <horizontal-right
                                                        jcr:primaryType="nt:unstructured"
                                                        text="Horizontal Right"
                                                        value="horizontal-right"/>
                                                </items>
                                            </position>
                                            <layout
                                                    jcr:primaryType="nt:unstructured"
                                                    granite:class="cq-dialog-dropdown-showhide"
                                                    sling:resourceType="granite/ui/components/coral/foundation/form/select"
                                                    fieldLabel="Layout"
                                                    name="./layout"
                                                    value="standard"
                                                    required="{Boolean}false">
                                                <items jcr:primaryType="nt:unstructured">
                                                    <standard jcr:primaryType="nt:unstructured" text="Standard"
                                                              value="standard"/>
                                                    <wide jcr:primaryType="nt:unstructured" text="Wide" value="wide"/>
                                                </items>
                                                <granite:data
                                                        jcr:primaryType="nt:unstructured"
                                                        cq-dialog-dropdown-showhide-target=".layout-showhide-target"/>
                                            </layout>
                                            <aspectRatioContainer
                                                    jcr:primaryType="nt:unstructured"
                                                    sling:resourceType="granite/ui/components/coral/foundation/container"
                                                    granite:class="hide layout-showhide-target">
                                                <items jcr:primaryType="nt:unstructured">
                                                    <aspectRatio
                                                            jcr:primaryType="nt:unstructured"
                                                            sling:resourceType="granite/ui/components/coral/foundation/form/select"
                                                            fieldLabel="Aspect Ratio"
                                                            name="./aspectRatio"
                                                            value="1:1"
                                                            required="{Boolean}false">
                                                        <items jcr:primaryType="nt:unstructured">
                                                            <oneOne jcr:primaryType="nt:unstructured" text="1:1"
                                                                      value="1:1"/>
                                                            <threeTwo jcr:primaryType="nt:unstructured" text="3:2" value="3:2"/>
                                                        </items>
                                                    </aspectRatio>
                                                </items>
                                                <granite:data
                                                        jcr:primaryType="nt:unstructured"
                                                        showhidetargetvalue="wide"/>
                                            </aspectRatioContainer>
                                            <scale
                                                    jcr:primaryType="nt:unstructured"
                                                    sling:resourceType="granite/ui/components/coral/foundation/form/select"
                                                    fieldLabel="Scale"
                                                    granite:class="cq-dialog-dropdown-showhide"
                                                    name="./scale"
                                                    value="normal"
                                                    required="{Boolean}false">
                                                <items jcr:primaryType="nt:unstructured">
                                                    <normal jcr:primaryType="nt:unstructured" text="Normal"
                                                            value="normal"/>
                                                    <mini jcr:primaryType="nt:unstructured" text="Mini" value="mini"/>
                                                    <maxi jcr:primaryType="nt:unstructured" text="Maxi" value="maxi"/>
                                                    <jumbo jcr:primaryType="nt:unstructured" text="Jumbo" value="jumbo"/>
                                                </items>
                                                <granite:data
                                                    jcr:primaryType="nt:unstructured"
                                                    cq-dialog-dropdown-showhide-target=".scale-showhide-target"/>
                                            </scale>
                                            <isFloating
                                                jcr:primaryType="nt:unstructured"
                                                sling:resourceType="granite/ui/components/coral/foundation/form/checkbox"
                                                name="./floating"
                                                required="{Boolean}false"
                                                text="Floating"
                                                uncheckedValue="false"
                                                granite:class="hide scale-showhide-target"
                                                value="true">
                                                <granite:data
                                                    jcr:primaryType="nt:unstructured"
                                                    showhidetargetvalue="mini"/>
                                            </isFloating>
                                        </items>
                                    </column>
                                </items>
                            </columns>
                        </items>
                    </properties>
                    <asset
                        jcr:primaryType="nt:unstructured"
                        jcr:title="Asset"
                        sling:resourceType="granite/ui/components/coral/foundation/container"
                        margin="{Boolean}true">
                        <items jcr:primaryType="nt:unstructured">
                            <columns
                                    jcr:primaryType="nt:unstructured"
                                    sling:resourceType="granite/ui/components/coral/foundation/fixedcolumns"
                                    margin="{Boolean}true">
                                <items jcr:primaryType="nt:unstructured">
                                    <column
                                            jcr:primaryType="nt:unstructured"
                                            sling:resourceType="granite/ui/components/coral/foundation/container">
                                        <items jcr:primaryType="nt:unstructured">
                                            <iconImage
                                                    jcr:primaryType="nt:unstructured"
                                                    sling:resourceType="granite/ui/components/coral/foundation/form/checkbox"
                                                    text="Image is Icon"
                                                    name="./iconImage"
                                                    uncheckedValue="false"
                                                    value="true"
                                                    required="{Boolean}false"/>
                                            <iconImage-TypeHint
                                                    jcr:primaryType="nt:unstructured"
                                                    sling:resourceType="granite/ui/components/foundation/form/hidden"
                                                    name="./iconImage@TypeHint"
                                                    value="Boolean"/>

                                        </items>
                                    </column>
                                </items>
                            </columns>
                        </items>
                    </asset>
                    <content
                        jcr:primaryType="nt:unstructured"
                        jcr:title="Content"
                        sling:resourceType="granite/ui/components/coral/foundation/fixedcolumns"
                        margin="{Boolean}true">
                        <items jcr:primaryType="nt:unstructured">
                            <columns
                                jcr:primaryType="nt:unstructured"
                                sling:resourceType="granite/ui/components/coral/foundation/container">
                                <items jcr:primaryType="nt:unstructured"
                                    sling:hideChildren="[articleType,eyebrowContainer,footnote,eyebrowPrefix,byline]">
                                    <titleContainer jcr:primaryType="nt:unstructured">
                                        <items jcr:primaryType="nt:unstructured">
                                            <title jcr:primaryType="nt:unstructured"/>
                                            <titleTag jcr:primaryType="nt:unstructured">
                                                <items jcr:primaryType="nt:unstructured"
                                                       sling:hideChildren="[headerFour,headerFive,headerSix]"/>
                                            </titleTag>
                                        </items>
                                    </titleContainer>
                                </items>
                            </columns>
                        </items>
                    </content>
                </items>
            </tabs>
        </items>
    </content>
</jcr:root>
