<?xml version="1.0" encoding="UTF-8"?>
<jcr:root xmlns:sling="http://sling.apache.org/jcr/sling/1.0" xmlns:granite="http://www.adobe.com/jcr/granite/1.0" xmlns:cq="http://www.day.com/jcr/cq/1.0" xmlns:jcr="http://www.jcp.org/jcr/1.0" xmlns:nt="http://www.jcp.org/jcr/nt/1.0"
    jcr:primaryType="nt:unstructured"
    jcr:title="Adaptive Form Text Input field"
    sling:resourceType="cq/gui/components/authoring/dialog"
    extraClientlibs="[core.forms.components.textinput.v1.editor]"
    helpPath="https://www.adobe.com/go/aem_af_cmp_textinput_v1"
    trackingFeature="core-components:adaptiveform-textinput:v1">
    <content
        granite:class="cmp-adaptiveform-textinput__editdialog"
        jcr:primaryType="nt:unstructured"
        sling:resourceType="granite/ui/components/coral/foundation/container">
        <items jcr:primaryType="nt:unstructured">
            <tabs
                jcr:primaryType="nt:unstructured"
                sling:resourceType="granite/ui/components/coral/foundation/tabs"
                maximized="{Boolean}true">
                <items jcr:primaryType="nt:unstructured">
                    <basic
                        jcr:primaryType="nt:unstructured"
                        jcr:title="Basic"
                        sling:resourceType="granite/ui/components/coral/foundation/container">
                        <items jcr:primaryType="nt:unstructured">
                            <columns
                                jcr:primaryType="nt:unstructured"
                                sling:resourceType="granite/ui/components/coral/foundation/fixedcolumns"
                                margin="{Boolean}true">
                                <items jcr:primaryType="nt:unstructured">
                                    <column
                                        jcr:primaryType="nt:unstructured"
                                        sling:resourceType="granite/ui/components/coral/foundation/container">
                                        <items jcr:primaryType="nt:unstructured">
                                            <title
                                                granite:class="cmp-adaptiveform-base__title"
                                                jcr:primaryType="nt:unstructured"
                                                sling:resourceType="granite/ui/components/coral/foundation/form/textfield"
                                                fieldLabel="Label"
                                                name="./jcr:title"/>
                                            <optionalText
                                                jcr:primaryType="nt:unstructured"
                                                sling:resourceType="cq/gui/components/authoring/dialog/richtext"
                                                fieldLabel="Optional Text"
                                                name="./optionalText"
                                                removeSingleParagraphContainer="{Boolean}true"
                                                externalStyleSheets="[/apps/trp-core/components/content/text/clientlibs/clientlib-rte-styles.css]"
                                                useFixedInlineToolbar="{Boolean}true"
                                                sling:orderBefore="isTitleRichText">
                                                <rtePlugins
                                                    jcr:primaryType="nt:unstructured"
                                                    sling:resourceSuperType="/apps/trp-compose/components/common/shared-rte-dialog/richtext-config-nano/rtePlugins"/>
                                                <uiSettings
                                                    jcr:primaryType="nt:unstructured"
                                                    sling:resourceSuperType="/apps/trp-compose/components/common/shared-rte-dialog/richtext-config-nano/uiSettings"/>
                                            </optionalText>
                                            <id
                                                jcr:primaryType="nt:unstructured"
                                                sling:resourceType="granite/ui/components/coral/foundation/form/textfield"
                                                fieldLabel="Id"
                                                name="./id"
                                                sling:orderBefore="isTitleRichText"/>
                                        </items>
                                    </column>
                                </items>
                            </columns>
                        </items>
                    </basic>
                    <help
                        jcr:primaryType="nt:unstructured"
                        jcr:title="Help Content"
                        sling:resourceType="granite/ui/components/coral/foundation/container">
                        <items jcr:primaryType="nt:unstructured">
                            <columns
                                jcr:primaryType="nt:unstructured"
                                sling:resourceType="granite/ui/components/coral/foundation/fixedcolumns"
                                margin="{Boolean}true">
                                <items jcr:primaryType="nt:unstructured">
                                    <column
                                        granite:class="cq-RichText-FixedColumn-column"
                                        jcr:primaryType="nt:unstructured"
                                        sling:resourceType="granite/ui/components/coral/foundation/container">
                                        <items jcr:primaryType="nt:unstructured">
                                            <longDescription
                                                jcr:primaryType="nt:unstructured"
                                                sling:resourceType="cq/gui/components/authoring/dialog/richtext"
                                                fieldLabel="Hint"
                                                name="./description"
                                                useFixedInlineToolbar="{Boolean}true">
                                                <rtePlugins jcr:primaryType="nt:unstructured">
                                                    <links jcr:primaryType="nt:unstructured">
                                                        <linkDialogConfig
                                                            jcr:primaryType="nt:unstructured"
                                                            height="{Long}316">
                                                            <linkAttributes jcr:primaryType="cq:WidgetCollection"/>
                                                        </linkDialogConfig>
                                                    </links>
                                                    <format
                                                        jcr:primaryType="nt:unstructured"
                                                        features="*"/>
                                                    <lists
                                                        jcr:primaryType="nt:unstructured"
                                                        features="*"/>
                                                    <justify
                                                        jcr:primaryType="nt:unstructured"
                                                        features="*"/>
                                                    <keys
                                                        jcr:primaryType="nt:unstructured"
                                                        features="*"/>
                                                    <paraformat
                                                        jcr:primaryType="nt:unstructured"
                                                        features="*"/>
                                                    <misctools
                                                        jcr:primaryType="nt:unstructured"
                                                        features="*"/>
                                                    <fullscreen
                                                        jcr:primaryType="nt:unstructured"
                                                        features="*"/>
                                                </rtePlugins>
                                                <uiSettings jcr:primaryType="nt:unstructured">
                                                    <cui jcr:primaryType="nt:unstructured">
                                                        <inline
                                                            jcr:primaryType="nt:unstructured"
                                                            toolbar="[format#bold,format#italic,format#underline,fullscreen#start]">
                                                            <popovers jcr:primaryType="nt:unstructured">
                                                                <justify
                                                                    jcr:primaryType="nt:unstructured"
                                                                    items="[justify#justifyleft,justify#justifycenter,justify#justifyright]"
                                                                    ref="justify"/>
                                                                <lists
                                                                    jcr:primaryType="nt:unstructured"
                                                                    items="[lists#unordered,lists#ordered,lists#outdent,lists#indent]"
                                                                    ref="lists"/>
                                                            </popovers>
                                                        </inline>
                                                        <fullscreen
                                                            jcr:primaryType="nt:unstructured"
                                                            fieldDescription="Tap full screen for more options."
                                                            toolbar="[format#bold,format#italic,format#underline,subsuperscript#subscript,subsuperscript#superscript,-,links#modifylink,links#unlink,links#anchor,tracklinks#modifylinktracking,-,justify#justifyleft,justify#justifycenter,justify#justifyright,-,image#imageProps,-,lists#unordered,lists#ordered,lists#outdent,lists#indent,-,misctools#sourceedit,fullscreen#finish]">
                                                            <popovers jcr:primaryType="nt:unstructured">
                                                                <styles
                                                                    jcr:primaryType="nt:unstructured"
                                                                    items="styles:getStyles:styles-pulldown"
                                                                    ref="styles"/>
                                                                <paraformat
                                                                    jcr:primaryType="nt:unstructured"
                                                                    items="paraformat:getFormats:paraformat-pulldown"
                                                                    ref="paraformat"/>
                                                            </popovers>
                                                        </fullscreen>
                                                    </cui>
                                                </uiSettings>
                                            </longDescription>
                                        </items>
                                    </column>
                                </items>
                            </columns>
                        </items>
                    </help>
                </items>
            </tabs>
        </items>
    </content>
</jcr:root>
