<?xml version="1.0" encoding="UTF-8"?>
<jcr:root xmlns:sling="http://sling.apache.org/jcr/sling/1.0" xmlns:cq="http://www.day.com/jcr/cq/1.0" xmlns:jcr="http://www.jcp.org/jcr/1.0" xmlns:mix="http://www.jcp.org/jcr/mix/1.0" xmlns:nt="http://www.jcp.org/jcr/nt/1.0"
    jcr:primaryType="cq:Page">
    <jcr:content
        cq:lastModified="{Date}2024-08-28T13:50:03.008+01:00"
        cq:lastModifiedBy="admin"
        cq:lastReplicated="{Date}2024-01-05T11:42:48.607Z"
        cq:lastReplicatedBy="admin"
        cq:lastReplicationAction="Activate"
        cq:template="/conf/trp-ref/settings/wcm/templates/beacon-content-page"
        jcr:isCheckedOut="{Boolean}true"
        jcr:mixinTypes="[mix:versionable]"
        jcr:primaryType="cq:PageContent"
        jcr:title="Text and Image V2"
        jcr:uuid="6d825bb3-4e69-4c56-b59d-6caa6c51c54d"
        sling:resourceType="trp-ref/components/page/v2/page">
        <root
            jcr:primaryType="nt:unstructured"
            sling:resourceType="wcm/foundation/components/responsivegrid"
            layout="responsiveGrid">
            <container
                jcr:primaryType="nt:unstructured"
                sling:resourceType="trp-ref/components/container/v1/container"
                layout="responsiveGrid">
                <container_layout_gri
                    jcr:created="{Date}2024-01-05T10:39:02.433Z"
                    jcr:createdBy="admin"
                    jcr:lastModified="{Date}2024-01-05T10:39:51.718Z"
                    jcr:lastModifiedBy="admin"
                    jcr:primaryType="nt:unstructured"
                    sling:resourceType="trp-ref/components/foundation/grid-layout-container/v1/grid-layout-container"
                    mode="container-trp-midnight-blue beacon-on-darker"
                    subtitle="Subtitle text goes here"
                    title="Text &amp; Image (darker)">
                    <columnLayout jcr:primaryType="nt:unstructured">
                        <item0
                            jcr:primaryType="nt:unstructured"
                            layout="12"/>
                    </columnLayout>
                    <row-1-column-1
                        jcr:primaryType="nt:unstructured"
                        sling:resourceType="trp-ref/components/foundation/grid-layout-container/v1/grid-layout-container">
                        <text_image
                            jcr:created="{Date}2024-01-05T10:39:58.494Z"
                            jcr:createdBy="admin"
                            jcr:lastModified="{Date}2024-11-27T16:10:12.249Z"
                            jcr:lastModifiedBy="admin"
                            jcr:primaryType="nt:unstructured"
                            sling:resourceType="trp-ref/components/foundation/text-image/v2/text-image"
                            adjustTileHeight="false"
                            buttonAlign="horizontal"
                            deferDefinedDisabled="false"
                            deferVisibleDisabled="false"
                            dynamicMediaEnabled="false"
                            eyebrow="INVEST WITH CONFIDENCE™ Top aligned with custom attributes"
                            fileReference="/content/dam/trp-ref/test-images/compass-620x412.png"
                            mobileImageEnabled="false"
                            orientation="right"
                            size="size-100"
                            text="&lt;h1>Heading 1&lt;/h1>&#xd;&#xa;&lt;h2>Heading 2&lt;/h2>&#xd;&#xa;&lt;h3>Heading 3&lt;/h3>&#xd;&#xa;&lt;h4>Heading 4&lt;/h4>&#xd;&#xa;&lt;h5>Heading 5&lt;/h5>&#xd;&#xa;&lt;h6>Heading 6&lt;/h6>&#xd;&#xa;&lt;p>Paragraph&lt;/p>&#xd;&#xa;&lt;p>&lt;a href=&quot;#&quot;>text link&lt;/a>&lt;/p>&#xd;&#xa;&lt;p>thisisareallylongtextthatwewanttobreakafterthissymbol­inanarrowscreen &lt;/p>&#xd;&#xa;"
                            textIsRich="true">
                            <mobile
                                jcr:lastModified="{Date}2024-08-28T13:50:02.993+01:00"
                                jcr:lastModifiedBy="admin"
                                jcr:primaryType="nt:unstructured"/>
                            <customAttributes jcr:primaryType="nt:unstructured">
                                <item0
                                    jcr:primaryType="nt:unstructured"
                                    key="TestingKey"
                                    value="TestingValue"/>
                                <item1
                                    jcr:primaryType="nt:unstructured"
                                    key="TestingAnotherKey"
                                    value="TestingAnotherValue"/>
                            </customAttributes>
                            <cta jcr:primaryType="nt:unstructured">
                                <item0
                                    jcr:primaryType="nt:unstructured"
                                    buttonTarget="_self"
                                    iconAlign="left"
                                    iconographyName="add"
                                    iconographySize="s"
                                    label="Primary with iconography"
                                    link="#"
                                    scale="normal"
                                    useIconography="true"
                                    variant="primary"/>
                                <item1
                                    jcr:primaryType="nt:unstructured"
                                    buttonTarget="_self"
                                    iconAlign="left"
                                    label="Button Secondary"
                                    link="#"
                                    scale="normal"
                                    variant="secondary"/>
                            </cta>
                        </text_image>
                    </row-1-column-1>
                </container_layout_gri>
                <container_layout_gri_507551266
                    jcr:created="{Date}2024-01-05T10:39:02.433Z"
                    jcr:createdBy="admin"
                    jcr:lastModified="{Date}2024-01-05T11:10:10.496Z"
                    jcr:lastModifiedBy="admin"
                    jcr:primaryType="nt:unstructured"
                    sling:resourceType="trp-ref/components/foundation/grid-layout-container/v1/grid-layout-container"
                    mode="container-white beacon-on-lighter"
                    subtitle="Subtitle text goes here"
                    title="Text &amp; Image (lighter)">
                    <row-1-column-1
                        jcr:primaryType="nt:unstructured"
                        sling:resourceType="trp-ref/components/foundation/grid-layout-container/v1/grid-layout-container">
                        <text_image
                            jcr:created="{Date}2024-01-05T10:39:58.494Z"
                            jcr:createdBy="admin"
                            jcr:lastModified="{Date}2024-01-05T11:16:02.148Z"
                            jcr:lastModifiedBy="admin"
                            jcr:primaryType="nt:unstructured"
                            sling:resourceType="trp-ref/components/foundation/text-image/v2/text-image"
                            deferDefinedDisabled="false"
                            deferVisibleDisabled="false"
                            dynamicMediaEnabled="false"
                            eyebrow="INVEST WITH CONFIDENCE™ Top alligned"
                            fileReference="/content/dam/trp-ref/test-images/compass-620x412.png"
                            orientation="right"
                            text="&lt;h1>Heading 1&lt;/h1>&#xd;&#xa;&lt;h2>Heading 2&lt;/h2>&#xd;&#xa;&lt;h3>Heading 3&lt;/h3>&#xd;&#xa;&lt;h4>Heading 4&lt;/h4>&#xd;&#xa;&lt;h5>Heading 5&lt;/h5>&#xd;&#xa;&lt;h6>Heading 6&lt;/h6>&#xd;&#xa;&lt;p>Paragraph&lt;/p>&#xd;&#xa;&lt;p>&lt;a href=&quot;#&quot;>text link&lt;/a>&lt;/p>&#xd;&#xa;"
                            textIsRich="true">
                            <mobile
                                jcr:lastModified="{Date}2024-06-18T16:29:51.257+01:00"
                                jcr:lastModifiedBy="admin"
                                jcr:primaryType="nt:unstructured"/>
                        </text_image>
                    </row-1-column-1>
                    <columnLayout jcr:primaryType="nt:unstructured">
                        <item0
                            jcr:primaryType="nt:unstructured"
                            layout="12"/>
                    </columnLayout>
                </container_layout_gri_507551266>
                <container_layout_gri_1745842414
                    jcr:created="{Date}2024-01-05T10:39:02.433Z"
                    jcr:createdBy="admin"
                    jcr:lastModified="{Date}2024-01-05T11:10:44.450Z"
                    jcr:lastModifiedBy="admin"
                    jcr:primaryType="nt:unstructured"
                    sling:resourceType="trp-ref/components/foundation/grid-layout-container/v1/grid-layout-container"
                    mode="container-trp-dark-blue beacon-on-dark">
                    <row-1-column-1
                        jcr:primaryType="nt:unstructured"
                        sling:resourceType="trp-ref/components/foundation/grid-layout-container/v1/grid-layout-container">
                        <text_image
                            jcr:created="{Date}2024-01-05T10:39:58.494Z"
                            jcr:createdBy="admin"
                            jcr:lastModified="{Date}2024-01-05T11:22:29.461Z"
                            jcr:lastModifiedBy="admin"
                            jcr:primaryType="nt:unstructured"
                            sling:resourceType="trp-ref/components/foundation/text-image/v2/text-image"
                            deferDefinedDisabled="false"
                            deferVisibleDisabled="false"
                            dynamicMediaEnabled="false"
                            eyebrow="INVEST WITH CONFIDENCE™ Middle alligned"
                            fileReference="/content/dam/trp-ref/test-images/compass-620x310.png"
                            orientation="left"
                            text="&lt;h3>We instill investor confidence&lt;br />&#xd;&#xa;&lt;/h3>&#xd;&#xa;&lt;p>Lorem ipsum dolor sit amet, consectetur adipiscing elit, sed do eiusmod tempor incididunt ut labore et dolore magna aliqua.&lt;/p>&#xd;&#xa;"
                            textIsRich="true"
                            valign="align-center"/>
                    </row-1-column-1>
                    <columnLayout jcr:primaryType="nt:unstructured">
                        <item0
                            jcr:primaryType="nt:unstructured"
                            layout="12"/>
                    </columnLayout>
                </container_layout_gri_1745842414>
                <container_layout_gri_1834126453
                    jcr:created="{Date}2024-01-05T10:39:02.433Z"
                    jcr:createdBy="admin"
                    jcr:lastModified="{Date}2024-01-05T11:10:54.746Z"
                    jcr:lastModifiedBy="admin"
                    jcr:primaryType="nt:unstructured"
                    sling:resourceType="trp-ref/components/foundation/grid-layout-container/v1/grid-layout-container"
                    mode="container-trp-light-grey beacon-on-light">
                    <row-1-column-1
                        jcr:primaryType="nt:unstructured"
                        sling:resourceType="trp-ref/components/foundation/grid-layout-container/v1/grid-layout-container">
                        <text_image
                            jcr:created="{Date}2024-01-05T10:39:58.494Z"
                            jcr:createdBy="admin"
                            jcr:lastModified="{Date}2024-01-05T11:22:38.701Z"
                            jcr:lastModifiedBy="admin"
                            jcr:primaryType="nt:unstructured"
                            sling:resourceType="trp-ref/components/foundation/text-image/v2/text-image"
                            deferDefinedDisabled="false"
                            deferVisibleDisabled="false"
                            dynamicMediaEnabled="false"
                            eyebrow="INVEST WITH CONFIDENCE™ Bottom alligned"
                            fileReference="/content/dam/trp-ref/test-images/compass-620x310.png"
                            orientation="right"
                            text="&lt;h3>We instill investor confidence&lt;br />&#xd;&#xa;&lt;/h3>&#xd;&#xa;&lt;p>Lorem ipsum dolor sit amet, consectetur adipiscing elit, sed do eiusmod tempor incididunt ut labore et dolore magna aliqua.&lt;/p>&#xd;&#xa;"
                            textIsRich="true"
                            valign="align-bottom"/>
                    </row-1-column-1>
                    <columnLayout jcr:primaryType="nt:unstructured">
                        <item0
                            jcr:primaryType="nt:unstructured"
                            layout="12"/>
                    </columnLayout>
                </container_layout_gri_1834126453>
                <container_layout_gri_1153284126
                    jcr:created="{Date}2024-01-05T10:39:02.433Z"
                    jcr:createdBy="admin"
                    jcr:lastModified="{Date}2024-01-05T11:11:03.185Z"
                    jcr:lastModifiedBy="admin"
                    jcr:primaryType="nt:unstructured"
                    sling:resourceType="trp-ref/components/foundation/grid-layout-container/v1/grid-layout-container"
                    mode="container-white beacon-on-lighter">
                    <row-1-column-1
                        jcr:primaryType="nt:unstructured"
                        sling:resourceType="trp-ref/components/foundation/grid-layout-container/v1/grid-layout-container">
                        <text_image
                            jcr:created="{Date}2024-01-05T10:39:58.494Z"
                            jcr:createdBy="admin"
                            jcr:lastModified="{Date}2024-01-05T11:23:38.330Z"
                            jcr:lastModifiedBy="admin"
                            jcr:primaryType="nt:unstructured"
                            sling:resourceType="trp-ref/components/foundation/text-image/v2/text-image"
                            deferDefinedDisabled="false"
                            deferVisibleDisabled="false"
                            dynamicMediaEnabled="false"
                            eyebrow="INVEST WITH CONFIDENCE™ Middle alligned"
                            fileReference="/content/dam/trp-ref/test-images/compass-620x412.png"
                            orientation="left"
                            text="&lt;h3>We instill investor confidence&lt;br />&#xd;&#xa;&lt;/h3>&#xd;&#xa;&lt;p>Lorem ipsum dolor sit amet, consectetur adipiscing elit, sed do eiusmod tempor incididunt ut labore et dolore magna aliqua.&lt;/p>&#xd;&#xa;"
                            textIsRich="true"
                            valign="align-center">
                            <cta jcr:primaryType="nt:unstructured">
                                <item0
                                    jcr:primaryType="nt:unstructured"
                                    label="Primary CTA"
                                    link="#"
                                    scale="normal"
                                    variant="primary"/>
                                <item1
                                    jcr:primaryType="nt:unstructured"
                                    label="Secondary CTA"
                                    link="#"
                                    scale="normal"
                                    variant="secondary"/>
                            </cta>
                        </text_image>
                    </row-1-column-1>
                    <columnLayout jcr:primaryType="nt:unstructured">
                        <item0
                            jcr:primaryType="nt:unstructured"
                            layout="12"/>
                    </columnLayout>
                </container_layout_gri_1153284126>
                <container_layout_gri_884284147
                    jcr:created="{Date}2024-01-05T11:07:49.672Z"
                    jcr:createdBy="admin"
                    jcr:lastModified="{Date}2024-01-05T11:08:00.173Z"
                    jcr:lastModifiedBy="admin"
                    jcr:primaryType="nt:unstructured"
                    sling:resourceType="trp-ref/components/foundation/grid-layout-container/v1/grid-layout-container">
                    <columnLayout jcr:primaryType="nt:unstructured">
                        <item0
                            jcr:primaryType="nt:unstructured"
                            layout="8-4"/>
                    </columnLayout>
                    <row-1-column-1
                        jcr:primaryType="nt:unstructured"
                        sling:resourceType="trp-ref/components/foundation/grid-layout-container/v1/grid-layout-container">
                        <text_image_copy
                            jcr:created="{Date}2024-01-05T10:39:58.494Z"
                            jcr:createdBy="admin"
                            jcr:lastModified="{Date}2024-06-25T10:35:41.391+01:00"
                            jcr:lastModifiedBy="admin"
                            jcr:primaryType="nt:unstructured"
                            sling:resourceType="trp-ref/components/foundation/text-image/v2/text-image"
                            adjustTileHeight="false"
                            buttonAlign="horizontal"
                            deferDefinedDisabled="false"
                            deferVisibleDisabled="false"
                            dynamicMediaEnabled="false"
                            eyebrow="INVEST WITH CONFIDENCE™ Middle alligned 2/3 parsys"
                            fileReference="/content/dam/trp-ref/test-images/compass-620x412.png"
                            mobileImageEnabled="false"
                            orientation="right"
                            size="size-100"
                            text="&lt;h3>We instill investor confidence&lt;br>&#xd;&#xa;&lt;/h3>&#xd;&#xa;&lt;p>Lorem ipsum dolor sit amet, consectetur adipiscing elit, sed do eiusmod tempor &lt;span class=&quot;b-word-break-hyphen&quot;>supercalifragilisticexpialidocious&lt;/span> labore et dolore magna aliqua.&lt;/p>&#xd;&#xa;"
                            textIsRich="true"
                            valign="align-center">
                            <mobile
                                jcr:lastModified="{Date}2024-06-25T10:35:41.391+01:00"
                                jcr:lastModifiedBy="admin"
                                jcr:primaryType="nt:unstructured"/>
                            <cta jcr:primaryType="nt:unstructured">
                                <item0
                                    jcr:primaryType="nt:unstructured"
                                    buttonTarget="_self"
                                    iconAlign="left"
                                    label="Primary CTA"
                                    link="#"
                                    newWindow="false"
                                    scale="normal"
                                    variant="primary"/>
                                <item1
                                    jcr:primaryType="nt:unstructured"
                                    buttonTarget="_self"
                                    iconAlign="left"
                                    label="Secondary CTA"
                                    link="#"
                                    newWindow="false"
                                    scale="normal"
                                    variant="secondary"/>
                            </cta>
                        </text_image_copy>
                    </row-1-column-1>
                    <row-1-column-2
                        jcr:primaryType="nt:unstructured"
                        sling:resourceType="trp-ref/components/foundation/grid-layout-container/v1/grid-layout-container"/>
                </container_layout_gri_884284147>
                <container_layout_gri_734716769
                    jcr:created="{Date}2024-01-05T11:07:49.672Z"
                    jcr:createdBy="admin"
                    jcr:lastModified="{Date}2024-01-05T11:22:52.130Z"
                    jcr:lastModifiedBy="admin"
                    jcr:primaryType="nt:unstructured"
                    sling:resourceType="trp-ref/components/foundation/grid-layout-container/v1/grid-layout-container"
                    mode="container-white beacon-on-lighter"
                    title="Japanese word wrap with dummy text">
                    <row-1-column-1
                        jcr:primaryType="nt:unstructured"
                        sling:resourceType="trp-ref/components/foundation/grid-layout-container/v1/grid-layout-container">
                        <text_image_copy
                            jcr:created="{Date}2024-01-05T10:39:58.494Z"
                            jcr:createdBy="admin"
                            jcr:lastModified="{Date}2024-01-05T11:23:46.607Z"
                            jcr:lastModifiedBy="admin"
                            jcr:primaryType="nt:unstructured"
                            sling:resourceType="trp-ref/components/foundation/text-image/v2/text-image"
                            deferDefinedDisabled="false"
                            deferVisibleDisabled="false"
                            dynamicMediaEnabled="false"
                            fileReference="/content/dam/trp-ref/test-images/compass-620x412.png"
                            orientation="left"
                            text="&lt;p>&lt;span class=&quot;b-word-wrap&quot;>念7安エム後球属ヱ総棋出っ危新&lt;/span>&lt;span class=&quot;b-word-wrap secondary&quot;>ん読声く情媛レ聞韻9亨拙ばぎなト。&lt;/span>&lt;span class=&quot;b-word-wrap&quot;>歌キ習盤事オヱ投作がはでさ断孝&lt;/span>&lt;span class=&quot;b-word-wrap secondary&quot;>ぴスと便最アイ成田ア結場&lt;/span>&lt;span class=&quot;b-word-wrap&quot;>ホサセユ孝仕経ぐね品辞づレート月人タルキ済死&lt;/span>&lt;span class=&quot;b-word-wrap secondary&quot;>せこだり騎連スユ憲世コ&lt;/span>&lt;span class=&quot;b-word-wrap&quot;>社方ぶ来科浮絵う。&lt;/span>&lt;span class=&quot;b-word-wrap secondary&quot;>沈まド光揮ら史雅ワ割先み導&lt;/span>&lt;span class=&quot;b-word-wrap&quot;>53年ずじぜら設年リんべ科3白ヲ口書ね午放米ちろ&lt;/span>&lt;span class=&quot;b-word-wrap secondary&quot;>見時イ送嘘外をあ思載ロ組家セヒ北見遺半みトクが。&lt;/span>&lt;/p>&#xd;&#xa;"
                            textIsRich="true"
                            valign="align-center"/>
                    </row-1-column-1>
                    <row-1-column-2
                        jcr:primaryType="nt:unstructured"
                        sling:resourceType="trp-ref/components/foundation/grid-layout-container/v1/grid-layout-container"/>
                    <columnLayout jcr:primaryType="nt:unstructured">
                        <item0
                            jcr:primaryType="nt:unstructured"
                            layout="8-4"/>
                    </columnLayout>
                </container_layout_gri_734716769>
                <container_layout_gri_1132779009
                    jcr:created="{Date}2024-02-19T14:55:49.369Z"
                    jcr:createdBy="admin"
                    jcr:lastModified="{Date}2024-02-19T15:26:53.448Z"
                    jcr:lastModifiedBy="admin"
                    jcr:primaryType="nt:unstructured"
                    sling:resourceType="trp-ref/components/foundation/grid-layout-container/v1/grid-layout-container">
                    <row-1-column-1
                        jcr:primaryType="nt:unstructured"
                        sling:resourceType="trp-ref/components/foundation/grid-layout-container/v1/grid-layout-container">
                        <text_image
                            jcr:created="{Date}2024-02-19T14:56:01.590Z"
                            jcr:createdBy="admin"
                            jcr:lastModified="{Date}2024-02-19T15:33:29.049Z"
                            jcr:lastModifiedBy="admin"
                            jcr:primaryType="nt:unstructured"
                            sling:resourceType="trp-ref/components/foundation/text-image/v2/text-image"
                            deferDefinedDisabled="false"
                            deferVisibleDisabled="false"
                            dynamicMediaEnabled="false"
                            fileReference="/content/dam/fai/test-images/model-portfolio-icon-building-block.svg"
                            halign="align-middle"
                            orientation="left"
                            text="&lt;h3>&lt;a href=&quot;#&quot;>Title&lt;/a>&lt;/h3>&#xd;&#xa;"
                            textIsRich="true"
                            valign="align-bottom">
                            <mobile
                                jcr:lastModified="{Date}2024-06-06T11:36:26.587+01:00"
                                jcr:lastModifiedBy="admin"
                                jcr:primaryType="nt:unstructured"/>
                            <cta jcr:primaryType="nt:unstructured">
                                <item0
                                    jcr:primaryType="nt:unstructured"
                                    label="Button Primary"
                                    link="#"
                                    scale="normal"
                                    variant="primary"/>
                            </cta>
                        </text_image>
                    </row-1-column-1>
                    <row-1-column-2
                        jcr:primaryType="nt:unstructured"
                        sling:resourceType="trp-ref/components/foundation/grid-layout-container/v1/grid-layout-container">
                        <text_image_copy
                            jcr:created="{Date}2024-02-19T14:56:01.590Z"
                            jcr:createdBy="admin"
                            jcr:lastModified="{Date}2024-02-19T14:56:51.330Z"
                            jcr:lastModifiedBy="admin"
                            jcr:primaryType="nt:unstructured"
                            sling:resourceType="trp-compose/components/text-image/v2/text-image"
                            deferDefinedDisabled="false"
                            deferVisibleDisabled="false"
                            dynamicMediaEnabled="false"
                            fileReference="/content/dam/fai/test-images/model-portfolio-icon-building-block.svg"
                            halign="align-middle"
                            orientation="top"
                            text="&lt;h3>&lt;a href=&quot;#&quot;>Title&lt;/a>&lt;/h3>&#xd;&#xa;"
                            textIsRich="true"/>
                    </row-1-column-2>
                    <columnLayout jcr:primaryType="nt:unstructured">
                        <item0
                            jcr:primaryType="nt:unstructured"
                            layout="4-4-4"/>
                    </columnLayout>
                </container_layout_gri_1132779009>
            </container>
        </root>
    </jcr:content>
</jcr:root>
