<?xml version="1.0" encoding="UTF-8"?>
<jcr:root xmlns:sling="http://sling.apache.org/jcr/sling/1.0" xmlns:jcr="http://www.jcp.org/jcr/1.0"
          xmlns:nt="http://www.jcp.org/jcr/nt/1.0" xmlns:cq="http://www.day.com/jcr/cq/1.0"
          xmlns:granite="http://www.adobe.com/jcr/granite/1.0"
          jcr:primaryType="nt:unstructured"
          jcr:title="Tabs V2"
          sling:resourceType="cq/gui/components/authoring/dialog"
          extraClientlibs="[trp-compose.editor.common,acs-commons.widgets.showhidedialogfields]">
    <content
            jcr:primaryType="nt:unstructured"
            sling:resourceType="granite/ui/components/coral/foundation/container">
        <items jcr:primaryType="nt:unstructured">
            <tabs jcr:primaryType="nt:unstructured">
                <items jcr:primaryType="nt:unstructured">
                    <properties
                            jcr:primaryType="nt:unstructured"
                            jcr:title="Properties"
                            sling:orderBefore="cq:accessibility"
                            sling:resourceType="granite/ui/components/coral/foundation/container"
                            maximized="{Boolean}true">
                        <items jcr:primaryType="nt:unstructured">
                            <columns
                                    jcr:primaryType="nt:unstructured"
                                    sling:resourceType="granite/ui/components/coral/foundation/fixedcolumns"
                                    margin="{Boolean}true">
                                <items jcr:primaryType="nt:unstructured">
                                    <column
                                            jcr:primaryType="nt:unstructured"
                                            sling:resourceType="granite/ui/components/coral/foundation/container">
                                        <items jcr:primaryType="nt:unstructured"
                                               sling:hideChildren="[scale,iconSize,singleOpen]">
                                            <activeItem
                                                    jcr:primaryType="nt:unstructured"
                                                    sling:resourceType="/libs/granite/ui/components/coral/foundation/form/hidden"
                                                    name="./activeItem">
                                                <granite:data
                                                        jcr:primaryType="nt:unstructured"
                                                        cmp-tabs-v1-dialog-edit-hook="activeItem"/>
                                            </activeItem>
                                            <activeSelect
                                                    jcr:primaryType="nt:unstructured"
                                                    sling:resourceType="/libs/granite/ui/components/coral/foundation/form/select"
                                                    fieldDescription="The item that is active by default."
                                                    fieldLabel="Active Item">
                                                <granite:data
                                                        jcr:primaryType="nt:unstructured"
                                                        cmp-tabs-v1-dialog-edit-hook="activeSelect"/>
                                                <items jcr:primaryType="nt:unstructured">
                                                    <default
                                                            jcr:primaryType="nt:unstructured"
                                                            text="Default"
                                                            value=""/>
                                                </items>
                                            </activeSelect>
                                            <id
                                                    jcr:primaryType="nt:unstructured"
                                                    sling:resourceType="granite/ui/components/coral/foundation/form/textfield"
                                                    fieldDescription="HTML ID attribute to apply to the component."
                                                    fieldLabel="ID"
                                                    name="./id"
                                                    validation="html-unique-id-validator"/>
                                            <variant
                                                    jcr:primaryType="nt:unstructured"
                                                    sling:resourceType="granite/ui/components/coral/foundation/form/select"
                                                    fieldLabel="Variant"
                                                    name="./variant"
                                                    required="{Boolean}true">
                                                <items jcr:primaryType="nt:unstructured">
                                                    <primary jcr:primaryType="nt:unstructured" text="Primary" value="primary"/>
                                                    <secondary jcr:primaryType="nt:unstructured" text="Secondary" value="secondary"/>
                                                    <tertiary jcr:primaryType="nt:unstructured" text="Tertiary" value="tertiary"/>
                                                </items>
                                            </variant>
                                            <fullBleed
                                                    granite:class="cq-dialog-showhide"
                                                    jcr:primaryType="nt:unstructured"
                                                    sling:resourceType="granite/ui/components/coral/foundation/form/checkbox"
                                                    name="./fullBleed"
                                                    text="Full Bleed"
                                                    fieldDescription="Select if the tab is full width, selecting this will also enable the Style Tab."
                                                    uncheckedValue="false"
                                                    value="true">
                                                <granite:data
                                                        jcr:primaryType="nt:unstructured"
                                                        acs-cq-dialog-dropdown-checkbox-showhide=""
                                                        acs-cq-dialog-dropdown-checkbox-showhide-target=".showhide-full-bleed"/>
                                            </fullBleed>
                                            <tab-type
                                                    jcr:primaryType="nt:unstructured"
                                                    sling:resourceType="granite/ui/components/coral/foundation/form/select"
                                                    fieldLabel="Tab type"
                                                    name="./tabType"
                                                    required="{Boolean}true">
                                                <items jcr:primaryType="nt:unstructured">
                                                    <standard jcr:primaryType="nt:unstructured" text="Standard" value="standard"/>
                                                    <inlineIcon jcr:primaryType="nt:unstructured" text="Inline Icon" value="inline-icon"/>
                                                    <stackedIcon jcr:primaryType="nt:unstructured" text="Stacked Icon" value="stacked-icon"/>
                                                </items>
                                            </tab-type>
                                            <selectedTabNumber
                                                    jcr:primaryType="nt:unstructured"
                                                    sling:resourceType="granite/ui/components/coral/foundation/form/numberfield"
                                                    fieldLabel="Default Selected Tab"
                                                    fieldDescription="A string that matches the value attribute of a Tab/Tab-Panel to allow configuration of which Tab Panel is in view upon loading. The tab values start at 1 and increment."
                                                    name="./selectedTabNumber"
                                                    min="0"
                                                    step="1"
                                                    default="0"/>
                                            <scrollable
                                                    jcr:primaryType="nt:unstructured"
                                                    sling:resourceType="granite/ui/components/coral/foundation/form/checkbox"
                                                    fieldDescription="Sets tabbed navigation component to be either scrollable or fixed width. This prop only applies to the primary variant. secondary and tertiary are always scrollable."
                                                    text="Scrollable"
                                                    name="./scrollable"
                                                    uncheckedValue="false"
                                                    value="true"/>
                                            <scrollable-TypeHint
                                                    jcr:primaryType="nt:unstructured"
                                                    sling:resourceType="granite/ui/components/foundation/form/hidden"
                                                    name="./scrollable@TypeHint"
                                                    value="Boolean"/>
                                        </items>
                                    </column>
                                </items>
                            </columns>
                        </items>
                    </properties>
                    <content
                            jcr:primaryType="nt:unstructured"
                            jcr:title="Content"
                            sling:resourceType="granite/ui/components/coral/foundation/fixedcolumns"
                            margin="{Boolean}true">
                        <items jcr:primaryType="nt:unstructured">
                            <columns
                                    jcr:primaryType="nt:unstructured"
                                    sling:resourceType="granite/ui/components/coral/foundation/container">
                                <items jcr:primaryType="nt:unstructured"
                                       sling:hideChildren="[showLinksSectionTitle,hideLinksSectionTitle,accordionItems]">
                                    <TabItems
                                            jcr:primaryType="nt:unstructured"
                                            sling:resourceType="granite/ui/components/coral/foundation/form/multifield"
                                            fieldLabel="Tab Sections"
                                            composite="{Boolean}true"
                                            required="{Boolean}true">
                                        <field
                                                jcr:primaryType="nt:unstructured"
                                                sling:resourceType="granite/ui/components/coral/foundation/container"
                                                name="./tabItems">
                                            <items jcr:primaryType="nt:unstructured">
                                                <column
                                                        jcr:primaryType="nt:unstructured"
                                                        sling:resourceType="granite/ui/components/coral/foundation/container">
                                                    <items jcr:primaryType="nt:unstructured">
                                                        <tab
                                                                cq:showOnCreate="{Boolean}true"
                                                                jcr:primaryType="nt:unstructured"
                                                                jcr:title="Tab Section"
                                                                sling:resourceType="granite/ui/components/foundation/container">
                                                            <layout
                                                                    jcr:primaryType="nt:unstructured"
                                                                    sling:resourceType="granite/ui/components/foundation/layouts/collapsible"/>
                                                            <items jcr:primaryType="nt:unstructured">
                                                                <title
                                                                        jcr:primaryType="nt:unstructured"
                                                                        sling:resourceType="cq/gui/components/authoring/dialog/richtext"
                                                                        fieldDescription="Display the Page Title/ Title."
                                                                        fieldLabel="Title Text"
                                                                        name="./title"
                                                                        class="rteAdjustableTitleHeight"
                                                                        removeSingleParagraphContainer="{Boolean}true"
                                                                        externalStyleSheets="[/apps/trp-core/components/content/text/clientlibs/clientlib-rte-styles.css]"
                                                                        useFixedInlineToolbar="{Boolean}true"
                                                                        required="{Boolean}true">
                                                                    <rtePlugins
                                                                            jcr:primaryType="nt:unstructured"
                                                                            sling:resourceSuperType="/apps/trp-compose/components/common/shared-rte-dialog/richtext-config-nano/rtePlugins"/>
                                                                    <uiSettings
                                                                            jcr:primaryType="nt:unstructured"
                                                                            sling:resourceSuperType="/apps/trp-compose/components/common/shared-rte-dialog/richtext-config-nano/uiSettings"/>
                                                                </title>
                                                                <useIconography
                                                                        jcr:primaryType="nt:unstructured"
                                                                        sling:resourceType="granite/ui/components/coral/foundation/form/checkbox"
                                                                        fieldLabel="Use Beacon Iconography Component"
                                                                        name="./useIconography"
                                                                        value="{Boolean}true"
                                                                        uncheckedValue="{Boolean}false"
                                                                        text="Use Iconography (Available with foundation version 4.2.0+)"
                                                                        granite:class="cq-dialog-showhide">
                                                                    <granite:data
                                                                            jcr:primaryType="nt:unstructured"
                                                                            acs-cq-dialog-dropdown-checkbox-showhide=""
                                                                            acs-cq-dialog-dropdown-checkbox-showhide-multifield=""
                                                                            acs-cq-dialog-dropdown-checkbox-showhide-target=".showhide-iconography"/>
                                                                </useIconography>
                                                                <iconographyName
                                                                        jcr:primaryType="nt:unstructured"
                                                                        sling:resourceType="granite/ui/components/coral/foundation/form/select"
                                                                        fieldDescription="Select an icon"
                                                                        fieldLabel="Icon"
                                                                        name="./iconographyName"
                                                                        emptyOption="true"
                                                                        granite:class="showhide-iconography">
                                                                    <granite:data
                                                                            jcr:primaryType="nt:unstructured"
                                                                            acs-checkboxshowhidetargetvalue="true"/>
                                                                    <datasource
                                                                            jcr:primaryType="nt:unstructured"
                                                                            sling:resourceType="/apps/trp-compose/components/icon/datasource/icon-datasource.html"/>
                                                                </iconographyName>
                                                                <iconographyLabel
                                                                        jcr:primaryType="nt:unstructured"
                                                                        sling:resourceType="granite/ui/components/coral/foundation/form/textfield"
                                                                        emptyText=""
                                                                        fieldDescription="Icons are assumed to be decorative by default. Providing a label will expose it to screen readers with this label."
                                                                        fieldLabel="Icon Label"
                                                                        name="./iconographyLabel"
                                                                        required="{Boolean}false"
                                                                        granite:class="showhide-iconography">
                                                                    <granite:data
                                                                            jcr:primaryType="nt:unstructured"
                                                                            acs-checkboxshowhidetargetvalue="true"/>
                                                                </iconographyLabel>
                                                                <iconographySize
                                                                        jcr:primaryType="nt:unstructured"
                                                                        sling:resourceType="granite/ui/components/coral/foundation/form/select"
                                                                        sling:orderBefore="buttonId"
                                                                        fieldDescription="Select an icon size"
                                                                        fieldLabel="Icon Size"
                                                                        name="./iconographySize"
                                                                        value="s"
                                                                        granite:class="showhide-iconography">
                                                                    <granite:data
                                                                            jcr:primaryType="nt:unstructured"
                                                                            acs-checkboxshowhidetargetvalue="true"/>
                                                                    <items jcr:primaryType="nt:unstructured">
                                                                        <small
                                                                                jcr:primaryType="nt:unstructured"
                                                                                text="Small"
                                                                                value="s"/>
                                                                        <medium
                                                                                jcr:primaryType="nt:unstructured"
                                                                                text="Medium"
                                                                                value="m"/>
                                                                        <large
                                                                                jcr:primaryType="nt:unstructured"
                                                                                text="Large"
                                                                                value="l"/>
                                                                    </items>
                                                                </iconographySize>
                                                                <icon
                                                                        jcr:primaryType="nt:unstructured"
                                                                        sling:resourceType="granite/ui/components/coral/foundation/form/pathfield"
                                                                        fieldLabel="Icon"
                                                                        fieldDescription="The recommended file size/type to upload for the icon is Xpx x Xpx in SVG format. Use the 'Icon size' menu within the 'Properties' section to resize your icon."
                                                                        name="./icon"
                                                                        rootPath="/content/dam"
                                                                        droppable="{Boolean}true"
                                                                        granite:class="showhide-iconography">
                                                                    <granite:data
                                                                            jcr:primaryType="nt:unstructured"
                                                                            acs-checkboxshowhidetargetvalue=""/>
                                                                </icon>
                                                            </items>
                                                        </tab>
                                                    </items>
                                                </column>
                                            </items>
                                        </field>
                                    </TabItems>
                                </items>
                            </columns>
                        </items>
                    </content>
                    <accessibility
                            jcr:primaryType="nt:unstructured"
                            jcr:title="Accessibility"
                            sling:orderBefore="cq:styles"
                            sling:resourceType="granite/ui/components/coral/foundation/container"
                            margin="{Boolean}true">
                        <items jcr:primaryType="nt:unstructured">
                            <columns
                                    jcr:primaryType="nt:unstructured"
                                    sling:resourceType="granite/ui/components/coral/foundation/fixedcolumns"
                                    margin="{Boolean}true">
                                <items jcr:primaryType="nt:unstructured">
                                    <column
                                            jcr:primaryType="nt:unstructured"
                                            sling:resourceType="granite/ui/components/coral/foundation/container">
                                        <items jcr:primaryType="nt:unstructured">
                                            <accessibilityLabel
                                                    jcr:primaryType="nt:unstructured"
                                                    sling:resourceType="granite/ui/components/coral/foundation/form/textfield"
                                                    fieldDescription="Value of an aria-label attribute, which describes the purpose of the set of tabs."
                                                    fieldLabel="Label"
                                                    name="./accessibilityLabel"
                                                    value=""/>
                                        </items>
                                    </column>
                                </items>
                            </columns>
                        </items>
                    </accessibility>
                    <performance
                            jcr:primaryType="nt:unstructured"
                            jcr:title="Performance"
                            sling:resourceType="granite/ui/components/coral/foundation/fixedcolumns"
                            margin="{Boolean}true">
                        <items jcr:primaryType="nt:unstructured">
                            <columns
                                    jcr:primaryType="nt:unstructured"
                                    sling:resourceType="granite/ui/components/coral/foundation/fixedcolumns"
                                    margin="{Boolean}true">
                                <items jcr:primaryType="nt:unstructured">
                                    <column
                                            jcr:primaryType="nt:unstructured"
                                            sling:resourceType="granite/ui/components/coral/foundation/container">
                                        <items jcr:primaryType="nt:unstructured">
                                            <deferVisibleDisabled
                                                    jcr:primaryType="nt:unstructured"
                                                    sling:resourceType="granite/ui/components/coral/foundation/form/checkbox"
                                                    fieldLabel="Disable Until Visible"
                                                    fieldDescription="By Default rendering is deferred until component is visible,Check to disable it"
                                                    name="./deferVisibleDisabled"
                                                    text="Disable Defer Visibility Option"
                                                    value="{Boolean}true"
                                                    uncheckedValue="{Boolean}false" />
                                            <deferDefinedDisabled
                                                    jcr:primaryType="nt:unstructured"
                                                    sling:resourceType="granite/ui/components/coral/foundation/form/checkbox"
                                                    fieldLabel="Disable Until Defined"
                                                    fieldDescription="By Default rendering is deferred until component is defined,Check to disable it"
                                                    name="./deferDefinedDisabled"
                                                    text="Disable Defer Defined Option"
                                                    value="{Boolean}true"
                                                    uncheckedValue="{Boolean}false" />
                                        </items>
                                    </column>
                                </items>
                            </columns>
                        </items>
                    </performance>
                    <style jcr:primaryType="nt:unstructured"
                           jcr:title="Style"
                           granite:class="showhide-full-bleed"
                           sling:resourceType="granite/ui/components/coral/foundation/fixedcolumns"
                           margin="{Boolean}true">
                        <items jcr:primaryType="nt:unstructured">
                            <columns jcr:primaryType="nt:unstructured" sling:resourceType="granite/ui/components/coral/foundation/container">
                                <items jcr:primaryType="nt:unstructured">
                                    <mode
                                            jcr:primaryType="nt:unstructured"
                                            sling:resourceType="granite/ui/components/coral/foundation/form/select"
                                            fieldLabel="Mode"
                                            name="./mode"
                                            value="beacon-on-light"
                                            required="{Boolean}false">
                                        <items jcr:primaryType="nt:unstructured">
                                            <none jcr:primaryType="nt:unstructured" text="None" value=""/>
                                            <light jcr:primaryType="nt:unstructured" text="Light" value="beacon-on-light"/>
                                            <lighter jcr:primaryType="nt:unstructured" text="Lighter" value="beacon-on-lighter"/>
                                            <dark jcr:primaryType="nt:unstructured" text="Dark" value="beacon-on-dark"/>
                                            <darker jcr:primaryType="nt:unstructured" text="Darker" value="beacon-on-darker"/>
                                        </items>
                                    </mode>
                                    <motion
                                            jcr:primaryType="nt:unstructured"
                                            sling:resourceType="granite/ui/components/coral/foundation/form/select"
                                            fieldLabel="Motion"
                                            name="./motion"
                                            value=""
                                            required="{Boolean}false">
                                        <items jcr:primaryType="nt:unstructured">
                                            <inherit jcr:primaryType="nt:unstructured" text="Inherit" value=""/>
                                            <disabled jcr:primaryType="nt:unstructured" text="Disabled" value="disabled"/>
                                            <enabled jcr:primaryType="nt:unstructured" text="Enabled" value="enabled"/>
                                        </items>
                                    </motion>
                                </items>
                            </columns>
                        </items>
                        <granite:data
                            jcr:primaryType="nt:unstructured"
                            showhidetargetvalue="standard"
                            acs-checkboxshowhidetargetvalue="true"/>
                    </style>
                    <cq:styles
                            jcr:primaryType="nt:unstructured"
                            sling:resourceType="granite/ui/components/coral/foundation/include"
                            sling:hideResource="{Boolean}true"
                            path="/mnt/overlay/cq/gui/components/authoring/dialog/style/tab_edit/styletab"/>
                </items>
            </tabs>
        </items>
    </content>
</jcr:root>
