<?xml version="1.0" encoding="UTF-8"?>
<jcr:root xmlns:sling="http://sling.apache.org/jcr/sling/1.0" xmlns:granite="http://www.adobe.com/jcr/granite/1.0" xmlns:cq="http://www.day.com/jcr/cq/1.0" xmlns:jcr="http://www.jcp.org/jcr/1.0" xmlns:nt="http://www.jcp.org/jcr/nt/1.0"
    jcr:primaryType="nt:unstructured"
    jcr:title="Adaptive Form CheckBox Group field"
    sling:resourceType="cq/gui/components/authoring/dialog"
    extraClientlibs="[core.forms.components.checkbox.v1.editor]"
    helpPath="https://www.adobe.com/go/aem_af_cmp_checkbox_v1"
    trackingFeature="core-components:adaptiveform-checkbox:v1">
    <content
        granite:class="cmp-adaptiveform-checkbox__editdialog"
        jcr:primaryType="nt:unstructured"
        sling:resourceType="granite/ui/components/coral/foundation/container">
        <items jcr:primaryType="nt:unstructured">
            <tabs
                jcr:primaryType="nt:unstructured"
                sling:resourceType="granite/ui/components/coral/foundation/tabs"
                maximized="{Boolean}true">
                <items jcr:primaryType="nt:unstructured">
                    <basic
                        jcr:primaryType="nt:unstructured"
                        jcr:title="Basic"
                        sling:resourceType="granite/ui/components/coral/foundation/container">
                        <items jcr:primaryType="nt:unstructured">
                            <columns
                                jcr:primaryType="nt:unstructured"
                                sling:resourceType="granite/ui/components/coral/foundation/fixedcolumns"
                                margin="{Boolean}true">
                                <items jcr:primaryType="nt:unstructured">
                                    <column
                                        jcr:primaryType="nt:unstructured"
                                        sling:resourceType="granite/ui/components/coral/foundation/container">
                                        <items jcr:primaryType="nt:unstructured">
                                            <title
                                                granite:class="cmp-adaptiveform-base__title"
                                                jcr:primaryType="nt:unstructured"
                                                sling:resourceType="granite/ui/components/coral/foundation/form/textfield"
                                                fieldLabel="Label"
                                                name="./jcr:title"/>
                                            <enums jcr:primaryType="nt:unstructured"
                                                   sling:resourceType="granite/ui/components/coral/foundation/container"
                                                   sling:hideResource="{Boolean}false">
                                                <items jcr:primaryType="nt:unstructured">
                                                    <enumOptions jcr:primaryType="nt:unstructured"
                                                                 sling:orderBefore="bindref"
                                                                 sling:resourceType="granite/ui/components/coral/foundation/form/multifield"
                                                                 fieldDescription="Provide the pair of enum (data value) and enumName (display text) for each option."
                                                                 fieldLabel="Options">
                                                        <field jcr:primaryType="nt:unstructured"
                                                               sling:resourceType="granite/ui/components/coral/foundation/container"
                                                               name="./enum">
                                                            <items jcr:primaryType="nt:unstructured">
                                                                <enum jcr:primaryType="nt:unstructured"
                                                                      sling:resourceType="granite/ui/components/coral/foundation/form/textfield"
                                                                      granite:class="cmp-adaptiveform-base__enum"
                                                                      name="./enum"
                                                                      fieldLabel="Data value"
                                                                      fieldDescription="Specify the content to submit, when the option is selected."
                                                                      required="{Boolean}true"/>
                                                                <enumNames
                                                                        jcr:primaryType="nt:unstructured"
                                                                        sling:resourceType="granite/ui/components/coral/foundation/form/textfield"
                                                                        granite:class="cmp-adaptiveform-base__enumNames"
                                                                        name="./enumNames"
                                                                        fieldLabel="Display text"
                                                                        fieldDescription="Specify the content to display in the adaptive form."
                                                                        required="{Boolean}false"/>
                                                                <richTextEnumNames jcr:primaryType="nt:unstructured"
                                                                                   sling:resourceType="cq/gui/components/authoring/dialog/richtext"
                                                                                   wrapperClass="cmp-adaptiveform-base__richTextEnumNames"
                                                                                   name="richTextEnumNames"
                                                                                   fieldLabel="Display text"
                                                                                   fieldDescription="Specify the content to display in the adaptive form."
                                                                                   useFixedInlineToolbar="{Boolean}true">
                                                                    <rtePlugins jcr:primaryType="nt:unstructured">
                                                                        <links jcr:primaryType="nt:unstructured">
                                                                            <linkDialogConfig
                                                                                    jcr:primaryType="nt:unstructured"
                                                                                    height="{Long}316">
                                                                                <linkAttributes jcr:primaryType="cq:WidgetCollection">
                                                                                    <linkAdvanced
                                                                                            jcr:primaryType="cq:Widget"
                                                                                            collapsed="{Boolean}true"
                                                                                            collapsible="{Boolean}true"
                                                                                            inputValue="advanced"
                                                                                            name="./linkdialog/cq:adhocLinkTrackingTab"
                                                                                            title="Link tracking">
                                                                                        <items jcr:primaryType="cq:WidgetCollection">
                                                                                            <enable
                                                                                                    jcr:primaryType="nt:unstructured"
                                                                                                    attribute="enabletracking"
                                                                                                    fieldDescription="override analytics framework settings."
                                                                                                    fieldLabel="Custom link tracking"
                                                                                                    name="./linkdialog/cq:adhocLinkTrackingEnableTracking"
                                                                                                    xtype="checkbox">
                                                                                                <listeners
                                                                                                        jcr:primaryType="nt:unstructured"
                                                                                                        check="function(component){var dlg=component.findParentByType('rtelinkdialog');dlg.enableSCFields(component.checked);}"/>
                                                                                            </enable>
                                                                                            <events
                                                                                                    jcr:primaryType="nt:unstructured"
                                                                                                    attribute="adhocevents"
                                                                                                    fieldDescription="e.g.: event2, event7."
                                                                                                    fieldLabel="Include SiteCatalyst events"
                                                                                                    name="./linkdialog/cq:adhocLinkTrackingEvents"
                                                                                                    xtype="textfield"/>
                                                                                            <evars
                                                                                                    jcr:primaryType="nt:unstructured"
                                                                                                    attribute="adhocevars"
                                                                                                    fieldDescription="e.g.: eVar1: pagedata.url, prop4: 'const'."
                                                                                                    fieldLabel="Include SiteCatalyst variables"
                                                                                                    name="./linkdialog/cq:adhocLinkTrackingEvars"
                                                                                                    xtype="textfield"/>
                                                                                        </items>
                                                                                    </linkAdvanced>
                                                                                </linkAttributes>
                                                                            </linkDialogConfig>
                                                                        </links>
                                                                        <misctools
                                                                                jcr:primaryType="nt:unstructured"
                                                                                features="*"/>
                                                                        <edit
                                                                                jcr:primaryType="nt:unstructured"
                                                                                features="*"/>
                                                                        <findreplace
                                                                                jcr:primaryType="nt:unstructured"
                                                                                features="*"/>
                                                                        <format
                                                                                jcr:primaryType="nt:unstructured"
                                                                                features="*"/>
                                                                        <undo
                                                                                jcr:primaryType="nt:unstructured"
                                                                                features="*"/>
                                                                        <subsuperscript
                                                                                jcr:primaryType="nt:unstructured"
                                                                                features="*"/>
                                                                        <lists
                                                                                jcr:primaryType="nt:unstructured"
                                                                                features="*"/>
                                                                        <justify
                                                                                jcr:primaryType="nt:unstructured"
                                                                                features="*"/>
                                                                        <paraformat
                                                                                jcr:primaryType="nt:unstructured"
                                                                                features="*"/>
                                                                        <fullscreen
                                                                                jcr:primaryType="nt:unstructured"
                                                                                features="*"/>
                                                                    </rtePlugins>
                                                                    <uiSettings jcr:primaryType="nt:unstructured">
                                                                        <cui jcr:primaryType="nt:unstructured">
                                                                            <inline
                                                                                    jcr:primaryType="nt:unstructured"
                                                                                    toolbar="[#format,-,#justify,fullscreen#start]">
                                                                                <popovers jcr:primaryType="nt:unstructured">
                                                                                    <justify
                                                                                            jcr:primaryType="nt:unstructured"
                                                                                            items="[justify#justifyleft,justify#justifycenter,justify#justifyright]"
                                                                                            ref="justify"/>
                                                                                    <lists
                                                                                            jcr:primaryType="nt:unstructured"
                                                                                            items="[lists#unordered,lists#ordered,lists#outdent,lists#indent]"
                                                                                            ref="lists"/>
                                                                                    <format
                                                                                            jcr:primaryType="nt:unstructured"
                                                                                            items="[format#bold,format#italic,format#underline]"
                                                                                            ref="format"/>
                                                                                </popovers>
                                                                            </inline>
                                                                            <fullscreen
                                                                                    jcr:primaryType="nt:unstructured"
                                                                                    toolbar="[format#bold,format#italic,format#underline,subsuperscript#subscript,subsuperscript#superscript,justify#justifyleft,justify#justifycenter,justify#justifyright,lists#unordered,lists#ordered,lists#outdent,lists#indent,undo#undo,undo#redo,edit#cut,edit#copy,edit#paste-default,edit#paste-plaintext,edit#paste-wordhtml,links#modifylink,links#unlink,links#anchor,findreplace#find,findreplace#replace,misctools#specialchars,#paraformat,fullscreen#finish]">
                                                                                <popovers jcr:primaryType="nt:unstructured">
                                                                                    <paraformat
                                                                                            jcr:primaryType="nt:unstructured"
                                                                                            items="paraformat:getFormats:paraformat-pulldown"
                                                                                            ref="paraformat"/>
                                                                                </popovers>
                                                                            </fullscreen>
                                                                        </cui>
                                                                    </uiSettings>
                                                                </richTextEnumNames>
                                                                <enumHint jcr:primaryType="nt:unstructured"
                                                                    sling:resourceType="granite/ui/components/coral/foundation/form/textfield"
                                                                    granite:class="cmp-adaptiveform-base__enumHint"
                                                                    name="./enumHint"
                                                                    fieldLabel="Hint for the field (used in Selection Tile)"
                                                                    fieldDescription="Specify the Hint for this option."
                                                                    required="{Boolean}false"/>
                                                            </items>
                                                        </field>
                                                    </enumOptions>
                                                    <enumNames jcr:primaryType="nt:unstructured"
                                                               sling:resourceType="granite/ui/components/coral/foundation/form/multifield"
                                                               granite:hidden="true">
                                                        <field jcr:primaryType="nt:unstructured"
                                                               sling:resourceType="granite/ui/components/coral/foundation/form/textfield"
                                                               name="./enumNames"
                                                               granite:class="cmp-adaptiveform-base__enumNamesHidden"
                                                               granite:hidden="true"/>
                                                    </enumNames>
                                                    <enumHint
                                                        granite:hidden="true"
                                                        jcr:primaryType="nt:unstructured"
                                                        sling:resourceType="granite/ui/components/coral/foundation/form/multifield">
                                                        <field
                                                            granite:class="cmp-adaptiveform-base__enumHintHidden"
                                                            granite:hidden="true"
                                                            jcr:primaryType="nt:unstructured"
                                                            sling:resourceType="granite/ui/components/coral/foundation/form/textfield"
                                                            name="./enumHint"/>
                                                    </enumHint>
                                                    <areOptionsRichText
                                                            jcr:primaryType="nt:unstructured"
                                                            granite:class="cmp-adaptiveform-base__areOptionsRichText"
                                                            sling:resourceType="granite/ui/components/coral/foundation/form/checkbox"
                                                            name="./areOptionsRichText"
                                                            text="Allow Rich Text for Options"
                                                            value="true"/>
                                                </items>
                                            </enums>
                                            <selectionTile
                                                jcr:primaryType="nt:unstructured"
                                                sling:resourceType="granite/ui/components/coral/foundation/form/checkbox"
                                                fieldLabel="Set as selection tile"
                                                fieldDescription="Check for using the input a selection tile"
                                                name="./selectionTile"
                                                text="Set as selection tile"
                                                value="{Boolean}true"
                                                uncheckedValue="{Boolean}false" />
                                            <optionalText
                                                jcr:primaryType="nt:unstructured"
                                                sling:resourceType="cq/gui/components/authoring/dialog/richtext"
                                                fieldLabel="Optional Text"
                                                name="./optionalText"
                                                removeSingleParagraphContainer="{Boolean}true"
                                                externalStyleSheets="[/apps/trp-core/components/content/text/clientlibs/clientlib-rte-styles.css]"
                                                useFixedInlineToolbar="{Boolean}true"
                                                sling:orderBefore="isTitleRichText">
                                                <rtePlugins
                                                    jcr:primaryType="nt:unstructured"
                                                    sling:resourceSuperType="/apps/trp-compose/components/common/shared-rte-dialog/richtext-config-nano/rtePlugins"/>
                                                <uiSettings
                                                    jcr:primaryType="nt:unstructured"
                                                    sling:resourceSuperType="/apps/trp-compose/components/common/shared-rte-dialog/richtext-config-nano/uiSettings"/>
                                            </optionalText>
                                            <id
                                                jcr:primaryType="nt:unstructured"
                                                sling:resourceType="granite/ui/components/coral/foundation/form/textfield"
                                                fieldLabel="Id"
                                                name="./id"
                                                sling:orderBefore="isTitleRichText"/>
                                        </items>
                                    </column>
                                </items>
                            </columns>
                        </items>
                    </basic>
                    <help
                        jcr:primaryType="nt:unstructured"
                        jcr:title="Help Content"
                        sling:resourceType="granite/ui/components/coral/foundation/container">
                        <items jcr:primaryType="nt:unstructured">
                            <columns
                                jcr:primaryType="nt:unstructured"
                                sling:resourceType="granite/ui/components/coral/foundation/fixedcolumns"
                                margin="{Boolean}true">
                                <items jcr:primaryType="nt:unstructured">
                                    <column
                                        granite:class="cq-RichText-FixedColumn-column"
                                        jcr:primaryType="nt:unstructured"
                                        sling:resourceType="granite/ui/components/coral/foundation/container">
                                        <items jcr:primaryType="nt:unstructured">
                                            <longDescription
                                                jcr:primaryType="nt:unstructured"
                                                sling:resourceType="cq/gui/components/authoring/dialog/richtext"
                                                fieldLabel="Hint"
                                                name="./description"
                                                useFixedInlineToolbar="{Boolean}true">
                                                <rtePlugins jcr:primaryType="nt:unstructured">
                                                    <links jcr:primaryType="nt:unstructured">
                                                        <linkDialogConfig
                                                            jcr:primaryType="nt:unstructured"
                                                            height="{Long}316">
                                                            <linkAttributes jcr:primaryType="cq:WidgetCollection"/>
                                                        </linkDialogConfig>
                                                    </links>
                                                    <format
                                                        jcr:primaryType="nt:unstructured"
                                                        features="*"/>
                                                    <lists
                                                        jcr:primaryType="nt:unstructured"
                                                        features="*"/>
                                                    <justify
                                                        jcr:primaryType="nt:unstructured"
                                                        features="*"/>
                                                    <keys
                                                        jcr:primaryType="nt:unstructured"
                                                        features="*"/>
                                                    <paraformat
                                                        jcr:primaryType="nt:unstructured"
                                                        features="*"/>
                                                    <misctools
                                                        jcr:primaryType="nt:unstructured"
                                                        features="*"/>
                                                    <fullscreen
                                                        jcr:primaryType="nt:unstructured"
                                                        features="*"/>
                                                </rtePlugins>
                                                <uiSettings jcr:primaryType="nt:unstructured">
                                                    <cui jcr:primaryType="nt:unstructured">
                                                        <inline
                                                            jcr:primaryType="nt:unstructured"
                                                            toolbar="[format#bold,format#italic,format#underline,fullscreen#start]">
                                                            <popovers jcr:primaryType="nt:unstructured">
                                                                <justify
                                                                    jcr:primaryType="nt:unstructured"
                                                                    items="[justify#justifyleft,justify#justifycenter,justify#justifyright]"
                                                                    ref="justify"/>
                                                                <lists
                                                                    jcr:primaryType="nt:unstructured"
                                                                    items="[lists#unordered,lists#ordered,lists#outdent,lists#indent]"
                                                                    ref="lists"/>
                                                            </popovers>
                                                        </inline>
                                                        <fullscreen
                                                            jcr:primaryType="nt:unstructured"
                                                            fieldDescription="Tap full screen for more options."
                                                            toolbar="[format#bold,format#italic,format#underline,subsuperscript#subscript,subsuperscript#superscript,-,links#modifylink,links#unlink,links#anchor,tracklinks#modifylinktracking,-,justify#justifyleft,justify#justifycenter,justify#justifyright,-,image#imageProps,-,lists#unordered,lists#ordered,lists#outdent,lists#indent,-,misctools#sourceedit,fullscreen#finish]">
                                                            <popovers jcr:primaryType="nt:unstructured">
                                                                <styles
                                                                    jcr:primaryType="nt:unstructured"
                                                                    items="styles:getStyles:styles-pulldown"
                                                                    ref="styles"/>
                                                                <paraformat
                                                                    jcr:primaryType="nt:unstructured"
                                                                    items="paraformat:getFormats:paraformat-pulldown"
                                                                    ref="paraformat"/>
                                                            </popovers>
                                                        </fullscreen>
                                                    </cui>
                                                </uiSettings>
                                            </longDescription>
                                        </items>
                                    </column>
                                </items>
                            </columns>
                        </items>
                    </help>
                </items>
            </tabs>
        </items>
    </content>
</jcr:root>
