<?xml version="1.0" encoding="UTF-8"?>
<jcr:root xmlns:sling="http://sling.apache.org/jcr/sling/1.0" xmlns:cq="http://www.day.com/jcr/cq/1.0"
          xmlns:jcr="http://www.jcp.org/jcr/1.0" xmlns:nt="http://www.jcp.org/jcr/nt/1.0"
          xmlns:granite="http://www.adobe.com/jcr/granite/1.0"
          jcr:primaryType="nt:unstructured"
          jcr:title="Bio-Card"
          helpPath="https://app.knapsack.cloud/site/troweprice/latest/pattern/bio-card?subPageId=overview"
          sling:resourceType="cq/gui/components/authoring/dialog"
          extraClientlibs="[acs-commons.widgets.showhidedialogfields]">
    <content
            jcr:primaryType="nt:unstructured"
            sling:resourceType="granite/ui/components/coral/foundation/container">
        <items jcr:primaryType="nt:unstructured">
            <tabs
                    jcr:primaryType="nt:unstructured"
                    sling:resourceType="granite/ui/components/coral/foundation/tabs"
                    maximized="{Boolean}false">
                <items jcr:primaryType="nt:unstructured"
                       sling:hideChildren="[asset,accessibility,link]">
                    <properties
                            jcr:primaryType="nt:unstructured"
                            jcr:title="Properties"
                            sling:resourceType="granite/ui/components/coral/foundation/container"
                            margin="{Boolean}true">
                        <items jcr:primaryType="nt:unstructured">
                            <columns
                                    jcr:primaryType="nt:unstructured"
                                    sling:resourceType="granite/ui/components/coral/foundation/fixedcolumns"
                                    margin="{Boolean}true">
                                <items jcr:primaryType="nt:unstructured">
                                    <column
                                            jcr:primaryType="nt:unstructured"
                                            sling:resourceType="granite/ui/components/coral/foundation/container">
                                        <items jcr:primaryType="nt:unstructured">
                                            <layout
                                                    jcr:primaryType="nt:unstructured"
                                                    sling:resourceType="granite/ui/components/coral/foundation/form/select"
                                                    fieldDescription="Choose a layout type."
                                                    fieldLabel="Layout"
                                                    name="./layout">
                                                <items jcr:primaryType="nt:unstructured">
                                                    <vertical
                                                            jcr:primaryType="nt:unstructured"
                                                            text="Vertical"
                                                            value="vertical"/>
                                                    <horizontal
                                                            jcr:primaryType="nt:unstructured"
                                                            text="Horizontal"
                                                            value="horizontal"/>
                                                    <horizontal-wide
                                                            jcr:primaryType="nt:unstructured"
                                                            text="Horizontal Wide"
                                                            value="horizontal-wide"/>
                                                </items>
                                            </layout>
                                            <component-template
                                                    jcr:primaryType="nt:unstructured"
                                                    sling:resourceType="granite/ui/components/coral/foundation/form/select"
                                                    fieldDescription="Choose a template type."
                                                    fieldLabel="Template"
                                                    name="./template">
                                                <items jcr:primaryType="nt:unstructured">
                                                    <standard
                                                            jcr:primaryType="nt:unstructured"
                                                            text="Standard"
                                                            value="standard"/>
                                                    <hero
                                                            jcr:primaryType="nt:unstructured"
                                                            text="Hero"
                                                            value="hero"/>
                                                </items>
                                            </component-template>
                                            <hero-position
                                                    jcr:primaryType="nt:unstructured"
                                                    sling:resourceType="granite/ui/components/coral/foundation/form/select"
                                                    fieldDescription="Choose a position if authoring a Hero Bio-Card"
                                                    fieldLabel="Hero Position"
                                                    name="./heroPosition">
                                                <items jcr:primaryType="nt:unstructured">
                                                    <left
                                                            jcr:primaryType="nt:unstructured"
                                                            text="Left"
                                                            value="left"/>
                                                    <right
                                                            jcr:primaryType="nt:unstructured"
                                                            text="Right"
                                                            value="right"/>
                                                </items>
                                            </hero-position>
                                        </items>
                                    </column>
                                </items>
                            </columns>
                        </items>
                    </properties>
                    <content
                            jcr:primaryType="nt:unstructured"
                            jcr:title="Content"
                            sling:resourceType="granite/ui/components/coral/foundation/fixedcolumns"
                            margin="{Boolean}true">
                        <items jcr:primaryType="nt:unstructured">
                            <columns
                                    jcr:primaryType="nt:unstructured"
                                    sling:resourceType="granite/ui/components/coral/foundation/container">
                                <items jcr:primaryType="nt:unstructured">
                                    <id
                                            jcr:primaryType="nt:unstructured"
                                            sling:resourceType="granite/ui/components/coral/foundation/form/textfield"
                                            fieldLabel="ID"
                                            fieldDescription="ID in case to anchor the component"
                                            maxLength="{Long}15"
                                            name="./id"
                                            required="{Boolean}false"/>
                                    <idCard
                                            jcr:primaryType="nt:unstructured"
                                            sling:resourceType="granite/ui/components/coral/foundation/form/checkbox"
                                            text="Embed ID Card"
                                            name="./idCard"
                                            uncheckedValue="false"
                                            value="true"
                                            granite:class="cq-dialog-showhide">
                                        <granite:data
                                                jcr:primaryType="nt:unstructured"
                                                acs-cq-dialog-dropdown-checkbox-showhide=""
                                                acs-cq-dialog-dropdown-checkbox-showhide-target=".showhide-v2-id-card"/>
                                    </idCard>
                                    <v2idCard
                                            jcr:primaryType="nt:unstructured"
                                            sling:resourceType="granite/ui/components/coral/foundation/form/switch"
                                            fieldLabel="Use V2 ID Card"
                                            name="./v2idCard"
                                            granite:class="showhide-v2-id-card">
                                        <granite:data
                                                jcr:primaryType="nt:unstructured"
                                                acs-checkboxshowhidetargetvalue="true"/>
                                    </v2idCard>
                                    <idCard-TypeHint
                                            jcr:primaryType="nt:unstructured"
                                            sling:resourceType="granite/ui/components/foundation/form/hidden"
                                            name="./idCard@TypeHint"
                                            value="Boolean"/>
                                    <dataList
                                            jcr:primaryType="nt:unstructured"
                                            sling:resourceType="granite/ui/components/coral/foundation/form/checkbox"
                                            text="Embed Datalist"
                                            name="./dataList"
                                            uncheckedValue="false"
                                            value="true">
                                        <granite:data
                                                jcr:primaryType="nt:unstructured"
                                                acs-cq-dialog-dropdown-checkbox-showhide=""
                                                acs-cq-dialog-dropdown-checkbox-showhide-target=".showhide-v2-data-list"/>
                                    </dataList>
                                    <v2dataList
                                            jcr:primaryType="nt:unstructured"
                                            sling:resourceType="granite/ui/components/coral/foundation/form/switch"
                                            fieldLabel="Use V2 Data List"
                                            name="./v2dataList"
                                            granite:class="showhide-v2-data-list">
                                        <granite:data
                                                jcr:primaryType="nt:unstructured"
                                                acs-checkboxshowhidetargetvalue="true"/>
                                    </v2dataList>
                                    <dataList-TypeHint
                                            jcr:primaryType="nt:unstructured"
                                            sling:resourceType="granite/ui/components/foundation/form/hidden"
                                            name="./dataList@TypeHint"
                                            value="Boolean"/>
                                    <footnote
                                            jcr:primaryType="nt:unstructured"
                                            sling:resourceType="cq/gui/components/authoring/dialog/richtext"
                                            emptyText="Enter the footnote copy."
                                            fieldDescription="Display an footnote."
                                            fieldLabel="Footnote"
                                            name="./footnote"
                                            removeSingleParagraphContainer="{Boolean}true"
                                            externalStyleSheets="[/apps/trp-core/components/content/text/clientlibs/clientlib-rte-styles.css]"
                                            useFixedInlineToolbar="{Boolean}true">
                                        <rtePlugins
                                                jcr:primaryType="nt:unstructured"
                                                sling:resourceSuperType="/apps/trp-compose/components/common/shared-rte-dialog/richtext-config-nano/rtePlugins"/>
                                        <uiSettings
                                                jcr:primaryType="nt:unstructured"
                                                sling:resourceSuperType="/apps/trp-compose/components/common/shared-rte-dialog/richtext-config-nano/uiSettings"/>
                                    </footnote>
                                </items>
                            </columns>
                        </items>
                    </content>
                </items>
            </tabs>
        </items>
    </content>
</jcr:root>