<?xml version="1.0" encoding="UTF-8"?>
<jcr:root xmlns:sling="http://sling.apache.org/jcr/sling/1.0" xmlns:granite="http://www.adobe.com/jcr/granite/1.0" xmlns:cq="http://www.day.com/jcr/cq/1.0" xmlns:jcr="http://www.jcp.org/jcr/1.0" xmlns:nt="http://www.jcp.org/jcr/nt/1.0"
    jcr:primaryType="nt:unstructured"
    jcr:title="Adaptive Form Container"
    sling:resourceType="cq/gui/components/authoring/dialog"
    extraClientlibs="[core.forms.components.container.v1.editor]"
    helpPath="https://www.adobe.com/go/aem_af_cmp_container_v2"
    trackingFeature="core-components:adaptiveform-container:v2">
    <content
        granite:class="cmp-adaptiveform-container__editdialog cmp-adaptiveform-formcontainer__editdialog"
        jcr:primaryType="nt:unstructured"
        sling:resourceType="granite/ui/components/coral/foundation/container">
        <items jcr:primaryType="nt:unstructured">
            <accordion
                jcr:primaryType="nt:unstructured"
                sling:hideResource="true"
                sling:resourceType="granite/ui/components/coral/foundation/accordion"/>
            <tabs
                jcr:primaryType="nt:unstructured"
                sling:resourceType="granite/ui/components/coral/foundation/tabs"
                maximized="{Boolean}true">
                <items jcr:primaryType="nt:unstructured">
                    <basic
                        jcr:primaryType="nt:unstructured"
                        jcr:title="Basic"
                        sling:resourceType="granite/ui/components/coral/foundation/container">
                        <items jcr:primaryType="nt:unstructured">
                            <container
                                jcr:primaryType="nt:unstructured"
                                sling:resourceType="granite/ui/components/coral/foundation/container">
                                <items jcr:primaryType="nt:unstructured">
                                    <id
                                        jcr:primaryType="nt:unstructured"
                                        sling:orderBefore="prefillService"
                                        sling:resourceType="granite/ui/components/coral/foundation/form/textfield"
                                        fieldLabel="Id"
                                        name="./id"/>
                                </items>
                            </container>
                        </items>
                        <parentConfig
                            jcr:primaryType="nt:unstructured"
                            active="{Boolean}true"/>
                    </basic>
                </items>
            </tabs>
        </items>
    </content>
</jcr:root>
