<?xml version="1.0" encoding="UTF-8"?>
    <jcr:root xmlns:sling="http://sling.apache.org/jcr/sling/1.0" xmlns:cq="http://www.day.com/jcr/cq/1.0" xmlns:jcr="http://www.jcp.org/jcr/1.0" xmlns:nt="http://www.jcp.org/jcr/nt/1.0"
            jcr:primaryType="nt:unstructured"
            jcr:title="Infographic Component Dialog"
            sling:resourceType="cq/gui/components/authoring/dialog">
        <content
                jcr:primaryType="nt:unstructured"
                sling:resourceType="granite/ui/components/coral/foundation/container">
            <items jcr:primaryType="nt:unstructured">
                <tabs
                    jcr:primaryType="nt:unstructured"
                    sling:resourceType="granite/ui/components/coral/foundation/tabs"
                    maximized="{Boolean}false">
                    <items jcr:primaryType="nt:unstructured"
                        sling:hideChildren="[properties,asset,accessibility,link,performance,style]">
                        <content
                            jcr:primaryType="nt:unstructured"
                            jcr:title="Content"
                            sling:resourceType="granite/ui/components/coral/foundation/fixedcolumns"
                            margin="{Boolean}true">
                            <items jcr:primaryType="nt:unstructured">
                                <columns
                                    jcr:primaryType="nt:unstructured"
                                    sling:resourceType="granite/ui/components/coral/foundation/container">
                                    <items jcr:primaryType="nt:unstructured">
                                        <id
                                           jcr:primaryType="nt:unstructured"
                                           sling:resourceType="granite/ui/components/coral/foundation/form/textfield"
                                           fieldLabel="ID"
                                           fieldDescription="Infographic ID from the infogram"
                                           maxLength="{Long}50"
                                           name="./id"
                                           required="{Boolean}true"/>
                                        <title
                                           jcr:primaryType="nt:unstructured"
                                           sling:resourceType="granite/ui/components/coral/foundation/form/textfield"
                                           fieldLabel="Title"
                                           fieldDescription="Title of the infographic"
                                           maxLength="{Long}50"
                                           name="./title"
                                           required="{Boolean}false"/>
                                        <titleTag
                                                jcr:primaryType="nt:unstructured"
                                                sling:resourceType="granite/ui/components/coral/foundation/form/select"
                                                fieldLabel="Title Heading Tag"
                                                name="./titleTag"
                                                value="h6"
                                                required="{Boolean}false">
                                            <items jcr:primaryType="nt:unstructured">
                                                <h1 jcr:primaryType="nt:unstructured" text="Heading 1"
                                                         value="h1"/>
                                                <h2 jcr:primaryType="nt:unstructured" text="Heading 2"
                                                           value="h2"/>
                                                <h3 jcr:primaryType="nt:unstructured" text="Heading 3"
                                                          value="h3"/>
                                                <h4 jcr:primaryType="nt:unstructured" text="Heading 4"
                                                            value="h4"/>
                                                <h5 jcr:primaryType="nt:unstructured" text="Heading 5"
                                                            value="h5"/>
                                                <h6 jcr:primaryType="nt:unstructured" text="Heading 6"
                                                            value="h6"/>
                                            </items>
                                        </titleTag>
                                        <description
                                                jcr:primaryType="nt:unstructured"
                                                sling:resourceType="cq/gui/components/authoring/dialog/richtext"
                                                fieldLabel="Description"
                                                name="./description"
                                                externalStyleSheets="[/apps/trp-core/components/content/text/clientlibs/clientlib-rte-styles.css]"
                                                useFixedInlineToolbar="{Boolean}true"
                                                required="{Boolean}false">
                                            <rtePlugins
                                                    jcr:primaryType="nt:unstructured"
                                                    sling:resourceSuperType="/apps/trp-compose/components/common/shared-rte-dialog/richtext-config-nano/rtePlugins"/>
                                            <uiSettings
                                                    jcr:primaryType="nt:unstructured"
                                                    sling:resourceSuperType="/apps/trp-compose/components/common/shared-rte-dialog/richtext-config-nano/uiSettings"/>
                                        </description>
                                        <footnotes
                                                jcr:primaryType="nt:unstructured"
                                                sling:resourceType="cq/gui/components/authoring/dialog/richtext"
                                                fieldLabel="Footnotes"
                                                name="./footnotes"
                                                externalStyleSheets="[/apps/trp-core/components/content/text/clientlibs/clientlib-rte-styles.css]"
                                                useFixedInlineToolbar="{Boolean}true"
                                                required="{Boolean}false">
                                            <rtePlugins
                                                    jcr:primaryType="nt:unstructured"
                                                    sling:resourceSuperType="/apps/trp-compose/components/common/shared-rte-dialog/richtext-config-nano/rtePlugins"/>
                                            <uiSettings
                                                    jcr:primaryType="nt:unstructured"
                                                    sling:resourceSuperType="/apps/trp-compose/components/common/shared-rte-dialog/richtext-config-nano/uiSettings"/>
                                        </footnotes>
                                    </items>
                                </columns>
                            </items>
                        </content>
                    </items>
                </tabs>
            </items>
        </content>
    </jcr:root>
