<?xml version="1.0" encoding="UTF-8"?>
<jcr:root xmlns:sling="http://sling.apache.org/jcr/sling/1.0" xmlns:granite="http://www.adobe.com/jcr/granite/1.0"
          xmlns:cq="http://www.day.com/jcr/cq/1.0" xmlns:jcr="http://www.jcp.org/jcr/1.0"
          xmlns:nt="http://www.jcp.org/jcr/nt/1.0"
          jcr:primaryType="nt:unstructured"
          jcr:title="Tagged Tile Container - BETA"
          sling:resourceType="cq/gui/components/authoring/dialog"
          extraClientlibs="[acs-commons.widgets.showhidedialogfields]">
    <content
            granite:class="tagged-tile-container-tabs"
            jcr:primaryType="nt:unstructured"
            sling:resourceType="granite/ui/components/coral/foundation/container">
        <items jcr:primaryType="nt:unstructured">
            <tabs
                    jcr:primaryType="nt:unstructured"
                    sling:resourceType="granite/ui/components/coral/foundation/tabs"
                    maximized="{Boolean}false">
                <items jcr:primaryType="nt:unstructured">
                    <containerProperties
                            jcr:primaryType="nt:unstructured"
                            jcr:title="Container Properties"
                            sling:resourceType="granite/ui/components/coral/foundation/container"
                            margin="{Boolean}true">
                        <items jcr:primaryType="nt:unstructured">
                            <columns
                                    jcr:primaryType="nt:unstructured"
                                    sling:resourceType="granite/ui/components/coral/foundation/fixedcolumns"
                                    margin="{Boolean}true">
                                <items jcr:primaryType="nt:unstructured">
                                    <column
                                            jcr:primaryType="nt:unstructured"
                                            sling:resourceType="granite/ui/components/coral/foundation/container">
                                        <items jcr:primaryType="nt:unstructured">
                                            <overrideResource
                                                    jcr:primaryType="nt:unstructured"
                                                    sling:resourceType="granite/ui/components/coral/foundation/form/checkbox"
                                                    fieldDescription="Enable to select custom tags and number of tiles displayed. Disable to use article page CF tags and default to 2 tiles displayed."
                                                    name="./overrideResource"
                                                    text="Override Tags and Tile Count"
                                                    uncheckedValue="false"
                                                    value="true"
                                                    granite:class="cq-dialog-showhide">
                                                <granite:data
                                                        jcr:primaryType="nt:unstructured"
                                                        acs-cq-dialog-dropdown-checkbox-showhide=""
                                                        acs-cq-dialog-dropdown-checkbox-showhide-target=".showhide-overrides"/>
                                            </overrideResource>
                                            <primaryTopicTag
                                                    jcr:primaryType="nt:unstructured"
                                                    sling:resourceType="cq/gui/components/coral/common/form/tagfield"
                                                    fieldDescription="Select the Primary Topic Tag."
                                                    fieldLabel="Primary Topic Tag"
                                                    forceSelection="true"
                                                    multiple="true"
                                                    name="./primaryTopicTag"
                                                    rootPath="/content/cq:tags/enterprise-taxonomy/primary-topic"
                                                    granite:class="showhide-overrides">
                                                <granite:data
                                                        jcr:primaryType="nt:unstructured"
                                                        acs-checkboxshowhidetargetvalue="true"/>
                                            </primaryTopicTag>
                                            <numberOfArticles
                                                    jcr:primaryType="nt:unstructured"
                                                    sling:resourceType="granite/ui/components/coral/foundation/form/select"
                                                    fieldLabel="Number or Articles"
                                                    fieldDescription="Select the maximum number of article tiles to be displayed"
                                                    name="./numberOfArticles"
                                                    value="numberOfArticles"
                                                    required="{Boolean}false"
                                                    granite:class="showhide-overrides">
                                                    <granite:data
                                                        jcr:primaryType="nt:unstructured"
                                                        acs-checkboxshowhidetargetvalue="true"/>
                                                <items jcr:primaryType="nt:unstructured">
                                                    <one jcr:primaryType="nt:unstructured"
                                                         text="1"
                                                         value="1"/>
                                                    <two jcr:primaryType="nt:unstructured"
                                                         text="2"
                                                         value="2"/>
                                                    <three jcr:primaryType="nt:unstructured"
                                                           text="3"
                                                           value="3"/>
                                                    <four jcr:primaryType="nt:unstructured"
                                                          text="4"
                                                          value="4"/>
                                                    <five jcr:primaryType="nt:unstructured"
                                                          text="5"
                                                          value="5"/>
                                                    <six jcr:primaryType="nt:unstructured"
                                                          text="6"
                                                          value="6"/>
                                                </items>
                                            </numberOfArticles>
                                            <alignment
                                                    jcr:primaryType="nt:unstructured"
                                                    sling:resourceType="granite/ui/components/coral/foundation/form/select"
                                                    fieldDescription="Align the tiles in the container vertically or horizontally"
                                                    fieldLabel="Alignment"
                                                    name="./alignment"
                                                    required="{Boolean}false"
                                                    value="vertical">
                                                <items jcr:primaryType="nt:unstructured">
                                                    <vertical
                                                            jcr:primaryType="nt:unstructured"
                                                            text="Vertical"
                                                            value="vertical"/>
                                                    <horizontal
                                                            jcr:primaryType="nt:unstructured"
                                                            text="Horizontal"
                                                            value="horizontal"/>
                                                </items>
                                            </alignment>
                                        </items>
                                    </column>
                                </items>
                            </columns>
                        </items>
                    </containerProperties>
                    <properties
                            jcr:primaryType="nt:unstructured"
                            jcr:title="Tile Properties"
                            sling:resourceType="granite/ui/components/coral/foundation/container"
                            margin="{Boolean}true"
                            sling:hideResource="{Boolean}true">
                    </properties>
                    <style jcr:primaryType="nt:unstructured"
                           jcr:title="Style"
                           sling:resourceType="granite/ui/components/coral/foundation/fixedcolumns"
                           margin="{Boolean}true">
                    </style>
                    <asset
                            jcr:primaryType="nt:unstructured"
                            sling:hideResource="{Boolean}true"/>
                    <content
                            jcr:primaryType="nt:unstructured"
                            sling:hideResource="{Boolean}true"/>
                    <link
                            jcr:primaryType="nt:unstructured"
                            sling:hideResource="{Boolean}true"/>
                    <customProperties
                            jcr:primaryType="nt:unstructured"
                            sling:hideResource="{Boolean}true"/>
                    <performance
                            jcr:primaryType="nt:unstructured"
                            sling:hideResource="{Boolean}true"/>
                </items>
            </tabs>
        </items>
    </content>
</jcr:root>
