<?xml version="1.0" encoding="UTF-8"?>
    <jcr:root xmlns:sling="http://sling.apache.org/jcr/sling/1.0" xmlns:cq="http://www.day.com/jcr/cq/1.0" xmlns:jcr="http://www.jcp.org/jcr/1.0" xmlns:nt="http://www.jcp.org/jcr/nt/1.0" xmlns:granite="http://www.adobe.com/jcr/granite/1.0"
            jcr:primaryType="nt:unstructured"
            jcr:title="Accordion Component Dialog"
            helpPath="https://app.knapsack.cloud/site/troweprice/latest/pattern/accordion?subPageId=WDzqj8Gf8e"
            sling:resourceType="cq/gui/components/authoring/dialog"
            extraClientlibs="[acs-commons.widgets.showhidedialogfields]">
        <content
                jcr:primaryType="nt:unstructured"
                sling:resourceType="granite/ui/components/coral/foundation/container">
            <items jcr:primaryType="nt:unstructured">
                <tabs
                        jcr:primaryType="nt:unstructured"
                        sling:resourceType="granite/ui/components/coral/foundation/tabs"
                        maximized="{Boolean}false">
                    <items jcr:primaryType="nt:unstructured"
                           sling:hideChildren="[asset,accessibility,link]">
                        <properties
                                jcr:primaryType="nt:unstructured"
                                jcr:title="Properties"
                                sling:resourceType="granite/ui/components/coral/foundation/container"
                                margin="{Boolean}true">
                            <items jcr:primaryType="nt:unstructured">
                                <columns
                                        jcr:primaryType="nt:unstructured"
                                        sling:resourceType="granite/ui/components/coral/foundation/fixedcolumns"
                                        margin="{Boolean}true">
                                    <items jcr:primaryType="nt:unstructured">
                                        <column
                                                jcr:primaryType="nt:unstructured"
                                                sling:resourceType="granite/ui/components/coral/foundation/container">
                                            <items jcr:primaryType="nt:unstructured">
                                                <scale
                                                   jcr:primaryType="nt:unstructured"
                                                   sling:resourceType="granite/ui/components/coral/foundation/form/select"
                                                   fieldLabel="Scale"
                                                   fieldDescription="Scale all the accordion items will appear as per the selected scale"
                                                   name="./scale"
                                                   value="normal"
                                                   required="{Boolean}false">
                                                   <items jcr:primaryType="nt:unstructured">
                                                       <normal jcr:primaryType="nt:unstructured" text="Normal" value="normal"/>
                                                       <mini jcr:primaryType="nt:unstructured" text="Mini" value="mini"/>
                                                       <jumbo jcr:primaryType="nt:unstructured" text="Jumbo" value="jumbo"/>
                                                   </items>
                                                </scale>
                                                <iconSize
                                                   jcr:primaryType="nt:unstructured"
                                                   sling:resourceType="granite/ui/components/coral/foundation/form/select"
                                                   fieldLabel="Icon size"
                                                   fieldDescription="The recommended file size/type to upload for the icon is Xpx x Xpx in SVG format. Icons can be added to accordion sections within the 'Content' tab. Choosing an option within the dropdown menu will resize the uploaded image to the chosen size."
                                                   name="./iconSize"
                                                   value="undefined"
                                                   required="{Boolean}false">
                                                   <items jcr:primaryType="nt:unstructured">
                                                       <default jcr:primaryType="nt:unstructured" text="Default" value="undefined"/>
                                                       <px_16 jcr:primaryType="nt:unstructured" text="16 px" value="16"/>
                                                       <px_24 jcr:primaryType="nt:unstructured" text="24 px" value="24"/>
                                                       <px_40 jcr:primaryType="nt:unstructured" text="40 px" value="40"/>
                                                       <px_32 jcr:primaryType="nt:unstructured" text="32 px (Deprecated From Foundation 4.2.0+)" value="32"/>
                                                   </items>
                                                </iconSize>
                                                <singleOpen
                                                   jcr:primaryType="nt:unstructured"
                                                   sling:resourceType="granite/ui/components/coral/foundation/form/checkbox"
                                                   text="Enable sections to open one by one"
                                                   fieldDescription="Enabling this feature causes only one section in the accordion to expand when clicked on by the user. When unchecked the experience keeps all tabs open after they have been clicked."
                                                   name="./singleOpen"
                                                   uncheckedValue="false"
                                                   value="true"
                                                   required="{Boolean}false"/>
                                                <singleOpen-TypeHint
                                                   jcr:primaryType="nt:unstructured"
                                                   sling:resourceType="granite/ui/components/foundation/form/hidden"
                                                   name="./singleOpen@TypeHint"
                                                   value="Boolean"/>
                                            </items>
                                        </column>
                                    </items>
                                </columns>
                            </items>
                        </properties>
                        <content
                            jcr:primaryType="nt:unstructured"
                            jcr:title="Content"
                            sling:resourceType="granite/ui/components/coral/foundation/fixedcolumns"
                            margin="{Boolean}true">
                        <items jcr:primaryType="nt:unstructured">
                            <columns
                                    jcr:primaryType="nt:unstructured"
                                    sling:resourceType="granite/ui/components/coral/foundation/container">
                                <items jcr:primaryType="nt:unstructured">
                                    <showLinksSectionTitle
                                            jcr:primaryType="nt:unstructured"
                                            sling:resourceType="granite/ui/components/coral/foundation/form/textfield"
                                            fieldLabel="Show all items link title"
                                            fieldDescription="Adding text in this field creates a link for the user to open all accordion tabs in one click. E.g. the text could be 'Show all items'. Both 'Show all items link title' &amp; 'Hide all items link title' link text will show above the accordion."
                                            maxLength="{Long}50"
                                            name="./showLinkSectionTitle"
                                            required="{Boolean}false"/>
                                    <hideLinksSectionTitle
                                            jcr:primaryType="nt:unstructured"
                                            sling:resourceType="granite/ui/components/coral/foundation/form/textfield"
                                            fieldLabel="Hide all items link title"
                                            fieldDescription="Adding text in this field creates a link for the user to open all accordion tabs in one click. E.g. the text could be 'Hide all items'. Both 'Show all items link title' &amp; 'Hide all items link title' link text will show above the accordion."
                                            maxLength="{Long}50"
                                            name="./hideLinkSectionTitle"
                                            required="{Boolean}false"/>
                                    <accordionItems
                                            jcr:primaryType="nt:unstructured"
                                            sling:resourceType="granite/ui/components/coral/foundation/form/multifield"
                                            fieldLabel="Accordion Sections"
                                            composite="{Boolean}true"
                                            required="{Boolean}true">
                                        <field
                                                jcr:primaryType="nt:unstructured"
                                                sling:resourceType="granite/ui/components/coral/foundation/container"
                                                name="./accordionItems">
                                            <items jcr:primaryType="nt:unstructured">
                                                <column
                                                        jcr:primaryType="nt:unstructured"
                                                        sling:resourceType="granite/ui/components/coral/foundation/container">
                                                    <items jcr:primaryType="nt:unstructured">
                                                        <accordion
                                                                cq:showOnCreate="{Boolean}true"
                                                                jcr:primaryType="nt:unstructured"
                                                                jcr:title="Accordion Section"
                                                                sling:resourceType="granite/ui/components/foundation/container">
                                                            <layout
                                                                    jcr:primaryType="nt:unstructured"
                                                                    sling:resourceType="granite/ui/components/foundation/layouts/collapsible"/>
                                                            <items jcr:primaryType="nt:unstructured">
                                                                <id
                                                                        jcr:primaryType="nt:unstructured"
                                                                        sling:resourceType="granite/ui/components/coral/foundation/form/textfield"
                                                                        fieldLabel="Item ID"
                                                                        fieldDescription="This ID is required to form the relationship between the accordion section and the content within it. As a result the order of accordion sections can be changed easily."
                                                                        maxLength="{Long}35"
                                                                        name="./id"
                                                                        required="{Boolean}true"/>
                                                                <title
                                                                        jcr:primaryType="nt:unstructured"
                                                                        sling:resourceType="cq/gui/components/authoring/dialog/richtext"
                                                                        fieldDescription="Display the Page Title/ Title."
                                                                        fieldLabel="Title Text"
                                                                        name="./title"
                                                                        class="rteAdjustableTitleHeight"
                                                                        removeSingleParagraphContainer="{Boolean}true"
                                                                        externalStyleSheets="[/apps/trp-core/components/content/text/clientlibs/clientlib-rte-styles.css]"
                                                                        useFixedInlineToolbar="{Boolean}true"
                                                                        required="{Boolean}true">
                                                                    <rtePlugins
                                                                            jcr:primaryType="nt:unstructured"
                                                                            sling:resourceSuperType="/apps/trp-compose/components/common/shared-rte-dialog/richtext-config-nano/rtePlugins"/>
                                                                    <uiSettings
                                                                            jcr:primaryType="nt:unstructured"
                                                                            sling:resourceSuperType="/apps/trp-compose/components/common/shared-rte-dialog/richtext-config-nano/uiSettings"/>
                                                                </title>
                                                                <useIconography
                                                                        jcr:primaryType="nt:unstructured"
                                                                        sling:resourceType="granite/ui/components/coral/foundation/form/checkbox"
                                                                        fieldLabel="Use Beacon Iconography Component"
                                                                        name="./useIconography"
                                                                        value="{Boolean}true"
                                                                        uncheckedValue="{Boolean}false"
                                                                        text="Use Iconography (Available with foundation version 4.2.0+)"
                                                                        granite:class="cq-dialog-showhide">
                                                                    <granite:data
                                                                            jcr:primaryType="nt:unstructured"
                                                                            acs-cq-dialog-dropdown-checkbox-showhide=""
                                                                            acs-cq-dialog-dropdown-checkbox-showhide-multifield=""
                                                                            acs-cq-dialog-dropdown-checkbox-showhide-target=".showhide-iconography"/>
                                                                </useIconography>
                                                                <iconographyButton
                                                                        jcr:primaryType="nt:unstructured"
                                                                        sling:resourceType="granite/ui/components/coral/foundation/form/select"
                                                                        fieldDescription="Select an icon"
                                                                        fieldLabel="Icon"
                                                                        name="./iconographyName"
                                                                        emptyOption="true"
                                                                        granite:class="showhide-iconography">
                                                                    <granite:data
                                                                            jcr:primaryType="nt:unstructured"
                                                                            acs-checkboxshowhidetargetvalue="true"/>
                                                                    <datasource
                                                                            jcr:primaryType="nt:unstructured"
                                                                            sling:resourceType="/apps/trp-compose/components/icon/datasource/icon-datasource.html"/>
                                                                </iconographyButton>
                                                                <iconographyLabel
                                                                        jcr:primaryType="nt:unstructured"
                                                                        sling:resourceType="granite/ui/components/coral/foundation/form/textfield"
                                                                        emptyText=""
                                                                        fieldDescription="Icons are assumed to be decorative by default. Providing a label will expose it to screen readers with this label."
                                                                        fieldLabel="Icon Label"
                                                                        name="./iconographyLabel"
                                                                        required="{Boolean}false"
                                                                        granite:class="showhide-iconography">
                                                                    <granite:data
                                                                            jcr:primaryType="nt:unstructured"
                                                                            acs-checkboxshowhidetargetvalue="true"/>
                                                                </iconographyLabel>
                                                                <icon
                                                                        jcr:primaryType="nt:unstructured"
                                                                        sling:resourceType="granite/ui/components/coral/foundation/form/pathfield"
                                                                        fieldLabel="Icon"
                                                                        fieldDescription="The recommended file size/type to upload for the icon is Xpx x Xpx in SVG format. Use the 'Icon size' menu within the 'Properties' section to resize your icon."
                                                                        name="./icon"
                                                                        rootPath="/content/dam"
                                                                        droppable="{Boolean}true"
                                                                        granite:class="showhide-iconography">
                                                                    <granite:data
                                                                            jcr:primaryType="nt:unstructured"
                                                                            acs-checkboxshowhidetargetvalue=""/>
                                                                </icon>
                                                                <open
                                                                        jcr:primaryType="nt:unstructured"
                                                                        sling:resourceType="granite/ui/components/coral/foundation/form/checkbox"
                                                                        text="Expand this section by default"
                                                                        fieldDescription="Checking this box allows you to expand this accordion section by default. This means when a user views the page this section will be expanded and the content within it can be viewed. The default for accordion sections is to show as collapsed when viewed."
                                                                        name="./open"
                                                                        uncheckedValue="false"
                                                                        value="true"
                                                                        required="{Boolean}false"/>
                                                                <open-TypeHint
                                                                        jcr:primaryType="nt:unstructured"
                                                                        sling:resourceType="granite/ui/components/foundation/form/hidden"
                                                                        name="./open@TypeHint"
                                                                        value="Boolean"/>
                                                            </items>
                                                        </accordion>
                                                    </items>
                                                </column>
                                            </items>
                                        </field>
                                    </accordionItems>
                                </items>
                            </columns>
                        </items>
                    </content>
                </items>
            </tabs>
        </items>
    </content>
</jcr:root>
