<?xml version="1.0" encoding="UTF-8"?>
<jcr:root xmlns:sling="http://sling.apache.org/jcr/sling/1.0" xmlns:granite="http://www.adobe.com/jcr/granite/1.0" xmlns:cq="http://www.day.com/jcr/cq/1.0" xmlns:jcr="http://www.jcp.org/jcr/1.0" xmlns:nt="http://www.jcp.org/jcr/nt/1.0"
    jcr:primaryType="nt:unstructured"
    jcr:title="Adaptive Form Panel"
    sling:resourceType="cq/gui/components/authoring/dialog"
    extraClientlibs="[core.forms.components.panelcontainer.v1.editor]"
    helpPath="https://www.adobe.com/go/aem_af_cmp_panelcontainer_v1"
    trackingFeature="core-components:adaptiveform-panel:v1">
    <content
        granite:class="cmp-adaptiveform-panelcontainer__editdialog"
        jcr:primaryType="nt:unstructured"
        sling:resourceType="granite/ui/components/coral/foundation/container">
        <items jcr:primaryType="nt:unstructured">
            <tabs
                granite:class="cmp-adaptiveform-base__editdialogbasic"
                jcr:primaryType="nt:unstructured"
                sling:resourceType="granite/ui/components/coral/foundation/tabs"
                maximized="{Boolean}true">
                <items jcr:primaryType="nt:unstructured">
                    <cq:styles
                        jcr:primaryType="nt:unstructured"
                        sling:resourceType="granite/ui/components/coral/foundation/include"
                        path="/mnt/overlay/cq/gui/components/authoring/dialog/style/tab_edit/styletab"/>
                    <style
                        jcr:primaryType="nt:unstructured"
                        jcr:title="Style"
                        sling:resourceType="granite/ui/components/coral/foundation/fixedcolumns"
                        margin="{Boolean}true">
                        <items jcr:primaryType="nt:unstructured">
                            <columns
                                jcr:primaryType="nt:unstructured"
                                sling:resourceType="granite/ui/components/coral/foundation/container">
                                <items jcr:primaryType="nt:unstructured">
                                    <theme
                                        jcr:primaryType="nt:unstructured"
                                        sling:resourceType="granite/ui/components/coral/foundation/form/select"
                                        fieldLabel="Mode"
                                        name="./mode"
                                        required="{Boolean}false"
                                        value="beacon-on-light">
                                        <items jcr:primaryType="nt:unstructured">
                                            <none
                                                jcr:primaryType="nt:unstructured"
                                                text="None"
                                                value=""/>
                                            <lightGrey
                                                jcr:primaryType="nt:unstructured"
                                                text="Light"
                                                value="beacon-on-light"/>
                                            <white
                                                jcr:primaryType="nt:unstructured"
                                                text="Lighter"
                                                value="beacon-on-lighter"/>
                                            <darkBlue
                                                jcr:primaryType="nt:unstructured"
                                                text="Dark"
                                                value="beacon-on-dark"/>
                                            <midnightBlue
                                                jcr:primaryType="nt:unstructured"
                                                text="Darker"
                                                value="beacon-on-darker"/>
                                        </items>
                                    </theme>
                                    <spacing
                                        jcr:primaryType="nt:unstructured"
                                        sling:resourceType="granite/ui/components/coral/foundation/form/select"
                                        fieldLabel="Space around the container"
                                        fieldDescription="Changes the space around the container. For more understanding refer to storybook."
                                        name="./spacing"
                                        value=""
                                        required="{Boolean}false">
                                        <items jcr:primaryType="nt:unstructured">
                                            <none jcr:primaryType="nt:unstructured" text="None" value=""/>
                                            <mini jcr:primaryType="nt:unstructured" text="Mini" value="b-padding--micro--mini"/>
                                            <normal jcr:primaryType="nt:unstructured" text="Normal" value="b-padding--micro--normal"/>
                                            <jumbo jcr:primaryType="nt:unstructured" text="Jumbo" value="b-padding--micro--jumbo"/>
                                            <maxi jcr:primaryType="nt:unstructured" text="Maxi" value="b-padding--micro--maxi"/>
                                        </items>
                                    </spacing>
                                </items>
                            </columns>
                        </items>
                    </style>
                </items>
            </tabs>
        </items>
    </content>
</jcr:root>
