<?xml version="1.0" encoding="UTF-8"?>
<jcr:root xmlns:sling="http://sling.apache.org/jcr/sling/1.0" xmlns:cq="http://www.day.com/jcr/cq/1.0" xmlns:jcr="http://www.jcp.org/jcr/1.0" xmlns:nt="http://www.jcp.org/jcr/nt/1.0"
    jcr:primaryType="nt:unstructured"
    jcr:title="Bio-Card"
    helpPath="https://app.knapsack.cloud/site/troweprice/latest/pattern/bio-card?subPageId=overview"
    sling:resourceType="cq/gui/components/authoring/dialog">
    <content
        jcr:primaryType="nt:unstructured"
        sling:resourceType="granite/ui/components/coral/foundation/container">
        <items jcr:primaryType="nt:unstructured">
            <tabs
                jcr:primaryType="nt:unstructured"
                sling:resourceType="granite/ui/components/coral/foundation/tabs"
                maximized="{Boolean}false">
                <items jcr:primaryType="nt:unstructured"
                    sling:hideChildren="[asset,content,accessibility,link]">
                    <properties
                        jcr:primaryType="nt:unstructured"
                        jcr:title="Properties"
                        sling:resourceType="granite/ui/components/coral/foundation/container"
                        margin="{Boolean}true">
                        <items jcr:primaryType="nt:unstructured">
                            <columns
                                jcr:primaryType="nt:unstructured"
                                sling:resourceType="granite/ui/components/coral/foundation/fixedcolumns"
                                margin="{Boolean}true">
                                <items jcr:primaryType="nt:unstructured">
                                    <column
                                        jcr:primaryType="nt:unstructured"
                                        sling:resourceType="granite/ui/components/coral/foundation/container">
                                        <items jcr:primaryType="nt:unstructured">
                                            <id
                                                jcr:primaryType="nt:unstructured"
                                                sling:resourceType="granite/ui/components/coral/foundation/form/textfield"
                                                fieldLabel="ID"
                                                fieldDescription="ID in case to anchor the component"
                                                maxLength="{Long}15"
                                                name="./id"
                                                required="{Boolean}false"/>
                                            <footnote
                                                jcr:primaryType="nt:unstructured"
                                                sling:resourceType="granite/ui/components/coral/foundation/form/textfield"
                                                emptyText="Enter the footnote copy."
                                                fieldDescription="Footnotes are small notes or citations placed at Generally  bottom section of the component. They are used to provide additional information, explanations, or sources of information related to the main text"
                                                fieldLabel="Footnote"
                                                name="./footnote"
                                                required="{Boolean}false"/>
                                            <layout
                                                jcr:primaryType="nt:unstructured"
                                                sling:resourceType="granite/ui/components/coral/foundation/form/select"
                                                fieldDescription="Choose a layout type."
                                                fieldLabel="Layout"
                                                name="./layout">
                                                <items jcr:primaryType="nt:unstructured">
                                                    <wide
                                                        jcr:primaryType="nt:unstructured"
                                                        text="Wide"
                                                        value="wide"/>
                                                    <normal-width
                                                        jcr:primaryType="nt:unstructured"
                                                        text="Normal-Width"
                                                        value="normal-width"/>
                                                    <narrow
                                                        jcr:primaryType="nt:unstructured"
                                                        text="Narrow"
                                                        value="narrow"/>
                                                </items>
                                            </layout>
                                            <component-template
                                                jcr:primaryType="nt:unstructured"
                                                sling:resourceType="granite/ui/components/coral/foundation/form/select"
                                                fieldDescription="Choose a template type."
                                                fieldLabel="Template"
                                                name="./template">
                                                <items jcr:primaryType="nt:unstructured">
                                                    <standard
                                                        jcr:primaryType="nt:unstructured"
                                                        text="Standard"
                                                        value="standard"/>
                                                    <hero
                                                        jcr:primaryType="nt:unstructured"
                                                        text="Hero"
                                                        value="hero"/>
                                                </items>
                                            </component-template>
                                            <hero-position
                                                jcr:primaryType="nt:unstructured"
                                                sling:resourceType="granite/ui/components/coral/foundation/form/select"
                                                fieldDescription="Choose a position if authoring a Hero Bio-Card"
                                                fieldLabel="Hero Position"
                                                name="./heroPosition">
                                                <items jcr:primaryType="nt:unstructured">
                                                    <left
                                                        jcr:primaryType="nt:unstructured"
                                                        text="Left"
                                                        value="left"/>
                                                    <right
                                                        jcr:primaryType="nt:unstructured"
                                                        text="Right"
                                                        value="right"/>
                                                </items>
                                            </hero-position>
                                        </items>
                                    </column>
                                </items>
                            </columns>
                        </items>
                    </properties>
                </items>
            </tabs>
        </items>
    </content>
</jcr:root>
