<?xml version="1.0" encoding="UTF-8"?>
<jcr:root xmlns:cq="http://www.day.com/jcr/cq/1.0" xmlns:jcr="http://www.jcp.org/jcr/1.0" xmlns:rep="internal"
    jcr:mixinTypes="[rep:AccessControllable]"
    jcr:primaryType="cq:Page">
    <rep:policy/>
    <config/>
    <foundation-3-6/>
    <foundation-3-8/>
    <foundation-4-0/>
    <foundation-3-9/>
    <foundation-3-10/>
    <foundation-4-1/>
    <foundation-4-3/>
    <foundation-4-2/>
    <foundation-4-4/>
    <jcr:content/>
    <global/>
</jcr:root>
