<?xml version="1.0" encoding="UTF-8"?>
<jcr:root xmlns:sling="http://sling.apache.org/jcr/sling/1.0" xmlns:cq="http://www.day.com/jcr/cq/1.0" xmlns:jcr="http://www.jcp.org/jcr/1.0" xmlns:nt="http://www.jcp.org/jcr/nt/1.0"
    jcr:primaryType="nt:unstructured"
    jcr:title="Button V2"
    helpPath="https://app.knapsack.cloud/site/troweprice/latest/pattern/standard-button?subPageId=kZE3JUxEYx"
    sling:resourceType="cq/gui/components/authoring/dialog">
    <content jcr:primaryType="nt:unstructured"
            sling:resourceType="granite/ui/components/coral/foundation/container">
        <items jcr:primaryType="nt:unstructured">
            <tabs jcr:primaryType="nt:unstructured"
                    sling:resourceType="granite/ui/components/coral/foundation/tabs"
                    maximized="{Boolean}false">
                <items jcr:primaryType="nt:unstructured">
                    <properties
                        jcr:primaryType="nt:unstructured"
                        jcr:title="Properties"
                        sling:resourceType="granite/ui/components/coral/foundation/container">
                        <items jcr:primaryType="nt:unstructured">
                            <columns
                                jcr:primaryType="nt:unstructured"
                                sling:resourceType="granite/ui/components/coral/foundation/container">
                                <items jcr:primaryType="nt:unstructured">
                                    <column
                                        jcr:primaryType="nt:unstructured"
                                        sling:resourceType="granite/ui/components/coral/foundation/container">
                                        <items jcr:primaryType="nt:unstructured">
                                            <gatedButton
                                                jcr:primaryType="nt:unstructured"
                                                sling:resourceType="granite/ui/components/coral/foundation/form/checkbox"
                                                fieldLabel="Gated Button"
                                                fieldDescription="Check for enabling gated button functionality"
                                                name="./gatedButton"
                                                text="Gated Button"
                                                value="{Boolean}true"
                                                uncheckedValue="{Boolean}false" />
                                        </items>
                                    </column>
                                </items>
                            </columns>
                        </items>
                    </properties>
                    <content
                            jcr:primaryType="nt:unstructured"
                            jcr:title="Content"
                            sling:resourceType="granite/ui/components/coral/foundation/container">
                        <items jcr:primaryType="nt:unstructured">
                            <columns
                                    jcr:primaryType="nt:unstructured"
                                    sling:resourceType="granite/ui/components/coral/foundation/container">
                                <items jcr:primaryType="nt:unstructured">
                                    <column
                                            jcr:primaryType="nt:unstructured"
                                            sling:resourceType="granite/ui/components/coral/foundation/container">
                                        <items jcr:primaryType="nt:unstructured">
                                            <customAttributes
                                               jcr:primaryType="nt:unstructured"
                                               sling:resourceType="granite/ui/components/coral/foundation/form/multifield"
                                               fieldLabel="Custom Attributes"
                                               fieldDescription="Custom attributes as key Value pairs"
                                               composite="{Boolean}true"
                                               required="{Boolean}false">
                                               <field
                                                   jcr:primaryType="nt:unstructured"
                                                   sling:resourceType="granite/ui/components/coral/foundation/container"
                                                   name="./customAttributes">
                                                   <items jcr:primaryType="nt:unstructured">
                                                       <column
                                                           jcr:primaryType="nt:unstructured"
                                                           sling:resourceType="granite/ui/components/coral/foundation/container">
                                                           <items jcr:primaryType="nt:unstructured">
                                                               <key
                                                                  jcr:primaryType="nt:unstructured"
                                                                  sling:resourceType="granite/ui/components/coral/foundation/form/textfield"
                                                                  fieldLabel="Key"
                                                                  maxLength="{Long}50"
                                                                  name="./key"
                                                                  required="{Boolean}false"/>
                                                               <value
                                                                  jcr:primaryType="nt:unstructured"
                                                                  sling:resourceType="granite/ui/components/coral/foundation/form/textfield"
                                                                  fieldLabel="Value"
                                                                  maxLength="{Long}50"
                                                                  name="./value"
                                                                  required="{Boolean}false"/>
                                                           </items>
                                                       </column>
                                                   </items>
                                               </field>
                                            </customAttributes>
                                        </items>
                                    </column>
                                </items>
                            </columns>
                        </items>
                    </content>
                </items>
            </tabs>
        </items>
    </content>
</jcr:root>
