<?xml version="1.0" encoding="UTF-8"?>
<jcr:root xmlns:sling="http://sling.apache.org/jcr/sling/1.0" xmlns:cq="http://www.day.com/jcr/cq/1.0" xmlns:jcr="http://www.jcp.org/jcr/1.0" xmlns:rep="internal"
    jcr:mixinTypes="[rep:AccessControllable]"
    jcr:primaryType="sling:OrderedFolder">
    <rep:policy/>
    <dam/>
    <campaigns/>
    <projects/>
    <experience-fragments/>
    <cq:tags/>
    <usergenerated/>
    <launches/>
    <communities/>
    <sites/>
    <forms/>
    <catalogs/>
    <screens/>
    <community/>
    <trp-ecl/>
    <pcs/>
    <product-content-library/>
    <tpd/>
    <institutional/>
    <ide/>
    <iid/>
    <cq:graphql/>
    <trp-core/>
    <trp-ref/>
    <trp-library/>
    <websites/>
    <test-site/>
    <fai/>
    <gdx/>
    <xfaforms/>
    <apps/>
    <flamingo/>
    <iinvestor/>
    <report/>
</jcr:root>
