<?xml version="1.0" encoding="UTF-8"?>
<jcr:root xmlns:sling="http://sling.apache.org/jcr/sling/1.0" xmlns:cq="http://www.day.com/jcr/cq/1.0"
          xmlns:jcr="http://www.jcp.org/jcr/1.0" xmlns:nt="http://www.jcp.org/jcr/nt/1.0" xmlns:granite="http://www.adobe.com/jcr/granite/1.0"
          jcr:primaryType="nt:unstructured"
          jcr:title="Promo Tile"
          helpPath="https://app.knapsack.cloud/site/troweprice/latest/pattern/promo-tile?subPageId=FK-a9is1rF"
          sling:resourceType="cq/gui/components/authoring/dialog"
          extraClientlibs="[compose.promo-tile.v1.editor,acs-commons.widgets.showhidedialogfields]">
    <content
            granite:class="promo-tile-tabs"
            jcr:primaryType="nt:unstructured"
            sling:resourceType="granite/ui/components/coral/foundation/container">
        <items jcr:primaryType="nt:unstructured">
            <tabs
                    jcr:primaryType="nt:unstructured"
                    sling:resourceType="granite/ui/components/coral/foundation/tabs"
                    maximized="{Boolean}false">
                <items jcr:primaryType="nt:unstructured">
                    <customProperties
                            granite:class="aem-compose-custom-tab"
                            jcr:primaryType="nt:unstructured"
                            jcr:title="Promo Reference"
                            sling:resourceType="granite/ui/components/coral/foundation/fixedcolumns">
                        <items jcr:primaryType="nt:unstructured">
                            <column
                                    jcr:primaryType="nt:unstructured"
                                    sling:resourceType="granite/ui/components/foundation/container">
                                <items jcr:primaryType="nt:unstructured">
                                    <fragmentPath
                                            jcr:primaryType="nt:unstructured"
                                            sling:resourceType="dam/cfm/components/cfpicker"
                                            emptyText="Enter or select Content Fragment"
                                            fieldDescription="Path to the Content Fragment to display."
                                            fieldLabel="Content Fragment"
                                            name="./fragmentPath"
                                            pickerTitle="Select Content Fragment"
                                            rootPath="/content/dam"
                                            droppable="{Boolean}true" />
                                    <variationName
                                            jcr:primaryType="nt:unstructured"
                                            sling:resourceType="granite/ui/components/coral/foundation/form/select"
                                            fieldDescription="Specify which variation to display"
                                            sling:orderBefore="displayMode"
                                            fieldLabel="Variation"
                                            name="./variationName">
                                        <datasource
                                                jcr:primaryType="nt:unstructured"
                                                sling:resourceType="core/wcm/components/contentfragment/v1/datasource/variations"
                                                componentPath="${requestPathInfo.suffix}"
                                                fragmentPath="${param.fragmentPath}" />
                                        <granite:data
                                                jcr:primaryType="nt:unstructured"
                                                field-path="${requestPathInfo.resourcePath}" />
                                    </variationName>
                                    <overrideResource
                                            jcr:primaryType="nt:unstructured"
                                            sling:resourceType="granite/ui/components/coral/foundation/form/switch"
                                            fieldLabel="Override Content Fragment"
                                            fieldDescription="Switch on to manually add Hero details instead of Content Fragment"
                                            name="./overrideResource"
                                            checked="{Boolean}true"/>
                                </items>
                            </column>
                        </items>
                    </customProperties>
                    <properties
                            jcr:primaryType="nt:unstructured"
                            jcr:title="Properties"
                            sling:resourceType="granite/ui/components/coral/foundation/container"
                            margin="{Boolean}true">
                        <items jcr:primaryType="nt:unstructured">
                            <columns
                                    jcr:primaryType="nt:unstructured"
                                    sling:resourceType="granite/ui/components/coral/foundation/fixedcolumns"
                                    margin="{Boolean}true">
                                <items jcr:primaryType="nt:unstructured">
                                    <column
                                            jcr:primaryType="nt:unstructured"
                                            sling:resourceType="granite/ui/components/coral/foundation/container">
                                        <items jcr:primaryType="nt:unstructured">
                                            <position
                                                    jcr:primaryType="nt:unstructured"
                                                    sling:resourceType="granite/ui/components/coral/foundation/form/select"
                                                    fieldLabel="Position"
                                                    fieldDescription="Basic styles that orient the Content Zone in relation to the Media Zone that are configured based on position property setting"
                                                    name="./position"
                                                    value="vertical"
                                                    required="{Boolean}false">
                                                <items jcr:primaryType="nt:unstructured">
                                                    <vertical jcr:primaryType="nt:unstructured" text="Vertical"
                                                              value="vertical"/>
                                                    <horizontal-left jcr:primaryType="nt:unstructured"
                                                                     text="Horizontal Left"
                                                                     value="horizontal-left"/>
                                                    <horizontal-right jcr:primaryType="nt:unstructured"
                                                                      text="Horizontal Right"
                                                                      value="horizontal-right"/>
                                                </items>
                                            </position>
                                            <resizeToContent
                                                    jcr:primaryType="nt:unstructured"
                                                    sling:resourceType="granite/ui/components/coral/foundation/form/select"
                                                    fieldLabel="Resize to content for Horizontal Variations (available with Foundation 3.9.0+)"
                                                    fieldDescription="Applicable to large screen size and above. ON means promo tile is slimmer and fitting to content. OFF means it is sizing to the set image size."
                                                    name="./resizeToContent"
                                                    value="image"
                                                    required="{Boolean}false">
                                                <items jcr:primaryType="nt:unstructured">
                                                    <image jcr:primaryType="nt:unstructured" text="Image"  value="image"/>
                                                    <content jcr:primaryType="nt:unstructured" text="Content" value="content"/>
                                                </items>
                                            </resizeToContent>
                                            <mediaTemplate
                                                    jcr:primaryType="nt:unstructured"
                                                    sling:resourceType="granite/ui/components/coral/foundation/form/select"
                                                    fieldLabel="Media Template"
                                                    name="./mediaTemplate"
                                                    value="standard"
                                                    granite:class="cq-dialog-dropdown-showhide"
                                                    cq-dialog-dropdown-showhide-target=".promoTemplate-showhide-target"
                                                    required="{Boolean}false">
                                                <items jcr:primaryType="nt:unstructured">
                                                    <standard jcr:primaryType="nt:unstructured" text="Standard"
                                                              value="standard"/>
                                                    <full-bleed jcr:primaryType="nt:unstructured" text="Full Bleed"
                                                                value="full-bleed"/>
                                                </items>
                                                <granite:data
                                                        jcr:primaryType="nt:unstructured"
                                                        cq-dialog-dropdown-showhide-target=".promoTemplate-showhide-target"/>
                                            </mediaTemplate>
                                            <layoutContainer
                                                    jcr:primaryType="nt:unstructured"
                                                    sling:resourceType="granite/ui/components/foundation/container"
                                                    granite:class="hide promoTemplate-showhide-target">
                                                <items jcr:primaryType="nt:unstructured">
                                                    <layout
                                                            jcr:primaryType="nt:unstructured"
                                                            sling:resourceType="granite/ui/components/coral/foundation/form/select"
                                                            fieldLabel="Layout"
                                                            name="./layout"
                                                            value="standard"
                                                            required="{Boolean}false">
                                                        <items jcr:primaryType="nt:unstructured">
                                                            <standard jcr:primaryType="nt:unstructured" text="Standard"
                                                                      value="standard"/>
                                                            <wide jcr:primaryType="nt:unstructured" text="Wide" value="wide"/>
                                                        </items>
                                                    </layout>
                                                </items>
                                                <granite:data
                                                        jcr:primaryType="nt:unstructured"
                                                        showhidetargetvalue="standard"/>
                                            </layoutContainer>
                                            <scaleContainer
                                                    jcr:primaryType="nt:unstructured"
                                                    sling:resourceType="granite/ui/components/foundation/container"
                                                    granite:class="hide promoTemplate-showhide-target">
                                                <items jcr:primaryType="nt:unstructured">
                                                    <scale
                                                            jcr:primaryType="nt:unstructured"
                                                            sling:resourceType="granite/ui/components/coral/foundation/form/select"
                                                            fieldLabel="Scale"
                                                            name="./scale"
                                                            value="normal"
                                                            required="{Boolean}false">
                                                        <items jcr:primaryType="nt:unstructured">
                                                            <normal jcr:primaryType="nt:unstructured" text="Normal"
                                                                    value="normal"/>
                                                            <jumbo jcr:primaryType="nt:unstructured" text="Jumbo"
                                                                   value="jumbo"/>
                                                        </items>
                                                    </scale>
                                                </items>
                                                <granite:data
                                                        jcr:primaryType="nt:unstructured"
                                                        showhidetargetvalue="full-bleed"/>
                                            </scaleContainer>
                                            <variant
                                                    jcr:primaryType="nt:unstructured"
                                                    sling:resourceType="granite/ui/components/coral/foundation/form/select"
                                                    fieldLabel="Variant (Available with Foundation 4.6.0+)"
                                                    name="./variant"
                                                    value="hero"
                                                    required="{Boolean}false">
                                                <items jcr:primaryType="nt:unstructured">
                                                    <default jcr:primaryType="nt:unstructured" text="Hero" value="hero"/>
                                                    <inverse jcr:primaryType="nt:unstructured" text="Utility" value="utility"/>
                                                </items>
                                            </variant>
                                        </items>
                                    </column>
                                </items>
                            </columns>
                        </items>
                    </properties>
                    <content jcr:primaryType="nt:unstructured">
                        <items jcr:primaryType="nt:unstructured">
                            <columns jcr:primaryType="nt:unstructured">
                                <items jcr:primaryType="nt:unstructured"
                                       sling:hideChildren="[footnote]">
                                    <titleContainer jcr:primaryType="nt:unstructured">
                                        <items jcr:primaryType="nt:unstructured">
                                            <title jcr:primaryType="nt:unstructured"/>
                                            <titleTag jcr:primaryType="nt:unstructured">
                                                <items jcr:primaryType="nt:unstructured"
                                                       sling:hideChildren="[headerFour,headerFive,headerSix]"/>
                                            </titleTag>
                                        </items>
                                    </titleContainer>
                                </items>
                            </columns>
                        </items>
                    </content>
                </items>
            </tabs>
        </items>
    </content>
</jcr:root>
